2026-07-25 16:58:30,478 [INFO] pipeline: Pipeline starting (dry_run=False, stages=['image', 'qc', 'publish'])
2026-07-25 16:58:30,478 [INFO] pipeline: [post_1d9e90e6] Stage 1: Image generation
2026-07-25 16:58:30,478 [INFO] pipeline.image_stage: Image stage: seed=1436229515 scene=sitting at a London café near the window, morning light stre
2026-07-25 16:58:30,498 [ERROR] pipeline: [post_1d9e90e6] Image stage failed: No credentials found. Set FAL_KEY (or FAL_KEY_ID/FAL_KEY_SECRET) or login via `fal auth login`.
2026-07-25 16:58:45,506 [INFO] pipeline: Pipeline starting (dry_run=False, stages=['image', 'qc', 'publish'])
2026-07-25 16:58:45,506 [INFO] pipeline: [post_16f7063b] Stage 1: Image generation
2026-07-25 16:58:45,506 [INFO] pipeline.image_stage: Image stage: seed=918877481 scene=sitting at a London café near the window, morning light stre
2026-07-25 16:58:46,128 [INFO] httpx: HTTP Request: POST https://queue.fal.run/rundiffusion-fal/juggernaut-flux-lora "HTTP/1.1 200 OK"
2026-07-25 16:58:46,244 [INFO] httpx: HTTP Request: GET https://queue.fal.run/rundiffusion-fal/juggernaut-flux-lora/requests/019f99ff-f120-7cd1-b945-938fb79482d6/status?logs=false "HTTP/1.1 202 Accepted"
2026-07-25 16:58:46,604 [INFO] httpx: HTTP Request: GET https://queue.fal.run/rundiffusion-fal/juggernaut-flux-lora/requests/019f99ff-f120-7cd1-b945-938fb79482d6/status?logs=false "HTTP/1.1 202 Accepted"
2026-07-25 16:58:46,966 [INFO] httpx: HTTP Request: GET https://queue.fal.run/rundiffusion-fal/juggernaut-flux-lora/requests/019f99ff-f120-7cd1-b945-938fb79482d6/status?logs=false "HTTP/1.1 202 Accepted"
2026-07-25 16:58:47,335 [INFO] httpx: HTTP Request: GET https://queue.fal.run/rundiffusion-fal/juggernaut-flux-lora/requests/019f99ff-f120-7cd1-b945-938fb79482d6/status?logs=false "HTTP/1.1 202 Accepted"
2026-07-25 16:58:47,699 [INFO] httpx: HTTP Request: GET https://queue.fal.run/rundiffusion-fal/juggernaut-flux-lora/requests/019f99ff-f120-7cd1-b945-938fb79482d6/status?logs=false "HTTP/1.1 202 Accepted"
2026-07-25 16:58:48,060 [INFO] httpx: HTTP Request: GET https://queue.fal.run/rundiffusion-fal/juggernaut-flux-lora/requests/019f99ff-f120-7cd1-b945-938fb79482d6/status?logs=false "HTTP/1.1 202 Accepted"
2026-07-25 16:58:48,419 [INFO] httpx: HTTP Request: GET https://queue.fal.run/rundiffusion-fal/juggernaut-flux-lora/requests/019f99ff-f120-7cd1-b945-938fb79482d6/status?logs=false "HTTP/1.1 202 Accepted"
2026-07-25 16:58:48,780 [INFO] httpx: HTTP Request: GET https://queue.fal.run/rundiffusion-fal/juggernaut-flux-lora/requests/019f99ff-f120-7cd1-b945-938fb79482d6/status?logs=false "HTTP/1.1 202 Accepted"
2026-07-25 16:58:49,133 [INFO] httpx: HTTP Request: GET https://queue.fal.run/rundiffusion-fal/juggernaut-flux-lora/requests/019f99ff-f120-7cd1-b945-938fb79482d6/status?logs=false "HTTP/1.1 202 Accepted"
2026-07-25 16:58:49,482 [INFO] httpx: HTTP Request: GET https://queue.fal.run/rundiffusion-fal/juggernaut-flux-lora/requests/019f99ff-f120-7cd1-b945-938fb79482d6/status?logs=false "HTTP/1.1 202 Accepted"
2026-07-25 16:58:49,845 [INFO] httpx: HTTP Request: GET https://queue.fal.run/rundiffusion-fal/juggernaut-flux-lora/requests/019f99ff-f120-7cd1-b945-938fb79482d6/status?logs=false "HTTP/1.1 202 Accepted"
2026-07-25 16:58:50,182 [INFO] httpx: HTTP Request: GET https://queue.fal.run/rundiffusion-fal/juggernaut-flux-lora/requests/019f99ff-f120-7cd1-b945-938fb79482d6/status?logs=false "HTTP/1.1 202 Accepted"
2026-07-25 16:58:50,542 [INFO] httpx: HTTP Request: GET https://queue.fal.run/rundiffusion-fal/juggernaut-flux-lora/requests/019f99ff-f120-7cd1-b945-938fb79482d6/status?logs=false "HTTP/1.1 202 Accepted"
2026-07-25 16:58:50,905 [INFO] httpx: HTTP Request: GET https://queue.fal.run/rundiffusion-fal/juggernaut-flux-lora/requests/019f99ff-f120-7cd1-b945-938fb79482d6/status?logs=false "HTTP/1.1 202 Accepted"
2026-07-25 16:58:51,263 [INFO] httpx: HTTP Request: GET https://queue.fal.run/rundiffusion-fal/juggernaut-flux-lora/requests/019f99ff-f120-7cd1-b945-938fb79482d6/status?logs=false "HTTP/1.1 202 Accepted"
2026-07-25 16:58:51,629 [INFO] httpx: HTTP Request: GET https://queue.fal.run/rundiffusion-fal/juggernaut-flux-lora/requests/019f99ff-f120-7cd1-b945-938fb79482d6/status?logs=false "HTTP/1.1 202 Accepted"
2026-07-25 16:58:52,005 [INFO] httpx: HTTP Request: GET https://queue.fal.run/rundiffusion-fal/juggernaut-flux-lora/requests/019f99ff-f120-7cd1-b945-938fb79482d6/status?logs=false "HTTP/1.1 202 Accepted"
2026-07-25 16:58:52,359 [INFO] httpx: HTTP Request: GET https://queue.fal.run/rundiffusion-fal/juggernaut-flux-lora/requests/019f99ff-f120-7cd1-b945-938fb79482d6/status?logs=false "HTTP/1.1 202 Accepted"
2026-07-25 16:58:52,718 [INFO] httpx: HTTP Request: GET https://queue.fal.run/rundiffusion-fal/juggernaut-flux-lora/requests/019f99ff-f120-7cd1-b945-938fb79482d6/status?logs=false "HTTP/1.1 202 Accepted"
2026-07-25 16:58:53,081 [INFO] httpx: HTTP Request: GET https://queue.fal.run/rundiffusion-fal/juggernaut-flux-lora/requests/019f99ff-f120-7cd1-b945-938fb79482d6/status?logs=false "HTTP/1.1 202 Accepted"
2026-07-25 16:58:53,431 [INFO] httpx: HTTP Request: GET https://queue.fal.run/rundiffusion-fal/juggernaut-flux-lora/requests/019f99ff-f120-7cd1-b945-938fb79482d6/status?logs=false "HTTP/1.1 202 Accepted"
2026-07-25 16:58:53,782 [INFO] httpx: HTTP Request: GET https://queue.fal.run/rundiffusion-fal/juggernaut-flux-lora/requests/019f99ff-f120-7cd1-b945-938fb79482d6/status?logs=false "HTTP/1.1 202 Accepted"
2026-07-25 16:58:54,142 [INFO] httpx: HTTP Request: GET https://queue.fal.run/rundiffusion-fal/juggernaut-flux-lora/requests/019f99ff-f120-7cd1-b945-938fb79482d6/status?logs=false "HTTP/1.1 202 Accepted"
2026-07-25 16:58:54,499 [INFO] httpx: HTTP Request: GET https://queue.fal.run/rundiffusion-fal/juggernaut-flux-lora/requests/019f99ff-f120-7cd1-b945-938fb79482d6/status?logs=false "HTTP/1.1 202 Accepted"
2026-07-25 16:58:54,863 [INFO] httpx: HTTP Request: GET https://queue.fal.run/rundiffusion-fal/juggernaut-flux-lora/requests/019f99ff-f120-7cd1-b945-938fb79482d6/status?logs=false "HTTP/1.1 202 Accepted"
2026-07-25 16:58:55,217 [INFO] httpx: HTTP Request: GET https://queue.fal.run/rundiffusion-fal/juggernaut-flux-lora/requests/019f99ff-f120-7cd1-b945-938fb79482d6/status?logs=false "HTTP/1.1 202 Accepted"
2026-07-25 16:58:55,573 [INFO] httpx: HTTP Request: GET https://queue.fal.run/rundiffusion-fal/juggernaut-flux-lora/requests/019f99ff-f120-7cd1-b945-938fb79482d6/status?logs=false "HTTP/1.1 202 Accepted"
2026-07-25 16:58:55,938 [INFO] httpx: HTTP Request: GET https://queue.fal.run/rundiffusion-fal/juggernaut-flux-lora/requests/019f99ff-f120-7cd1-b945-938fb79482d6/status?logs=false "HTTP/1.1 202 Accepted"
2026-07-25 16:58:56,297 [INFO] httpx: HTTP Request: GET https://queue.fal.run/rundiffusion-fal/juggernaut-flux-lora/requests/019f99ff-f120-7cd1-b945-938fb79482d6/status?logs=false "HTTP/1.1 202 Accepted"
2026-07-25 16:58:56,662 [INFO] httpx: HTTP Request: GET https://queue.fal.run/rundiffusion-fal/juggernaut-flux-lora/requests/019f99ff-f120-7cd1-b945-938fb79482d6/status?logs=false "HTTP/1.1 202 Accepted"
2026-07-25 16:58:57,022 [INFO] httpx: HTTP Request: GET https://queue.fal.run/rundiffusion-fal/juggernaut-flux-lora/requests/019f99ff-f120-7cd1-b945-938fb79482d6/status?logs=false "HTTP/1.1 202 Accepted"
2026-07-25 16:58:57,391 [INFO] httpx: HTTP Request: GET https://queue.fal.run/rundiffusion-fal/juggernaut-flux-lora/requests/019f99ff-f120-7cd1-b945-938fb79482d6/status?logs=false "HTTP/1.1 202 Accepted"
2026-07-25 16:58:57,753 [INFO] httpx: HTTP Request: GET https://queue.fal.run/rundiffusion-fal/juggernaut-flux-lora/requests/019f99ff-f120-7cd1-b945-938fb79482d6/status?logs=false "HTTP/1.1 202 Accepted"
2026-07-25 16:58:58,118 [INFO] httpx: HTTP Request: GET https://queue.fal.run/rundiffusion-fal/juggernaut-flux-lora/requests/019f99ff-f120-7cd1-b945-938fb79482d6/status?logs=false "HTTP/1.1 202 Accepted"
2026-07-25 16:58:58,482 [INFO] httpx: HTTP Request: GET https://queue.fal.run/rundiffusion-fal/juggernaut-flux-lora/requests/019f99ff-f120-7cd1-b945-938fb79482d6/status?logs=false "HTTP/1.1 202 Accepted"
2026-07-25 16:58:58,842 [INFO] httpx: HTTP Request: GET https://queue.fal.run/rundiffusion-fal/juggernaut-flux-lora/requests/019f99ff-f120-7cd1-b945-938fb79482d6/status?logs=false "HTTP/1.1 202 Accepted"
2026-07-25 16:58:59,195 [INFO] httpx: HTTP Request: GET https://queue.fal.run/rundiffusion-fal/juggernaut-flux-lora/requests/019f99ff-f120-7cd1-b945-938fb79482d6/status?logs=false "HTTP/1.1 202 Accepted"
2026-07-25 16:58:59,544 [INFO] httpx: HTTP Request: GET https://queue.fal.run/rundiffusion-fal/juggernaut-flux-lora/requests/019f99ff-f120-7cd1-b945-938fb79482d6/status?logs=false "HTTP/1.1 202 Accepted"
2026-07-25 16:58:59,909 [INFO] httpx: HTTP Request: GET https://queue.fal.run/rundiffusion-fal/juggernaut-flux-lora/requests/019f99ff-f120-7cd1-b945-938fb79482d6/status?logs=false "HTTP/1.1 202 Accepted"
2026-07-25 16:59:00,272 [INFO] httpx: HTTP Request: GET https://queue.fal.run/rundiffusion-fal/juggernaut-flux-lora/requests/019f99ff-f120-7cd1-b945-938fb79482d6/status?logs=false "HTTP/1.1 202 Accepted"
2026-07-25 16:59:00,630 [INFO] httpx: HTTP Request: GET https://queue.fal.run/rundiffusion-fal/juggernaut-flux-lora/requests/019f99ff-f120-7cd1-b945-938fb79482d6/status?logs=false "HTTP/1.1 202 Accepted"
2026-07-25 16:59:00,983 [INFO] httpx: HTTP Request: GET https://queue.fal.run/rundiffusion-fal/juggernaut-flux-lora/requests/019f99ff-f120-7cd1-b945-938fb79482d6/status?logs=false "HTTP/1.1 202 Accepted"
2026-07-25 16:59:01,343 [INFO] httpx: HTTP Request: GET https://queue.fal.run/rundiffusion-fal/juggernaut-flux-lora/requests/019f99ff-f120-7cd1-b945-938fb79482d6/status?logs=false "HTTP/1.1 202 Accepted"
2026-07-25 16:59:01,705 [INFO] httpx: HTTP Request: GET https://queue.fal.run/rundiffusion-fal/juggernaut-flux-lora/requests/019f99ff-f120-7cd1-b945-938fb79482d6/status?logs=false "HTTP/1.1 202 Accepted"
2026-07-25 16:59:02,067 [INFO] httpx: HTTP Request: GET https://queue.fal.run/rundiffusion-fal/juggernaut-flux-lora/requests/019f99ff-f120-7cd1-b945-938fb79482d6/status?logs=false "HTTP/1.1 202 Accepted"
2026-07-25 16:59:02,424 [INFO] httpx: HTTP Request: GET https://queue.fal.run/rundiffusion-fal/juggernaut-flux-lora/requests/019f99ff-f120-7cd1-b945-938fb79482d6/status?logs=false "HTTP/1.1 202 Accepted"
2026-07-25 16:59:02,783 [INFO] httpx: HTTP Request: GET https://queue.fal.run/rundiffusion-fal/juggernaut-flux-lora/requests/019f99ff-f120-7cd1-b945-938fb79482d6/status?logs=false "HTTP/1.1 202 Accepted"
2026-07-25 16:59:03,145 [INFO] httpx: HTTP Request: GET https://queue.fal.run/rundiffusion-fal/juggernaut-flux-lora/requests/019f99ff-f120-7cd1-b945-938fb79482d6/status?logs=false "HTTP/1.1 202 Accepted"
2026-07-25 16:59:03,507 [INFO] httpx: HTTP Request: GET https://queue.fal.run/rundiffusion-fal/juggernaut-flux-lora/requests/019f99ff-f120-7cd1-b945-938fb79482d6/status?logs=false "HTTP/1.1 202 Accepted"
2026-07-25 16:59:03,881 [INFO] httpx: HTTP Request: GET https://queue.fal.run/rundiffusion-fal/juggernaut-flux-lora/requests/019f99ff-f120-7cd1-b945-938fb79482d6/status?logs=false "HTTP/1.1 202 Accepted"
2026-07-25 16:59:04,246 [INFO] httpx: HTTP Request: GET https://queue.fal.run/rundiffusion-fal/juggernaut-flux-lora/requests/019f99ff-f120-7cd1-b945-938fb79482d6/status?logs=false "HTTP/1.1 202 Accepted"
2026-07-25 16:59:04,601 [INFO] httpx: HTTP Request: GET https://queue.fal.run/rundiffusion-fal/juggernaut-flux-lora/requests/019f99ff-f120-7cd1-b945-938fb79482d6/status?logs=false "HTTP/1.1 202 Accepted"
2026-07-25 16:59:04,954 [INFO] httpx: HTTP Request: GET https://queue.fal.run/rundiffusion-fal/juggernaut-flux-lora/requests/019f99ff-f120-7cd1-b945-938fb79482d6/status?logs=false "HTTP/1.1 202 Accepted"
2026-07-25 16:59:05,315 [INFO] httpx: HTTP Request: GET https://queue.fal.run/rundiffusion-fal/juggernaut-flux-lora/requests/019f99ff-f120-7cd1-b945-938fb79482d6/status?logs=false "HTTP/1.1 202 Accepted"
2026-07-25 16:59:05,662 [INFO] httpx: HTTP Request: GET https://queue.fal.run/rundiffusion-fal/juggernaut-flux-lora/requests/019f99ff-f120-7cd1-b945-938fb79482d6/status?logs=false "HTTP/1.1 202 Accepted"
2026-07-25 16:59:06,026 [INFO] httpx: HTTP Request: GET https://queue.fal.run/rundiffusion-fal/juggernaut-flux-lora/requests/019f99ff-f120-7cd1-b945-938fb79482d6/status?logs=false "HTTP/1.1 202 Accepted"
2026-07-25 16:59:06,394 [INFO] httpx: HTTP Request: GET https://queue.fal.run/rundiffusion-fal/juggernaut-flux-lora/requests/019f99ff-f120-7cd1-b945-938fb79482d6/status?logs=false "HTTP/1.1 202 Accepted"
2026-07-25 16:59:06,754 [INFO] httpx: HTTP Request: GET https://queue.fal.run/rundiffusion-fal/juggernaut-flux-lora/requests/019f99ff-f120-7cd1-b945-938fb79482d6/status?logs=false "HTTP/1.1 202 Accepted"
2026-07-25 16:59:07,117 [INFO] httpx: HTTP Request: GET https://queue.fal.run/rundiffusion-fal/juggernaut-flux-lora/requests/019f99ff-f120-7cd1-b945-938fb79482d6/status?logs=false "HTTP/1.1 202 Accepted"
2026-07-25 16:59:07,482 [INFO] httpx: HTTP Request: GET https://queue.fal.run/rundiffusion-fal/juggernaut-flux-lora/requests/019f99ff-f120-7cd1-b945-938fb79482d6/status?logs=false "HTTP/1.1 202 Accepted"
2026-07-25 16:59:07,836 [INFO] httpx: HTTP Request: GET https://queue.fal.run/rundiffusion-fal/juggernaut-flux-lora/requests/019f99ff-f120-7cd1-b945-938fb79482d6/status?logs=false "HTTP/1.1 202 Accepted"
2026-07-25 16:59:08,200 [INFO] httpx: HTTP Request: GET https://queue.fal.run/rundiffusion-fal/juggernaut-flux-lora/requests/019f99ff-f120-7cd1-b945-938fb79482d6/status?logs=false "HTTP/1.1 202 Accepted"
2026-07-25 16:59:08,550 [INFO] httpx: HTTP Request: GET https://queue.fal.run/rundiffusion-fal/juggernaut-flux-lora/requests/019f99ff-f120-7cd1-b945-938fb79482d6/status?logs=false "HTTP/1.1 202 Accepted"
2026-07-25 16:59:08,908 [INFO] httpx: HTTP Request: GET https://queue.fal.run/rundiffusion-fal/juggernaut-flux-lora/requests/019f99ff-f120-7cd1-b945-938fb79482d6/status?logs=false "HTTP/1.1 202 Accepted"
2026-07-25 16:59:09,266 [INFO] httpx: HTTP Request: GET https://queue.fal.run/rundiffusion-fal/juggernaut-flux-lora/requests/019f99ff-f120-7cd1-b945-938fb79482d6/status?logs=false "HTTP/1.1 202 Accepted"
2026-07-25 16:59:09,627 [INFO] httpx: HTTP Request: GET https://queue.fal.run/rundiffusion-fal/juggernaut-flux-lora/requests/019f99ff-f120-7cd1-b945-938fb79482d6/status?logs=false "HTTP/1.1 202 Accepted"
2026-07-25 16:59:09,990 [INFO] httpx: HTTP Request: GET https://queue.fal.run/rundiffusion-fal/juggernaut-flux-lora/requests/019f99ff-f120-7cd1-b945-938fb79482d6/status?logs=false "HTTP/1.1 202 Accepted"
2026-07-25 16:59:10,355 [INFO] httpx: HTTP Request: GET https://queue.fal.run/rundiffusion-fal/juggernaut-flux-lora/requests/019f99ff-f120-7cd1-b945-938fb79482d6/status?logs=false "HTTP/1.1 202 Accepted"
2026-07-25 16:59:10,717 [INFO] httpx: HTTP Request: GET https://queue.fal.run/rundiffusion-fal/juggernaut-flux-lora/requests/019f99ff-f120-7cd1-b945-938fb79482d6/status?logs=false "HTTP/1.1 202 Accepted"
2026-07-25 16:59:11,072 [INFO] httpx: HTTP Request: GET https://queue.fal.run/rundiffusion-fal/juggernaut-flux-lora/requests/019f99ff-f120-7cd1-b945-938fb79482d6/status?logs=false "HTTP/1.1 202 Accepted"
2026-07-25 16:59:11,425 [INFO] httpx: HTTP Request: GET https://queue.fal.run/rundiffusion-fal/juggernaut-flux-lora/requests/019f99ff-f120-7cd1-b945-938fb79482d6/status?logs=false "HTTP/1.1 202 Accepted"
2026-07-25 16:59:11,785 [INFO] httpx: HTTP Request: GET https://queue.fal.run/rundiffusion-fal/juggernaut-flux-lora/requests/019f99ff-f120-7cd1-b945-938fb79482d6/status?logs=false "HTTP/1.1 202 Accepted"
2026-07-25 16:59:12,138 [INFO] httpx: HTTP Request: GET https://queue.fal.run/rundiffusion-fal/juggernaut-flux-lora/requests/019f99ff-f120-7cd1-b945-938fb79482d6/status?logs=false "HTTP/1.1 202 Accepted"
2026-07-25 16:59:12,491 [INFO] httpx: HTTP Request: GET https://queue.fal.run/rundiffusion-fal/juggernaut-flux-lora/requests/019f99ff-f120-7cd1-b945-938fb79482d6/status?logs=false "HTTP/1.1 202 Accepted"
2026-07-25 16:59:12,846 [INFO] httpx: HTTP Request: GET https://queue.fal.run/rundiffusion-fal/juggernaut-flux-lora/requests/019f99ff-f120-7cd1-b945-938fb79482d6/status?logs=false "HTTP/1.1 202 Accepted"
2026-07-25 16:59:13,200 [INFO] httpx: HTTP Request: GET https://queue.fal.run/rundiffusion-fal/juggernaut-flux-lora/requests/019f99ff-f120-7cd1-b945-938fb79482d6/status?logs=false "HTTP/1.1 202 Accepted"
2026-07-25 16:59:13,563 [INFO] httpx: HTTP Request: GET https://queue.fal.run/rundiffusion-fal/juggernaut-flux-lora/requests/019f99ff-f120-7cd1-b945-938fb79482d6/status?logs=false "HTTP/1.1 202 Accepted"
2026-07-25 16:59:13,923 [INFO] httpx: HTTP Request: GET https://queue.fal.run/rundiffusion-fal/juggernaut-flux-lora/requests/019f99ff-f120-7cd1-b945-938fb79482d6/status?logs=false "HTTP/1.1 202 Accepted"
2026-07-25 16:59:14,286 [INFO] httpx: HTTP Request: GET https://queue.fal.run/rundiffusion-fal/juggernaut-flux-lora/requests/019f99ff-f120-7cd1-b945-938fb79482d6/status?logs=false "HTTP/1.1 202 Accepted"
2026-07-25 16:59:14,668 [INFO] httpx: HTTP Request: GET https://queue.fal.run/rundiffusion-fal/juggernaut-flux-lora/requests/019f99ff-f120-7cd1-b945-938fb79482d6/status?logs=false "HTTP/1.1 202 Accepted"
2026-07-25 16:59:15,017 [INFO] httpx: HTTP Request: GET https://queue.fal.run/rundiffusion-fal/juggernaut-flux-lora/requests/019f99ff-f120-7cd1-b945-938fb79482d6/status?logs=false "HTTP/1.1 202 Accepted"
2026-07-25 16:59:15,378 [INFO] httpx: HTTP Request: GET https://queue.fal.run/rundiffusion-fal/juggernaut-flux-lora/requests/019f99ff-f120-7cd1-b945-938fb79482d6/status?logs=false "HTTP/1.1 202 Accepted"
2026-07-25 16:59:15,742 [INFO] httpx: HTTP Request: GET https://queue.fal.run/rundiffusion-fal/juggernaut-flux-lora/requests/019f99ff-f120-7cd1-b945-938fb79482d6/status?logs=false "HTTP/1.1 202 Accepted"
2026-07-25 16:59:16,113 [INFO] httpx: HTTP Request: GET https://queue.fal.run/rundiffusion-fal/juggernaut-flux-lora/requests/019f99ff-f120-7cd1-b945-938fb79482d6/status?logs=false "HTTP/1.1 202 Accepted"
2026-07-25 16:59:16,474 [INFO] httpx: HTTP Request: GET https://queue.fal.run/rundiffusion-fal/juggernaut-flux-lora/requests/019f99ff-f120-7cd1-b945-938fb79482d6/status?logs=false "HTTP/1.1 202 Accepted"
2026-07-25 16:59:16,840 [INFO] httpx: HTTP Request: GET https://queue.fal.run/rundiffusion-fal/juggernaut-flux-lora/requests/019f99ff-f120-7cd1-b945-938fb79482d6/status?logs=false "HTTP/1.1 202 Accepted"
2026-07-25 16:59:17,197 [INFO] httpx: HTTP Request: GET https://queue.fal.run/rundiffusion-fal/juggernaut-flux-lora/requests/019f99ff-f120-7cd1-b945-938fb79482d6/status?logs=false "HTTP/1.1 202 Accepted"
2026-07-25 16:59:17,541 [INFO] httpx: HTTP Request: GET https://queue.fal.run/rundiffusion-fal/juggernaut-flux-lora/requests/019f99ff-f120-7cd1-b945-938fb79482d6/status?logs=false "HTTP/1.1 202 Accepted"
2026-07-25 16:59:17,900 [INFO] httpx: HTTP Request: GET https://queue.fal.run/rundiffusion-fal/juggernaut-flux-lora/requests/019f99ff-f120-7cd1-b945-938fb79482d6/status?logs=false "HTTP/1.1 202 Accepted"
2026-07-25 16:59:18,262 [INFO] httpx: HTTP Request: GET https://queue.fal.run/rundiffusion-fal/juggernaut-flux-lora/requests/019f99ff-f120-7cd1-b945-938fb79482d6/status?logs=false "HTTP/1.1 202 Accepted"
2026-07-25 16:59:18,626 [INFO] httpx: HTTP Request: GET https://queue.fal.run/rundiffusion-fal/juggernaut-flux-lora/requests/019f99ff-f120-7cd1-b945-938fb79482d6/status?logs=false "HTTP/1.1 202 Accepted"
2026-07-25 16:59:18,992 [INFO] httpx: HTTP Request: GET https://queue.fal.run/rundiffusion-fal/juggernaut-flux-lora/requests/019f99ff-f120-7cd1-b945-938fb79482d6/status?logs=false "HTTP/1.1 202 Accepted"
2026-07-25 16:59:19,348 [INFO] httpx: HTTP Request: GET https://queue.fal.run/rundiffusion-fal/juggernaut-flux-lora/requests/019f99ff-f120-7cd1-b945-938fb79482d6/status?logs=false "HTTP/1.1 202 Accepted"
2026-07-25 16:59:19,704 [INFO] httpx: HTTP Request: GET https://queue.fal.run/rundiffusion-fal/juggernaut-flux-lora/requests/019f99ff-f120-7cd1-b945-938fb79482d6/status?logs=false "HTTP/1.1 202 Accepted"
2026-07-25 16:59:20,049 [INFO] httpx: HTTP Request: GET https://queue.fal.run/rundiffusion-fal/juggernaut-flux-lora/requests/019f99ff-f120-7cd1-b945-938fb79482d6/status?logs=false "HTTP/1.1 202 Accepted"
2026-07-25 16:59:20,399 [INFO] httpx: HTTP Request: GET https://queue.fal.run/rundiffusion-fal/juggernaut-flux-lora/requests/019f99ff-f120-7cd1-b945-938fb79482d6/status?logs=false "HTTP/1.1 202 Accepted"
2026-07-25 16:59:20,753 [INFO] httpx: HTTP Request: GET https://queue.fal.run/rundiffusion-fal/juggernaut-flux-lora/requests/019f99ff-f120-7cd1-b945-938fb79482d6/status?logs=false "HTTP/1.1 202 Accepted"
2026-07-25 16:59:21,123 [INFO] httpx: HTTP Request: GET https://queue.fal.run/rundiffusion-fal/juggernaut-flux-lora/requests/019f99ff-f120-7cd1-b945-938fb79482d6/status?logs=false "HTTP/1.1 202 Accepted"
2026-07-25 16:59:21,483 [INFO] httpx: HTTP Request: GET https://queue.fal.run/rundiffusion-fal/juggernaut-flux-lora/requests/019f99ff-f120-7cd1-b945-938fb79482d6/status?logs=false "HTTP/1.1 202 Accepted"
2026-07-25 16:59:21,838 [INFO] httpx: HTTP Request: GET https://queue.fal.run/rundiffusion-fal/juggernaut-flux-lora/requests/019f99ff-f120-7cd1-b945-938fb79482d6/status?logs=false "HTTP/1.1 202 Accepted"
2026-07-25 16:59:22,197 [INFO] httpx: HTTP Request: GET https://queue.fal.run/rundiffusion-fal/juggernaut-flux-lora/requests/019f99ff-f120-7cd1-b945-938fb79482d6/status?logs=false "HTTP/1.1 202 Accepted"
2026-07-25 16:59:22,559 [INFO] httpx: HTTP Request: GET https://queue.fal.run/rundiffusion-fal/juggernaut-flux-lora/requests/019f99ff-f120-7cd1-b945-938fb79482d6/status?logs=false "HTTP/1.1 202 Accepted"
2026-07-25 16:59:22,919 [INFO] httpx: HTTP Request: GET https://queue.fal.run/rundiffusion-fal/juggernaut-flux-lora/requests/019f99ff-f120-7cd1-b945-938fb79482d6/status?logs=false "HTTP/1.1 202 Accepted"
2026-07-25 16:59:23,284 [INFO] httpx: HTTP Request: GET https://queue.fal.run/rundiffusion-fal/juggernaut-flux-lora/requests/019f99ff-f120-7cd1-b945-938fb79482d6/status?logs=false "HTTP/1.1 202 Accepted"
2026-07-25 16:59:23,650 [INFO] httpx: HTTP Request: GET https://queue.fal.run/rundiffusion-fal/juggernaut-flux-lora/requests/019f99ff-f120-7cd1-b945-938fb79482d6/status?logs=false "HTTP/1.1 202 Accepted"
2026-07-25 16:59:23,996 [INFO] httpx: HTTP Request: GET https://queue.fal.run/rundiffusion-fal/juggernaut-flux-lora/requests/019f99ff-f120-7cd1-b945-938fb79482d6/status?logs=false "HTTP/1.1 202 Accepted"
2026-07-25 16:59:24,359 [INFO] httpx: HTTP Request: GET https://queue.fal.run/rundiffusion-fal/juggernaut-flux-lora/requests/019f99ff-f120-7cd1-b945-938fb79482d6/status?logs=false "HTTP/1.1 202 Accepted"
2026-07-25 16:59:24,721 [INFO] httpx: HTTP Request: GET https://queue.fal.run/rundiffusion-fal/juggernaut-flux-lora/requests/019f99ff-f120-7cd1-b945-938fb79482d6/status?logs=false "HTTP/1.1 202 Accepted"
2026-07-25 16:59:25,084 [INFO] httpx: HTTP Request: GET https://queue.fal.run/rundiffusion-fal/juggernaut-flux-lora/requests/019f99ff-f120-7cd1-b945-938fb79482d6/status?logs=false "HTTP/1.1 202 Accepted"
2026-07-25 16:59:25,449 [INFO] httpx: HTTP Request: GET https://queue.fal.run/rundiffusion-fal/juggernaut-flux-lora/requests/019f99ff-f120-7cd1-b945-938fb79482d6/status?logs=false "HTTP/1.1 202 Accepted"
2026-07-25 16:59:25,809 [INFO] httpx: HTTP Request: GET https://queue.fal.run/rundiffusion-fal/juggernaut-flux-lora/requests/019f99ff-f120-7cd1-b945-938fb79482d6/status?logs=false "HTTP/1.1 202 Accepted"
2026-07-25 16:59:26,185 [INFO] httpx: HTTP Request: GET https://queue.fal.run/rundiffusion-fal/juggernaut-flux-lora/requests/019f99ff-f120-7cd1-b945-938fb79482d6/status?logs=false "HTTP/1.1 202 Accepted"
2026-07-25 16:59:26,543 [INFO] httpx: HTTP Request: GET https://queue.fal.run/rundiffusion-fal/juggernaut-flux-lora/requests/019f99ff-f120-7cd1-b945-938fb79482d6/status?logs=false "HTTP/1.1 202 Accepted"
2026-07-25 16:59:26,904 [INFO] httpx: HTTP Request: GET https://queue.fal.run/rundiffusion-fal/juggernaut-flux-lora/requests/019f99ff-f120-7cd1-b945-938fb79482d6/status?logs=false "HTTP/1.1 202 Accepted"
2026-07-25 16:59:27,267 [INFO] httpx: HTTP Request: GET https://queue.fal.run/rundiffusion-fal/juggernaut-flux-lora/requests/019f99ff-f120-7cd1-b945-938fb79482d6/status?logs=false "HTTP/1.1 202 Accepted"
2026-07-25 16:59:27,617 [INFO] httpx: HTTP Request: GET https://queue.fal.run/rundiffusion-fal/juggernaut-flux-lora/requests/019f99ff-f120-7cd1-b945-938fb79482d6/status?logs=false "HTTP/1.1 202 Accepted"
2026-07-25 16:59:27,982 [INFO] httpx: HTTP Request: GET https://queue.fal.run/rundiffusion-fal/juggernaut-flux-lora/requests/019f99ff-f120-7cd1-b945-938fb79482d6/status?logs=false "HTTP/1.1 202 Accepted"
2026-07-25 16:59:28,342 [INFO] httpx: HTTP Request: GET https://queue.fal.run/rundiffusion-fal/juggernaut-flux-lora/requests/019f99ff-f120-7cd1-b945-938fb79482d6/status?logs=false "HTTP/1.1 202 Accepted"
2026-07-25 16:59:28,703 [INFO] httpx: HTTP Request: GET https://queue.fal.run/rundiffusion-fal/juggernaut-flux-lora/requests/019f99ff-f120-7cd1-b945-938fb79482d6/status?logs=false "HTTP/1.1 202 Accepted"
2026-07-25 16:59:29,065 [INFO] httpx: HTTP Request: GET https://queue.fal.run/rundiffusion-fal/juggernaut-flux-lora/requests/019f99ff-f120-7cd1-b945-938fb79482d6/status?logs=false "HTTP/1.1 202 Accepted"
2026-07-25 16:59:29,428 [INFO] httpx: HTTP Request: GET https://queue.fal.run/rundiffusion-fal/juggernaut-flux-lora/requests/019f99ff-f120-7cd1-b945-938fb79482d6/status?logs=false "HTTP/1.1 202 Accepted"
2026-07-25 16:59:29,789 [INFO] httpx: HTTP Request: GET https://queue.fal.run/rundiffusion-fal/juggernaut-flux-lora/requests/019f99ff-f120-7cd1-b945-938fb79482d6/status?logs=false "HTTP/1.1 202 Accepted"
2026-07-25 16:59:30,143 [INFO] httpx: HTTP Request: GET https://queue.fal.run/rundiffusion-fal/juggernaut-flux-lora/requests/019f99ff-f120-7cd1-b945-938fb79482d6/status?logs=false "HTTP/1.1 202 Accepted"
2026-07-25 16:59:30,508 [INFO] httpx: HTTP Request: GET https://queue.fal.run/rundiffusion-fal/juggernaut-flux-lora/requests/019f99ff-f120-7cd1-b945-938fb79482d6/status?logs=false "HTTP/1.1 202 Accepted"
2026-07-25 16:59:30,873 [INFO] httpx: HTTP Request: GET https://queue.fal.run/rundiffusion-fal/juggernaut-flux-lora/requests/019f99ff-f120-7cd1-b945-938fb79482d6/status?logs=false "HTTP/1.1 202 Accepted"
2026-07-25 16:59:31,234 [INFO] httpx: HTTP Request: GET https://queue.fal.run/rundiffusion-fal/juggernaut-flux-lora/requests/019f99ff-f120-7cd1-b945-938fb79482d6/status?logs=false "HTTP/1.1 202 Accepted"
2026-07-25 16:59:31,600 [INFO] httpx: HTTP Request: GET https://queue.fal.run/rundiffusion-fal/juggernaut-flux-lora/requests/019f99ff-f120-7cd1-b945-938fb79482d6/status?logs=false "HTTP/1.1 202 Accepted"
2026-07-25 16:59:31,966 [INFO] httpx: HTTP Request: GET https://queue.fal.run/rundiffusion-fal/juggernaut-flux-lora/requests/019f99ff-f120-7cd1-b945-938fb79482d6/status?logs=false "HTTP/1.1 202 Accepted"
2026-07-25 16:59:32,332 [INFO] httpx: HTTP Request: GET https://queue.fal.run/rundiffusion-fal/juggernaut-flux-lora/requests/019f99ff-f120-7cd1-b945-938fb79482d6/status?logs=false "HTTP/1.1 202 Accepted"
2026-07-25 16:59:32,692 [INFO] httpx: HTTP Request: GET https://queue.fal.run/rundiffusion-fal/juggernaut-flux-lora/requests/019f99ff-f120-7cd1-b945-938fb79482d6/status?logs=false "HTTP/1.1 202 Accepted"
2026-07-25 16:59:33,049 [INFO] httpx: HTTP Request: GET https://queue.fal.run/rundiffusion-fal/juggernaut-flux-lora/requests/019f99ff-f120-7cd1-b945-938fb79482d6/status?logs=false "HTTP/1.1 202 Accepted"
2026-07-25 16:59:33,409 [INFO] httpx: HTTP Request: GET https://queue.fal.run/rundiffusion-fal/juggernaut-flux-lora/requests/019f99ff-f120-7cd1-b945-938fb79482d6/status?logs=false "HTTP/1.1 202 Accepted"
2026-07-25 16:59:33,777 [INFO] httpx: HTTP Request: GET https://queue.fal.run/rundiffusion-fal/juggernaut-flux-lora/requests/019f99ff-f120-7cd1-b945-938fb79482d6/status?logs=false "HTTP/1.1 202 Accepted"
2026-07-25 16:59:34,137 [INFO] httpx: HTTP Request: GET https://queue.fal.run/rundiffusion-fal/juggernaut-flux-lora/requests/019f99ff-f120-7cd1-b945-938fb79482d6/status?logs=false "HTTP/1.1 202 Accepted"
2026-07-25 16:59:34,514 [INFO] httpx: HTTP Request: GET https://queue.fal.run/rundiffusion-fal/juggernaut-flux-lora/requests/019f99ff-f120-7cd1-b945-938fb79482d6/status?logs=false "HTTP/1.1 202 Accepted"
2026-07-25 16:59:34,872 [INFO] httpx: HTTP Request: GET https://queue.fal.run/rundiffusion-fal/juggernaut-flux-lora/requests/019f99ff-f120-7cd1-b945-938fb79482d6/status?logs=false "HTTP/1.1 202 Accepted"
2026-07-25 16:59:35,230 [INFO] httpx: HTTP Request: GET https://queue.fal.run/rundiffusion-fal/juggernaut-flux-lora/requests/019f99ff-f120-7cd1-b945-938fb79482d6/status?logs=false "HTTP/1.1 202 Accepted"
2026-07-25 16:59:35,580 [INFO] httpx: HTTP Request: GET https://queue.fal.run/rundiffusion-fal/juggernaut-flux-lora/requests/019f99ff-f120-7cd1-b945-938fb79482d6/status?logs=false "HTTP/1.1 202 Accepted"
2026-07-25 16:59:35,946 [INFO] httpx: HTTP Request: GET https://queue.fal.run/rundiffusion-fal/juggernaut-flux-lora/requests/019f99ff-f120-7cd1-b945-938fb79482d6/status?logs=false "HTTP/1.1 202 Accepted"
2026-07-25 16:59:36,308 [INFO] httpx: HTTP Request: GET https://queue.fal.run/rundiffusion-fal/juggernaut-flux-lora/requests/019f99ff-f120-7cd1-b945-938fb79482d6/status?logs=false "HTTP/1.1 202 Accepted"
2026-07-25 16:59:36,664 [INFO] httpx: HTTP Request: GET https://queue.fal.run/rundiffusion-fal/juggernaut-flux-lora/requests/019f99ff-f120-7cd1-b945-938fb79482d6/status?logs=false "HTTP/1.1 202 Accepted"
2026-07-25 16:59:37,030 [INFO] httpx: HTTP Request: GET https://queue.fal.run/rundiffusion-fal/juggernaut-flux-lora/requests/019f99ff-f120-7cd1-b945-938fb79482d6/status?logs=false "HTTP/1.1 202 Accepted"
2026-07-25 16:59:37,390 [INFO] httpx: HTTP Request: GET https://queue.fal.run/rundiffusion-fal/juggernaut-flux-lora/requests/019f99ff-f120-7cd1-b945-938fb79482d6/status?logs=false "HTTP/1.1 202 Accepted"
2026-07-25 16:59:37,756 [INFO] httpx: HTTP Request: GET https://queue.fal.run/rundiffusion-fal/juggernaut-flux-lora/requests/019f99ff-f120-7cd1-b945-938fb79482d6/status?logs=false "HTTP/1.1 202 Accepted"
2026-07-25 16:59:38,109 [INFO] httpx: HTTP Request: GET https://queue.fal.run/rundiffusion-fal/juggernaut-flux-lora/requests/019f99ff-f120-7cd1-b945-938fb79482d6/status?logs=false "HTTP/1.1 202 Accepted"
2026-07-25 16:59:38,457 [INFO] httpx: HTTP Request: GET https://queue.fal.run/rundiffusion-fal/juggernaut-flux-lora/requests/019f99ff-f120-7cd1-b945-938fb79482d6/status?logs=false "HTTP/1.1 202 Accepted"
2026-07-25 16:59:38,809 [INFO] httpx: HTTP Request: GET https://queue.fal.run/rundiffusion-fal/juggernaut-flux-lora/requests/019f99ff-f120-7cd1-b945-938fb79482d6/status?logs=false "HTTP/1.1 202 Accepted"
2026-07-25 16:59:39,164 [INFO] httpx: HTTP Request: GET https://queue.fal.run/rundiffusion-fal/juggernaut-flux-lora/requests/019f99ff-f120-7cd1-b945-938fb79482d6/status?logs=false "HTTP/1.1 202 Accepted"
2026-07-25 16:59:39,525 [INFO] httpx: HTTP Request: GET https://queue.fal.run/rundiffusion-fal/juggernaut-flux-lora/requests/019f99ff-f120-7cd1-b945-938fb79482d6/status?logs=false "HTTP/1.1 202 Accepted"
2026-07-25 16:59:39,885 [INFO] httpx: HTTP Request: GET https://queue.fal.run/rundiffusion-fal/juggernaut-flux-lora/requests/019f99ff-f120-7cd1-b945-938fb79482d6/status?logs=false "HTTP/1.1 202 Accepted"
2026-07-25 16:59:40,251 [INFO] httpx: HTTP Request: GET https://queue.fal.run/rundiffusion-fal/juggernaut-flux-lora/requests/019f99ff-f120-7cd1-b945-938fb79482d6/status?logs=false "HTTP/1.1 202 Accepted"
2026-07-25 16:59:40,614 [INFO] httpx: HTTP Request: GET https://queue.fal.run/rundiffusion-fal/juggernaut-flux-lora/requests/019f99ff-f120-7cd1-b945-938fb79482d6/status?logs=false "HTTP/1.1 202 Accepted"
2026-07-25 16:59:40,970 [INFO] httpx: HTTP Request: GET https://queue.fal.run/rundiffusion-fal/juggernaut-flux-lora/requests/019f99ff-f120-7cd1-b945-938fb79482d6/status?logs=false "HTTP/1.1 202 Accepted"
2026-07-25 16:59:41,334 [INFO] httpx: HTTP Request: GET https://queue.fal.run/rundiffusion-fal/juggernaut-flux-lora/requests/019f99ff-f120-7cd1-b945-938fb79482d6/status?logs=false "HTTP/1.1 202 Accepted"
2026-07-25 16:59:41,693 [INFO] httpx: HTTP Request: GET https://queue.fal.run/rundiffusion-fal/juggernaut-flux-lora/requests/019f99ff-f120-7cd1-b945-938fb79482d6/status?logs=false "HTTP/1.1 202 Accepted"
2026-07-25 16:59:42,057 [INFO] httpx: HTTP Request: GET https://queue.fal.run/rundiffusion-fal/juggernaut-flux-lora/requests/019f99ff-f120-7cd1-b945-938fb79482d6/status?logs=false "HTTP/1.1 202 Accepted"
2026-07-25 16:59:42,414 [INFO] httpx: HTTP Request: GET https://queue.fal.run/rundiffusion-fal/juggernaut-flux-lora/requests/019f99ff-f120-7cd1-b945-938fb79482d6/status?logs=false "HTTP/1.1 202 Accepted"
2026-07-25 16:59:42,774 [INFO] httpx: HTTP Request: GET https://queue.fal.run/rundiffusion-fal/juggernaut-flux-lora/requests/019f99ff-f120-7cd1-b945-938fb79482d6/status?logs=false "HTTP/1.1 202 Accepted"
2026-07-25 16:59:43,132 [INFO] httpx: HTTP Request: GET https://queue.fal.run/rundiffusion-fal/juggernaut-flux-lora/requests/019f99ff-f120-7cd1-b945-938fb79482d6/status?logs=false "HTTP/1.1 202 Accepted"
2026-07-25 16:59:43,484 [INFO] httpx: HTTP Request: GET https://queue.fal.run/rundiffusion-fal/juggernaut-flux-lora/requests/019f99ff-f120-7cd1-b945-938fb79482d6/status?logs=false "HTTP/1.1 202 Accepted"
2026-07-25 16:59:43,855 [INFO] httpx: HTTP Request: GET https://queue.fal.run/rundiffusion-fal/juggernaut-flux-lora/requests/019f99ff-f120-7cd1-b945-938fb79482d6/status?logs=false "HTTP/1.1 202 Accepted"
2026-07-25 16:59:44,213 [INFO] httpx: HTTP Request: GET https://queue.fal.run/rundiffusion-fal/juggernaut-flux-lora/requests/019f99ff-f120-7cd1-b945-938fb79482d6/status?logs=false "HTTP/1.1 202 Accepted"
2026-07-25 16:59:44,573 [INFO] httpx: HTTP Request: GET https://queue.fal.run/rundiffusion-fal/juggernaut-flux-lora/requests/019f99ff-f120-7cd1-b945-938fb79482d6/status?logs=false "HTTP/1.1 202 Accepted"
2026-07-25 16:59:44,932 [INFO] httpx: HTTP Request: GET https://queue.fal.run/rundiffusion-fal/juggernaut-flux-lora/requests/019f99ff-f120-7cd1-b945-938fb79482d6/status?logs=false "HTTP/1.1 202 Accepted"
2026-07-25 16:59:45,296 [INFO] httpx: HTTP Request: GET https://queue.fal.run/rundiffusion-fal/juggernaut-flux-lora/requests/019f99ff-f120-7cd1-b945-938fb79482d6/status?logs=false "HTTP/1.1 202 Accepted"
2026-07-25 16:59:45,677 [INFO] httpx: HTTP Request: GET https://queue.fal.run/rundiffusion-fal/juggernaut-flux-lora/requests/019f99ff-f120-7cd1-b945-938fb79482d6/status?logs=false "HTTP/1.1 202 Accepted"
2026-07-25 16:59:46,038 [INFO] httpx: HTTP Request: GET https://queue.fal.run/rundiffusion-fal/juggernaut-flux-lora/requests/019f99ff-f120-7cd1-b945-938fb79482d6/status?logs=false "HTTP/1.1 202 Accepted"
2026-07-25 16:59:46,397 [INFO] httpx: HTTP Request: GET https://queue.fal.run/rundiffusion-fal/juggernaut-flux-lora/requests/019f99ff-f120-7cd1-b945-938fb79482d6/status?logs=false "HTTP/1.1 202 Accepted"
2026-07-25 16:59:46,750 [INFO] httpx: HTTP Request: GET https://queue.fal.run/rundiffusion-fal/juggernaut-flux-lora/requests/019f99ff-f120-7cd1-b945-938fb79482d6/status?logs=false "HTTP/1.1 202 Accepted"
2026-07-25 16:59:47,120 [INFO] httpx: HTTP Request: GET https://queue.fal.run/rundiffusion-fal/juggernaut-flux-lora/requests/019f99ff-f120-7cd1-b945-938fb79482d6/status?logs=false "HTTP/1.1 202 Accepted"
2026-07-25 16:59:47,465 [INFO] httpx: HTTP Request: GET https://queue.fal.run/rundiffusion-fal/juggernaut-flux-lora/requests/019f99ff-f120-7cd1-b945-938fb79482d6/status?logs=false "HTTP/1.1 202 Accepted"
2026-07-25 16:59:47,822 [INFO] httpx: HTTP Request: GET https://queue.fal.run/rundiffusion-fal/juggernaut-flux-lora/requests/019f99ff-f120-7cd1-b945-938fb79482d6/status?logs=false "HTTP/1.1 202 Accepted"
2026-07-25 16:59:48,183 [INFO] httpx: HTTP Request: GET https://queue.fal.run/rundiffusion-fal/juggernaut-flux-lora/requests/019f99ff-f120-7cd1-b945-938fb79482d6/status?logs=false "HTTP/1.1 202 Accepted"
2026-07-25 16:59:48,530 [INFO] httpx: HTTP Request: GET https://queue.fal.run/rundiffusion-fal/juggernaut-flux-lora/requests/019f99ff-f120-7cd1-b945-938fb79482d6/status?logs=false "HTTP/1.1 202 Accepted"
2026-07-25 16:59:48,899 [INFO] httpx: HTTP Request: GET https://queue.fal.run/rundiffusion-fal/juggernaut-flux-lora/requests/019f99ff-f120-7cd1-b945-938fb79482d6/status?logs=false "HTTP/1.1 202 Accepted"
2026-07-25 16:59:49,252 [INFO] httpx: HTTP Request: GET https://queue.fal.run/rundiffusion-fal/juggernaut-flux-lora/requests/019f99ff-f120-7cd1-b945-938fb79482d6/status?logs=false "HTTP/1.1 202 Accepted"
2026-07-25 16:59:49,609 [INFO] httpx: HTTP Request: GET https://queue.fal.run/rundiffusion-fal/juggernaut-flux-lora/requests/019f99ff-f120-7cd1-b945-938fb79482d6/status?logs=false "HTTP/1.1 202 Accepted"
2026-07-25 16:59:49,967 [INFO] httpx: HTTP Request: GET https://queue.fal.run/rundiffusion-fal/juggernaut-flux-lora/requests/019f99ff-f120-7cd1-b945-938fb79482d6/status?logs=false "HTTP/1.1 202 Accepted"
2026-07-25 16:59:50,333 [INFO] httpx: HTTP Request: GET https://queue.fal.run/rundiffusion-fal/juggernaut-flux-lora/requests/019f99ff-f120-7cd1-b945-938fb79482d6/status?logs=false "HTTP/1.1 202 Accepted"
2026-07-25 16:59:50,687 [INFO] httpx: HTTP Request: GET https://queue.fal.run/rundiffusion-fal/juggernaut-flux-lora/requests/019f99ff-f120-7cd1-b945-938fb79482d6/status?logs=false "HTTP/1.1 202 Accepted"
2026-07-25 16:59:51,063 [INFO] httpx: HTTP Request: GET https://queue.fal.run/rundiffusion-fal/juggernaut-flux-lora/requests/019f99ff-f120-7cd1-b945-938fb79482d6/status?logs=false "HTTP/1.1 202 Accepted"
2026-07-25 16:59:51,430 [INFO] httpx: HTTP Request: GET https://queue.fal.run/rundiffusion-fal/juggernaut-flux-lora/requests/019f99ff-f120-7cd1-b945-938fb79482d6/status?logs=false "HTTP/1.1 202 Accepted"
2026-07-25 16:59:51,783 [INFO] httpx: HTTP Request: GET https://queue.fal.run/rundiffusion-fal/juggernaut-flux-lora/requests/019f99ff-f120-7cd1-b945-938fb79482d6/status?logs=false "HTTP/1.1 202 Accepted"
2026-07-25 16:59:52,135 [INFO] httpx: HTTP Request: GET https://queue.fal.run/rundiffusion-fal/juggernaut-flux-lora/requests/019f99ff-f120-7cd1-b945-938fb79482d6/status?logs=false "HTTP/1.1 202 Accepted"
2026-07-25 16:59:52,501 [INFO] httpx: HTTP Request: GET https://queue.fal.run/rundiffusion-fal/juggernaut-flux-lora/requests/019f99ff-f120-7cd1-b945-938fb79482d6/status?logs=false "HTTP/1.1 202 Accepted"
2026-07-25 16:59:52,866 [INFO] httpx: HTTP Request: GET https://queue.fal.run/rundiffusion-fal/juggernaut-flux-lora/requests/019f99ff-f120-7cd1-b945-938fb79482d6/status?logs=false "HTTP/1.1 202 Accepted"
2026-07-25 16:59:53,210 [INFO] httpx: HTTP Request: GET https://queue.fal.run/rundiffusion-fal/juggernaut-flux-lora/requests/019f99ff-f120-7cd1-b945-938fb79482d6/status?logs=false "HTTP/1.1 202 Accepted"
2026-07-25 16:59:53,586 [INFO] httpx: HTTP Request: GET https://queue.fal.run/rundiffusion-fal/juggernaut-flux-lora/requests/019f99ff-f120-7cd1-b945-938fb79482d6/status?logs=false "HTTP/1.1 202 Accepted"
2026-07-25 16:59:53,947 [INFO] httpx: HTTP Request: GET https://queue.fal.run/rundiffusion-fal/juggernaut-flux-lora/requests/019f99ff-f120-7cd1-b945-938fb79482d6/status?logs=false "HTTP/1.1 202 Accepted"
2026-07-25 16:59:54,309 [INFO] httpx: HTTP Request: GET https://queue.fal.run/rundiffusion-fal/juggernaut-flux-lora/requests/019f99ff-f120-7cd1-b945-938fb79482d6/status?logs=false "HTTP/1.1 202 Accepted"
2026-07-25 16:59:54,667 [INFO] httpx: HTTP Request: GET https://queue.fal.run/rundiffusion-fal/juggernaut-flux-lora/requests/019f99ff-f120-7cd1-b945-938fb79482d6/status?logs=false "HTTP/1.1 202 Accepted"
2026-07-25 16:59:55,033 [INFO] httpx: HTTP Request: GET https://queue.fal.run/rundiffusion-fal/juggernaut-flux-lora/requests/019f99ff-f120-7cd1-b945-938fb79482d6/status?logs=false "HTTP/1.1 202 Accepted"
2026-07-25 16:59:55,396 [INFO] httpx: HTTP Request: GET https://queue.fal.run/rundiffusion-fal/juggernaut-flux-lora/requests/019f99ff-f120-7cd1-b945-938fb79482d6/status?logs=false "HTTP/1.1 202 Accepted"
2026-07-25 16:59:55,746 [INFO] httpx: HTTP Request: GET https://queue.fal.run/rundiffusion-fal/juggernaut-flux-lora/requests/019f99ff-f120-7cd1-b945-938fb79482d6/status?logs=false "HTTP/1.1 202 Accepted"
2026-07-25 16:59:56,106 [INFO] httpx: HTTP Request: GET https://queue.fal.run/rundiffusion-fal/juggernaut-flux-lora/requests/019f99ff-f120-7cd1-b945-938fb79482d6/status?logs=false "HTTP/1.1 202 Accepted"
2026-07-25 16:59:56,466 [INFO] httpx: HTTP Request: GET https://queue.fal.run/rundiffusion-fal/juggernaut-flux-lora/requests/019f99ff-f120-7cd1-b945-938fb79482d6/status?logs=false "HTTP/1.1 202 Accepted"
2026-07-25 16:59:56,829 [INFO] httpx: HTTP Request: GET https://queue.fal.run/rundiffusion-fal/juggernaut-flux-lora/requests/019f99ff-f120-7cd1-b945-938fb79482d6/status?logs=false "HTTP/1.1 202 Accepted"
2026-07-25 16:59:57,503 [INFO] httpx: HTTP Request: GET https://queue.fal.run/rundiffusion-fal/juggernaut-flux-lora/requests/019f99ff-f120-7cd1-b945-938fb79482d6/status?logs=false "HTTP/1.1 202 Accepted"
2026-07-25 16:59:57,872 [INFO] httpx: HTTP Request: GET https://queue.fal.run/rundiffusion-fal/juggernaut-flux-lora/requests/019f99ff-f120-7cd1-b945-938fb79482d6/status?logs=false "HTTP/1.1 202 Accepted"
2026-07-25 16:59:58,232 [INFO] httpx: HTTP Request: GET https://queue.fal.run/rundiffusion-fal/juggernaut-flux-lora/requests/019f99ff-f120-7cd1-b945-938fb79482d6/status?logs=false "HTTP/1.1 202 Accepted"
2026-07-25 16:59:58,596 [INFO] httpx: HTTP Request: GET https://queue.fal.run/rundiffusion-fal/juggernaut-flux-lora/requests/019f99ff-f120-7cd1-b945-938fb79482d6/status?logs=false "HTTP/1.1 202 Accepted"
2026-07-25 16:59:58,956 [INFO] httpx: HTTP Request: GET https://queue.fal.run/rundiffusion-fal/juggernaut-flux-lora/requests/019f99ff-f120-7cd1-b945-938fb79482d6/status?logs=false "HTTP/1.1 202 Accepted"
2026-07-25 16:59:59,315 [INFO] httpx: HTTP Request: GET https://queue.fal.run/rundiffusion-fal/juggernaut-flux-lora/requests/019f99ff-f120-7cd1-b945-938fb79482d6/status?logs=false "HTTP/1.1 202 Accepted"
2026-07-25 16:59:59,712 [INFO] httpx: HTTP Request: GET https://queue.fal.run/rundiffusion-fal/juggernaut-flux-lora/requests/019f99ff-f120-7cd1-b945-938fb79482d6/status?logs=false "HTTP/1.1 202 Accepted"
2026-07-25 17:00:00,078 [INFO] httpx: HTTP Request: GET https://queue.fal.run/rundiffusion-fal/juggernaut-flux-lora/requests/019f99ff-f120-7cd1-b945-938fb79482d6/status?logs=false "HTTP/1.1 202 Accepted"
2026-07-25 17:00:00,437 [INFO] httpx: HTTP Request: GET https://queue.fal.run/rundiffusion-fal/juggernaut-flux-lora/requests/019f99ff-f120-7cd1-b945-938fb79482d6/status?logs=false "HTTP/1.1 202 Accepted"
2026-07-25 17:00:00,791 [INFO] httpx: HTTP Request: GET https://queue.fal.run/rundiffusion-fal/juggernaut-flux-lora/requests/019f99ff-f120-7cd1-b945-938fb79482d6/status?logs=false "HTTP/1.1 202 Accepted"
2026-07-25 17:00:01,149 [INFO] httpx: HTTP Request: GET https://queue.fal.run/rundiffusion-fal/juggernaut-flux-lora/requests/019f99ff-f120-7cd1-b945-938fb79482d6/status?logs=false "HTTP/1.1 202 Accepted"
2026-07-25 17:00:01,468 [INFO] httpx: HTTP Request: GET https://queue.fal.run/rundiffusion-fal/juggernaut-flux-lora/requests/019f99ff-f120-7cd1-b945-938fb79482d6/status?logs=false "HTTP/1.1 202 Accepted"
2026-07-25 17:00:01,821 [INFO] httpx: HTTP Request: GET https://queue.fal.run/rundiffusion-fal/juggernaut-flux-lora/requests/019f99ff-f120-7cd1-b945-938fb79482d6/status?logs=false "HTTP/1.1 202 Accepted"
2026-07-25 17:00:02,156 [INFO] httpx: HTTP Request: GET https://queue.fal.run/rundiffusion-fal/juggernaut-flux-lora/requests/019f99ff-f120-7cd1-b945-938fb79482d6/status?logs=false "HTTP/1.1 202 Accepted"
2026-07-25 17:00:02,516 [INFO] httpx: HTTP Request: GET https://queue.fal.run/rundiffusion-fal/juggernaut-flux-lora/requests/019f99ff-f120-7cd1-b945-938fb79482d6/status?logs=false "HTTP/1.1 202 Accepted"
2026-07-25 17:00:02,875 [INFO] httpx: HTTP Request: GET https://queue.fal.run/rundiffusion-fal/juggernaut-flux-lora/requests/019f99ff-f120-7cd1-b945-938fb79482d6/status?logs=false "HTTP/1.1 202 Accepted"
2026-07-25 17:00:03,234 [INFO] httpx: HTTP Request: GET https://queue.fal.run/rundiffusion-fal/juggernaut-flux-lora/requests/019f99ff-f120-7cd1-b945-938fb79482d6/status?logs=false "HTTP/1.1 202 Accepted"
2026-07-25 17:00:03,588 [INFO] httpx: HTTP Request: GET https://queue.fal.run/rundiffusion-fal/juggernaut-flux-lora/requests/019f99ff-f120-7cd1-b945-938fb79482d6/status?logs=false "HTTP/1.1 202 Accepted"
2026-07-25 17:00:03,946 [INFO] httpx: HTTP Request: GET https://queue.fal.run/rundiffusion-fal/juggernaut-flux-lora/requests/019f99ff-f120-7cd1-b945-938fb79482d6/status?logs=false "HTTP/1.1 202 Accepted"
2026-07-25 17:00:04,320 [INFO] httpx: HTTP Request: GET https://queue.fal.run/rundiffusion-fal/juggernaut-flux-lora/requests/019f99ff-f120-7cd1-b945-938fb79482d6/status?logs=false "HTTP/1.1 202 Accepted"
2026-07-25 17:00:04,682 [INFO] httpx: HTTP Request: GET https://queue.fal.run/rundiffusion-fal/juggernaut-flux-lora/requests/019f99ff-f120-7cd1-b945-938fb79482d6/status?logs=false "HTTP/1.1 202 Accepted"
2026-07-25 17:00:05,042 [INFO] httpx: HTTP Request: GET https://queue.fal.run/rundiffusion-fal/juggernaut-flux-lora/requests/019f99ff-f120-7cd1-b945-938fb79482d6/status?logs=false "HTTP/1.1 202 Accepted"
2026-07-25 17:00:05,414 [INFO] httpx: HTTP Request: GET https://queue.fal.run/rundiffusion-fal/juggernaut-flux-lora/requests/019f99ff-f120-7cd1-b945-938fb79482d6/status?logs=false "HTTP/1.1 202 Accepted"
2026-07-25 17:00:05,775 [INFO] httpx: HTTP Request: GET https://queue.fal.run/rundiffusion-fal/juggernaut-flux-lora/requests/019f99ff-f120-7cd1-b945-938fb79482d6/status?logs=false "HTTP/1.1 202 Accepted"
2026-07-25 17:00:06,125 [INFO] httpx: HTTP Request: GET https://queue.fal.run/rundiffusion-fal/juggernaut-flux-lora/requests/019f99ff-f120-7cd1-b945-938fb79482d6/status?logs=false "HTTP/1.1 202 Accepted"
2026-07-25 17:00:06,482 [INFO] httpx: HTTP Request: GET https://queue.fal.run/rundiffusion-fal/juggernaut-flux-lora/requests/019f99ff-f120-7cd1-b945-938fb79482d6/status?logs=false "HTTP/1.1 202 Accepted"
2026-07-25 17:00:06,823 [INFO] httpx: HTTP Request: GET https://queue.fal.run/rundiffusion-fal/juggernaut-flux-lora/requests/019f99ff-f120-7cd1-b945-938fb79482d6/status?logs=false "HTTP/1.1 202 Accepted"
2026-07-25 17:00:07,185 [INFO] httpx: HTTP Request: GET https://queue.fal.run/rundiffusion-fal/juggernaut-flux-lora/requests/019f99ff-f120-7cd1-b945-938fb79482d6/status?logs=false "HTTP/1.1 202 Accepted"
2026-07-25 17:00:07,533 [INFO] httpx: HTTP Request: GET https://queue.fal.run/rundiffusion-fal/juggernaut-flux-lora/requests/019f99ff-f120-7cd1-b945-938fb79482d6/status?logs=false "HTTP/1.1 202 Accepted"
2026-07-25 17:00:07,868 [INFO] httpx: HTTP Request: GET https://queue.fal.run/rundiffusion-fal/juggernaut-flux-lora/requests/019f99ff-f120-7cd1-b945-938fb79482d6/status?logs=false "HTTP/1.1 202 Accepted"
2026-07-25 17:00:08,232 [INFO] httpx: HTTP Request: GET https://queue.fal.run/rundiffusion-fal/juggernaut-flux-lora/requests/019f99ff-f120-7cd1-b945-938fb79482d6/status?logs=false "HTTP/1.1 202 Accepted"
2026-07-25 17:00:08,588 [INFO] httpx: HTTP Request: GET https://queue.fal.run/rundiffusion-fal/juggernaut-flux-lora/requests/019f99ff-f120-7cd1-b945-938fb79482d6/status?logs=false "HTTP/1.1 202 Accepted"
2026-07-25 17:00:08,946 [INFO] httpx: HTTP Request: GET https://queue.fal.run/rundiffusion-fal/juggernaut-flux-lora/requests/019f99ff-f120-7cd1-b945-938fb79482d6/status?logs=false "HTTP/1.1 202 Accepted"
2026-07-25 17:00:09,311 [INFO] httpx: HTTP Request: GET https://queue.fal.run/rundiffusion-fal/juggernaut-flux-lora/requests/019f99ff-f120-7cd1-b945-938fb79482d6/status?logs=false "HTTP/1.1 202 Accepted"
2026-07-25 17:00:09,675 [INFO] httpx: HTTP Request: GET https://queue.fal.run/rundiffusion-fal/juggernaut-flux-lora/requests/019f99ff-f120-7cd1-b945-938fb79482d6/status?logs=false "HTTP/1.1 202 Accepted"
2026-07-25 17:00:10,036 [INFO] httpx: HTTP Request: GET https://queue.fal.run/rundiffusion-fal/juggernaut-flux-lora/requests/019f99ff-f120-7cd1-b945-938fb79482d6/status?logs=false "HTTP/1.1 202 Accepted"
2026-07-25 17:00:10,405 [INFO] httpx: HTTP Request: GET https://queue.fal.run/rundiffusion-fal/juggernaut-flux-lora/requests/019f99ff-f120-7cd1-b945-938fb79482d6/status?logs=false "HTTP/1.1 202 Accepted"
2026-07-25 17:00:10,757 [INFO] httpx: HTTP Request: GET https://queue.fal.run/rundiffusion-fal/juggernaut-flux-lora/requests/019f99ff-f120-7cd1-b945-938fb79482d6/status?logs=false "HTTP/1.1 202 Accepted"
2026-07-25 17:00:11,118 [INFO] httpx: HTTP Request: GET https://queue.fal.run/rundiffusion-fal/juggernaut-flux-lora/requests/019f99ff-f120-7cd1-b945-938fb79482d6/status?logs=false "HTTP/1.1 202 Accepted"
2026-07-25 17:00:11,470 [INFO] httpx: HTTP Request: GET https://queue.fal.run/rundiffusion-fal/juggernaut-flux-lora/requests/019f99ff-f120-7cd1-b945-938fb79482d6/status?logs=false "HTTP/1.1 202 Accepted"
2026-07-25 17:00:11,829 [INFO] httpx: HTTP Request: GET https://queue.fal.run/rundiffusion-fal/juggernaut-flux-lora/requests/019f99ff-f120-7cd1-b945-938fb79482d6/status?logs=false "HTTP/1.1 202 Accepted"
2026-07-25 17:00:12,196 [INFO] httpx: HTTP Request: GET https://queue.fal.run/rundiffusion-fal/juggernaut-flux-lora/requests/019f99ff-f120-7cd1-b945-938fb79482d6/status?logs=false "HTTP/1.1 202 Accepted"
2026-07-25 17:00:12,558 [INFO] httpx: HTTP Request: GET https://queue.fal.run/rundiffusion-fal/juggernaut-flux-lora/requests/019f99ff-f120-7cd1-b945-938fb79482d6/status?logs=false "HTTP/1.1 202 Accepted"
2026-07-25 17:00:12,917 [INFO] httpx: HTTP Request: GET https://queue.fal.run/rundiffusion-fal/juggernaut-flux-lora/requests/019f99ff-f120-7cd1-b945-938fb79482d6/status?logs=false "HTTP/1.1 202 Accepted"
2026-07-25 17:00:13,264 [INFO] httpx: HTTP Request: GET https://queue.fal.run/rundiffusion-fal/juggernaut-flux-lora/requests/019f99ff-f120-7cd1-b945-938fb79482d6/status?logs=false "HTTP/1.1 202 Accepted"
2026-07-25 17:00:13,627 [INFO] httpx: HTTP Request: GET https://queue.fal.run/rundiffusion-fal/juggernaut-flux-lora/requests/019f99ff-f120-7cd1-b945-938fb79482d6/status?logs=false "HTTP/1.1 202 Accepted"
2026-07-25 17:00:13,993 [INFO] httpx: HTTP Request: GET https://queue.fal.run/rundiffusion-fal/juggernaut-flux-lora/requests/019f99ff-f120-7cd1-b945-938fb79482d6/status?logs=false "HTTP/1.1 202 Accepted"
2026-07-25 17:00:14,355 [INFO] httpx: HTTP Request: GET https://queue.fal.run/rundiffusion-fal/juggernaut-flux-lora/requests/019f99ff-f120-7cd1-b945-938fb79482d6/status?logs=false "HTTP/1.1 202 Accepted"
2026-07-25 17:00:14,719 [INFO] httpx: HTTP Request: GET https://queue.fal.run/rundiffusion-fal/juggernaut-flux-lora/requests/019f99ff-f120-7cd1-b945-938fb79482d6/status?logs=false "HTTP/1.1 202 Accepted"
2026-07-25 17:00:15,066 [INFO] httpx: HTTP Request: GET https://queue.fal.run/rundiffusion-fal/juggernaut-flux-lora/requests/019f99ff-f120-7cd1-b945-938fb79482d6/status?logs=false "HTTP/1.1 202 Accepted"
2026-07-25 17:00:15,423 [INFO] httpx: HTTP Request: GET https://queue.fal.run/rundiffusion-fal/juggernaut-flux-lora/requests/019f99ff-f120-7cd1-b945-938fb79482d6/status?logs=false "HTTP/1.1 202 Accepted"
2026-07-25 17:00:15,792 [INFO] httpx: HTTP Request: GET https://queue.fal.run/rundiffusion-fal/juggernaut-flux-lora/requests/019f99ff-f120-7cd1-b945-938fb79482d6/status?logs=false "HTTP/1.1 202 Accepted"
2026-07-25 17:00:16,144 [INFO] httpx: HTTP Request: GET https://queue.fal.run/rundiffusion-fal/juggernaut-flux-lora/requests/019f99ff-f120-7cd1-b945-938fb79482d6/status?logs=false "HTTP/1.1 202 Accepted"
2026-07-25 17:00:16,502 [INFO] httpx: HTTP Request: GET https://queue.fal.run/rundiffusion-fal/juggernaut-flux-lora/requests/019f99ff-f120-7cd1-b945-938fb79482d6/status?logs=false "HTTP/1.1 202 Accepted"
2026-07-25 17:00:16,854 [INFO] httpx: HTTP Request: GET https://queue.fal.run/rundiffusion-fal/juggernaut-flux-lora/requests/019f99ff-f120-7cd1-b945-938fb79482d6/status?logs=false "HTTP/1.1 202 Accepted"
2026-07-25 17:00:17,218 [INFO] httpx: HTTP Request: GET https://queue.fal.run/rundiffusion-fal/juggernaut-flux-lora/requests/019f99ff-f120-7cd1-b945-938fb79482d6/status?logs=false "HTTP/1.1 202 Accepted"
2026-07-25 17:00:17,576 [INFO] httpx: HTTP Request: GET https://queue.fal.run/rundiffusion-fal/juggernaut-flux-lora/requests/019f99ff-f120-7cd1-b945-938fb79482d6/status?logs=false "HTTP/1.1 202 Accepted"
2026-07-25 17:00:17,936 [INFO] httpx: HTTP Request: GET https://queue.fal.run/rundiffusion-fal/juggernaut-flux-lora/requests/019f99ff-f120-7cd1-b945-938fb79482d6/status?logs=false "HTTP/1.1 202 Accepted"
2026-07-25 17:00:18,300 [INFO] httpx: HTTP Request: GET https://queue.fal.run/rundiffusion-fal/juggernaut-flux-lora/requests/019f99ff-f120-7cd1-b945-938fb79482d6/status?logs=false "HTTP/1.1 202 Accepted"
2026-07-25 17:00:18,662 [INFO] httpx: HTTP Request: GET https://queue.fal.run/rundiffusion-fal/juggernaut-flux-lora/requests/019f99ff-f120-7cd1-b945-938fb79482d6/status?logs=false "HTTP/1.1 202 Accepted"
2026-07-25 17:00:19,011 [INFO] httpx: HTTP Request: GET https://queue.fal.run/rundiffusion-fal/juggernaut-flux-lora/requests/019f99ff-f120-7cd1-b945-938fb79482d6/status?logs=false "HTTP/1.1 202 Accepted"
2026-07-25 17:00:19,375 [INFO] httpx: HTTP Request: GET https://queue.fal.run/rundiffusion-fal/juggernaut-flux-lora/requests/019f99ff-f120-7cd1-b945-938fb79482d6/status?logs=false "HTTP/1.1 202 Accepted"
2026-07-25 17:00:19,725 [INFO] httpx: HTTP Request: GET https://queue.fal.run/rundiffusion-fal/juggernaut-flux-lora/requests/019f99ff-f120-7cd1-b945-938fb79482d6/status?logs=false "HTTP/1.1 202 Accepted"
2026-07-25 17:00:20,085 [INFO] httpx: HTTP Request: GET https://queue.fal.run/rundiffusion-fal/juggernaut-flux-lora/requests/019f99ff-f120-7cd1-b945-938fb79482d6/status?logs=false "HTTP/1.1 202 Accepted"
2026-07-25 17:00:20,441 [INFO] httpx: HTTP Request: GET https://queue.fal.run/rundiffusion-fal/juggernaut-flux-lora/requests/019f99ff-f120-7cd1-b945-938fb79482d6/status?logs=false "HTTP/1.1 202 Accepted"
2026-07-25 17:00:20,804 [INFO] httpx: HTTP Request: GET https://queue.fal.run/rundiffusion-fal/juggernaut-flux-lora/requests/019f99ff-f120-7cd1-b945-938fb79482d6/status?logs=false "HTTP/1.1 202 Accepted"
2026-07-25 17:00:21,172 [INFO] httpx: HTTP Request: GET https://queue.fal.run/rundiffusion-fal/juggernaut-flux-lora/requests/019f99ff-f120-7cd1-b945-938fb79482d6/status?logs=false "HTTP/1.1 202 Accepted"
2026-07-25 17:00:21,534 [INFO] httpx: HTTP Request: GET https://queue.fal.run/rundiffusion-fal/juggernaut-flux-lora/requests/019f99ff-f120-7cd1-b945-938fb79482d6/status?logs=false "HTTP/1.1 202 Accepted"
2026-07-25 17:00:21,894 [INFO] httpx: HTTP Request: GET https://queue.fal.run/rundiffusion-fal/juggernaut-flux-lora/requests/019f99ff-f120-7cd1-b945-938fb79482d6/status?logs=false "HTTP/1.1 202 Accepted"
2026-07-25 17:00:22,254 [INFO] httpx: HTTP Request: GET https://queue.fal.run/rundiffusion-fal/juggernaut-flux-lora/requests/019f99ff-f120-7cd1-b945-938fb79482d6/status?logs=false "HTTP/1.1 202 Accepted"
2026-07-25 17:00:22,617 [INFO] httpx: HTTP Request: GET https://queue.fal.run/rundiffusion-fal/juggernaut-flux-lora/requests/019f99ff-f120-7cd1-b945-938fb79482d6/status?logs=false "HTTP/1.1 202 Accepted"
2026-07-25 17:00:22,976 [INFO] httpx: HTTP Request: GET https://queue.fal.run/rundiffusion-fal/juggernaut-flux-lora/requests/019f99ff-f120-7cd1-b945-938fb79482d6/status?logs=false "HTTP/1.1 202 Accepted"
2026-07-25 17:00:23,338 [INFO] httpx: HTTP Request: GET https://queue.fal.run/rundiffusion-fal/juggernaut-flux-lora/requests/019f99ff-f120-7cd1-b945-938fb79482d6/status?logs=false "HTTP/1.1 202 Accepted"
2026-07-25 17:00:23,700 [INFO] httpx: HTTP Request: GET https://queue.fal.run/rundiffusion-fal/juggernaut-flux-lora/requests/019f99ff-f120-7cd1-b945-938fb79482d6/status?logs=false "HTTP/1.1 202 Accepted"
2026-07-25 17:00:24,062 [INFO] httpx: HTTP Request: GET https://queue.fal.run/rundiffusion-fal/juggernaut-flux-lora/requests/019f99ff-f120-7cd1-b945-938fb79482d6/status?logs=false "HTTP/1.1 202 Accepted"
2026-07-25 17:00:24,420 [INFO] httpx: HTTP Request: GET https://queue.fal.run/rundiffusion-fal/juggernaut-flux-lora/requests/019f99ff-f120-7cd1-b945-938fb79482d6/status?logs=false "HTTP/1.1 202 Accepted"
2026-07-25 17:00:24,782 [INFO] httpx: HTTP Request: GET https://queue.fal.run/rundiffusion-fal/juggernaut-flux-lora/requests/019f99ff-f120-7cd1-b945-938fb79482d6/status?logs=false "HTTP/1.1 202 Accepted"
2026-07-25 17:00:25,129 [INFO] httpx: HTTP Request: GET https://queue.fal.run/rundiffusion-fal/juggernaut-flux-lora/requests/019f99ff-f120-7cd1-b945-938fb79482d6/status?logs=false "HTTP/1.1 202 Accepted"
2026-07-25 17:00:25,490 [INFO] httpx: HTTP Request: GET https://queue.fal.run/rundiffusion-fal/juggernaut-flux-lora/requests/019f99ff-f120-7cd1-b945-938fb79482d6/status?logs=false "HTTP/1.1 202 Accepted"
2026-07-25 17:00:25,864 [INFO] httpx: HTTP Request: GET https://queue.fal.run/rundiffusion-fal/juggernaut-flux-lora/requests/019f99ff-f120-7cd1-b945-938fb79482d6/status?logs=false "HTTP/1.1 202 Accepted"
2026-07-25 17:00:26,222 [INFO] httpx: HTTP Request: GET https://queue.fal.run/rundiffusion-fal/juggernaut-flux-lora/requests/019f99ff-f120-7cd1-b945-938fb79482d6/status?logs=false "HTTP/1.1 202 Accepted"
2026-07-25 17:00:26,558 [INFO] httpx: HTTP Request: GET https://queue.fal.run/rundiffusion-fal/juggernaut-flux-lora/requests/019f99ff-f120-7cd1-b945-938fb79482d6/status?logs=false "HTTP/1.1 202 Accepted"
2026-07-25 17:00:26,919 [INFO] httpx: HTTP Request: GET https://queue.fal.run/rundiffusion-fal/juggernaut-flux-lora/requests/019f99ff-f120-7cd1-b945-938fb79482d6/status?logs=false "HTTP/1.1 202 Accepted"
2026-07-25 17:00:27,282 [INFO] httpx: HTTP Request: GET https://queue.fal.run/rundiffusion-fal/juggernaut-flux-lora/requests/019f99ff-f120-7cd1-b945-938fb79482d6/status?logs=false "HTTP/1.1 202 Accepted"
2026-07-25 17:00:27,637 [INFO] httpx: HTTP Request: GET https://queue.fal.run/rundiffusion-fal/juggernaut-flux-lora/requests/019f99ff-f120-7cd1-b945-938fb79482d6/status?logs=false "HTTP/1.1 202 Accepted"
2026-07-25 17:00:28,005 [INFO] httpx: HTTP Request: GET https://queue.fal.run/rundiffusion-fal/juggernaut-flux-lora/requests/019f99ff-f120-7cd1-b945-938fb79482d6/status?logs=false "HTTP/1.1 202 Accepted"
2026-07-25 17:00:28,350 [INFO] httpx: HTTP Request: GET https://queue.fal.run/rundiffusion-fal/juggernaut-flux-lora/requests/019f99ff-f120-7cd1-b945-938fb79482d6/status?logs=false "HTTP/1.1 202 Accepted"
2026-07-25 17:00:28,700 [INFO] httpx: HTTP Request: GET https://queue.fal.run/rundiffusion-fal/juggernaut-flux-lora/requests/019f99ff-f120-7cd1-b945-938fb79482d6/status?logs=false "HTTP/1.1 202 Accepted"
2026-07-25 17:00:29,069 [INFO] httpx: HTTP Request: GET https://queue.fal.run/rundiffusion-fal/juggernaut-flux-lora/requests/019f99ff-f120-7cd1-b945-938fb79482d6/status?logs=false "HTTP/1.1 202 Accepted"
2026-07-25 17:00:29,419 [INFO] httpx: HTTP Request: GET https://queue.fal.run/rundiffusion-fal/juggernaut-flux-lora/requests/019f99ff-f120-7cd1-b945-938fb79482d6/status?logs=false "HTTP/1.1 202 Accepted"
2026-07-25 17:00:29,786 [INFO] httpx: HTTP Request: GET https://queue.fal.run/rundiffusion-fal/juggernaut-flux-lora/requests/019f99ff-f120-7cd1-b945-938fb79482d6/status?logs=false "HTTP/1.1 202 Accepted"
2026-07-25 17:00:30,147 [INFO] httpx: HTTP Request: GET https://queue.fal.run/rundiffusion-fal/juggernaut-flux-lora/requests/019f99ff-f120-7cd1-b945-938fb79482d6/status?logs=false "HTTP/1.1 202 Accepted"
2026-07-25 17:00:30,510 [INFO] httpx: HTTP Request: GET https://queue.fal.run/rundiffusion-fal/juggernaut-flux-lora/requests/019f99ff-f120-7cd1-b945-938fb79482d6/status?logs=false "HTTP/1.1 202 Accepted"
2026-07-25 17:00:30,875 [INFO] httpx: HTTP Request: GET https://queue.fal.run/rundiffusion-fal/juggernaut-flux-lora/requests/019f99ff-f120-7cd1-b945-938fb79482d6/status?logs=false "HTTP/1.1 202 Accepted"
2026-07-25 17:00:31,227 [INFO] httpx: HTTP Request: GET https://queue.fal.run/rundiffusion-fal/juggernaut-flux-lora/requests/019f99ff-f120-7cd1-b945-938fb79482d6/status?logs=false "HTTP/1.1 202 Accepted"
2026-07-25 17:00:31,593 [INFO] httpx: HTTP Request: GET https://queue.fal.run/rundiffusion-fal/juggernaut-flux-lora/requests/019f99ff-f120-7cd1-b945-938fb79482d6/status?logs=false "HTTP/1.1 202 Accepted"
2026-07-25 17:00:31,954 [INFO] httpx: HTTP Request: GET https://queue.fal.run/rundiffusion-fal/juggernaut-flux-lora/requests/019f99ff-f120-7cd1-b945-938fb79482d6/status?logs=false "HTTP/1.1 202 Accepted"
2026-07-25 17:00:32,318 [INFO] httpx: HTTP Request: GET https://queue.fal.run/rundiffusion-fal/juggernaut-flux-lora/requests/019f99ff-f120-7cd1-b945-938fb79482d6/status?logs=false "HTTP/1.1 202 Accepted"
2026-07-25 17:00:32,674 [INFO] httpx: HTTP Request: GET https://queue.fal.run/rundiffusion-fal/juggernaut-flux-lora/requests/019f99ff-f120-7cd1-b945-938fb79482d6/status?logs=false "HTTP/1.1 202 Accepted"
2026-07-25 17:00:33,040 [INFO] httpx: HTTP Request: GET https://queue.fal.run/rundiffusion-fal/juggernaut-flux-lora/requests/019f99ff-f120-7cd1-b945-938fb79482d6/status?logs=false "HTTP/1.1 202 Accepted"
2026-07-25 17:00:33,416 [INFO] httpx: HTTP Request: GET https://queue.fal.run/rundiffusion-fal/juggernaut-flux-lora/requests/019f99ff-f120-7cd1-b945-938fb79482d6/status?logs=false "HTTP/1.1 202 Accepted"
2026-07-25 17:00:33,765 [INFO] httpx: HTTP Request: GET https://queue.fal.run/rundiffusion-fal/juggernaut-flux-lora/requests/019f99ff-f120-7cd1-b945-938fb79482d6/status?logs=false "HTTP/1.1 202 Accepted"
2026-07-25 17:00:34,124 [INFO] httpx: HTTP Request: GET https://queue.fal.run/rundiffusion-fal/juggernaut-flux-lora/requests/019f99ff-f120-7cd1-b945-938fb79482d6/status?logs=false "HTTP/1.1 202 Accepted"
2026-07-25 17:00:34,485 [INFO] httpx: HTTP Request: GET https://queue.fal.run/rundiffusion-fal/juggernaut-flux-lora/requests/019f99ff-f120-7cd1-b945-938fb79482d6/status?logs=false "HTTP/1.1 202 Accepted"
2026-07-25 17:00:34,848 [INFO] httpx: HTTP Request: GET https://queue.fal.run/rundiffusion-fal/juggernaut-flux-lora/requests/019f99ff-f120-7cd1-b945-938fb79482d6/status?logs=false "HTTP/1.1 202 Accepted"
2026-07-25 17:00:35,196 [INFO] httpx: HTTP Request: GET https://queue.fal.run/rundiffusion-fal/juggernaut-flux-lora/requests/019f99ff-f120-7cd1-b945-938fb79482d6/status?logs=false "HTTP/1.1 202 Accepted"
2026-07-25 17:00:35,558 [INFO] httpx: HTTP Request: GET https://queue.fal.run/rundiffusion-fal/juggernaut-flux-lora/requests/019f99ff-f120-7cd1-b945-938fb79482d6/status?logs=false "HTTP/1.1 202 Accepted"
2026-07-25 17:00:35,919 [INFO] httpx: HTTP Request: GET https://queue.fal.run/rundiffusion-fal/juggernaut-flux-lora/requests/019f99ff-f120-7cd1-b945-938fb79482d6/status?logs=false "HTTP/1.1 202 Accepted"
2026-07-25 17:00:36,279 [INFO] httpx: HTTP Request: GET https://queue.fal.run/rundiffusion-fal/juggernaut-flux-lora/requests/019f99ff-f120-7cd1-b945-938fb79482d6/status?logs=false "HTTP/1.1 202 Accepted"
2026-07-25 17:00:36,648 [INFO] httpx: HTTP Request: GET https://queue.fal.run/rundiffusion-fal/juggernaut-flux-lora/requests/019f99ff-f120-7cd1-b945-938fb79482d6/status?logs=false "HTTP/1.1 202 Accepted"
2026-07-25 17:00:37,008 [INFO] httpx: HTTP Request: GET https://queue.fal.run/rundiffusion-fal/juggernaut-flux-lora/requests/019f99ff-f120-7cd1-b945-938fb79482d6/status?logs=false "HTTP/1.1 202 Accepted"
2026-07-25 17:00:37,370 [INFO] httpx: HTTP Request: GET https://queue.fal.run/rundiffusion-fal/juggernaut-flux-lora/requests/019f99ff-f120-7cd1-b945-938fb79482d6/status?logs=false "HTTP/1.1 202 Accepted"
2026-07-25 17:00:37,734 [INFO] httpx: HTTP Request: GET https://queue.fal.run/rundiffusion-fal/juggernaut-flux-lora/requests/019f99ff-f120-7cd1-b945-938fb79482d6/status?logs=false "HTTP/1.1 202 Accepted"
2026-07-25 17:00:38,090 [INFO] httpx: HTTP Request: GET https://queue.fal.run/rundiffusion-fal/juggernaut-flux-lora/requests/019f99ff-f120-7cd1-b945-938fb79482d6/status?logs=false "HTTP/1.1 202 Accepted"
2026-07-25 17:00:38,446 [INFO] httpx: HTTP Request: GET https://queue.fal.run/rundiffusion-fal/juggernaut-flux-lora/requests/019f99ff-f120-7cd1-b945-938fb79482d6/status?logs=false "HTTP/1.1 202 Accepted"
2026-07-25 17:00:38,821 [INFO] httpx: HTTP Request: GET https://queue.fal.run/rundiffusion-fal/juggernaut-flux-lora/requests/019f99ff-f120-7cd1-b945-938fb79482d6/status?logs=false "HTTP/1.1 202 Accepted"
2026-07-25 17:00:39,180 [INFO] httpx: HTTP Request: GET https://queue.fal.run/rundiffusion-fal/juggernaut-flux-lora/requests/019f99ff-f120-7cd1-b945-938fb79482d6/status?logs=false "HTTP/1.1 202 Accepted"
2026-07-25 17:00:39,543 [INFO] httpx: HTTP Request: GET https://queue.fal.run/rundiffusion-fal/juggernaut-flux-lora/requests/019f99ff-f120-7cd1-b945-938fb79482d6/status?logs=false "HTTP/1.1 202 Accepted"
2026-07-25 17:00:39,905 [INFO] httpx: HTTP Request: GET https://queue.fal.run/rundiffusion-fal/juggernaut-flux-lora/requests/019f99ff-f120-7cd1-b945-938fb79482d6/status?logs=false "HTTP/1.1 202 Accepted"
2026-07-25 17:00:40,259 [INFO] httpx: HTTP Request: GET https://queue.fal.run/rundiffusion-fal/juggernaut-flux-lora/requests/019f99ff-f120-7cd1-b945-938fb79482d6/status?logs=false "HTTP/1.1 202 Accepted"
2026-07-25 17:00:40,624 [INFO] httpx: HTTP Request: GET https://queue.fal.run/rundiffusion-fal/juggernaut-flux-lora/requests/019f99ff-f120-7cd1-b945-938fb79482d6/status?logs=false "HTTP/1.1 202 Accepted"
2026-07-25 17:00:40,987 [INFO] httpx: HTTP Request: GET https://queue.fal.run/rundiffusion-fal/juggernaut-flux-lora/requests/019f99ff-f120-7cd1-b945-938fb79482d6/status?logs=false "HTTP/1.1 202 Accepted"
2026-07-25 17:00:41,345 [INFO] httpx: HTTP Request: GET https://queue.fal.run/rundiffusion-fal/juggernaut-flux-lora/requests/019f99ff-f120-7cd1-b945-938fb79482d6/status?logs=false "HTTP/1.1 202 Accepted"
2026-07-25 17:00:41,711 [INFO] httpx: HTTP Request: GET https://queue.fal.run/rundiffusion-fal/juggernaut-flux-lora/requests/019f99ff-f120-7cd1-b945-938fb79482d6/status?logs=false "HTTP/1.1 202 Accepted"
2026-07-25 17:00:42,094 [INFO] httpx: HTTP Request: GET https://queue.fal.run/rundiffusion-fal/juggernaut-flux-lora/requests/019f99ff-f120-7cd1-b945-938fb79482d6/status?logs=false "HTTP/1.1 202 Accepted"
2026-07-25 17:00:42,453 [INFO] httpx: HTTP Request: GET https://queue.fal.run/rundiffusion-fal/juggernaut-flux-lora/requests/019f99ff-f120-7cd1-b945-938fb79482d6/status?logs=false "HTTP/1.1 202 Accepted"
2026-07-25 17:00:42,816 [INFO] httpx: HTTP Request: GET https://queue.fal.run/rundiffusion-fal/juggernaut-flux-lora/requests/019f99ff-f120-7cd1-b945-938fb79482d6/status?logs=false "HTTP/1.1 202 Accepted"
2026-07-25 17:00:43,180 [INFO] httpx: HTTP Request: GET https://queue.fal.run/rundiffusion-fal/juggernaut-flux-lora/requests/019f99ff-f120-7cd1-b945-938fb79482d6/status?logs=false "HTTP/1.1 202 Accepted"
2026-07-25 17:00:43,538 [INFO] httpx: HTTP Request: GET https://queue.fal.run/rundiffusion-fal/juggernaut-flux-lora/requests/019f99ff-f120-7cd1-b945-938fb79482d6/status?logs=false "HTTP/1.1 202 Accepted"
2026-07-25 17:00:43,910 [INFO] httpx: HTTP Request: GET https://queue.fal.run/rundiffusion-fal/juggernaut-flux-lora/requests/019f99ff-f120-7cd1-b945-938fb79482d6/status?logs=false "HTTP/1.1 202 Accepted"
2026-07-25 17:00:44,271 [INFO] httpx: HTTP Request: GET https://queue.fal.run/rundiffusion-fal/juggernaut-flux-lora/requests/019f99ff-f120-7cd1-b945-938fb79482d6/status?logs=false "HTTP/1.1 202 Accepted"
2026-07-25 17:00:44,634 [INFO] httpx: HTTP Request: GET https://queue.fal.run/rundiffusion-fal/juggernaut-flux-lora/requests/019f99ff-f120-7cd1-b945-938fb79482d6/status?logs=false "HTTP/1.1 202 Accepted"
2026-07-25 17:00:44,999 [INFO] httpx: HTTP Request: GET https://queue.fal.run/rundiffusion-fal/juggernaut-flux-lora/requests/019f99ff-f120-7cd1-b945-938fb79482d6/status?logs=false "HTTP/1.1 202 Accepted"
2026-07-25 17:00:45,365 [INFO] httpx: HTTP Request: GET https://queue.fal.run/rundiffusion-fal/juggernaut-flux-lora/requests/019f99ff-f120-7cd1-b945-938fb79482d6/status?logs=false "HTTP/1.1 202 Accepted"
2026-07-25 17:00:45,717 [INFO] httpx: HTTP Request: GET https://queue.fal.run/rundiffusion-fal/juggernaut-flux-lora/requests/019f99ff-f120-7cd1-b945-938fb79482d6/status?logs=false "HTTP/1.1 202 Accepted"
2026-07-25 17:00:46,083 [INFO] httpx: HTTP Request: GET https://queue.fal.run/rundiffusion-fal/juggernaut-flux-lora/requests/019f99ff-f120-7cd1-b945-938fb79482d6/status?logs=false "HTTP/1.1 202 Accepted"
2026-07-25 17:00:46,446 [INFO] httpx: HTTP Request: GET https://queue.fal.run/rundiffusion-fal/juggernaut-flux-lora/requests/019f99ff-f120-7cd1-b945-938fb79482d6/status?logs=false "HTTP/1.1 202 Accepted"
2026-07-25 17:00:46,781 [INFO] httpx: HTTP Request: GET https://queue.fal.run/rundiffusion-fal/juggernaut-flux-lora/requests/019f99ff-f120-7cd1-b945-938fb79482d6/status?logs=false "HTTP/1.1 202 Accepted"
2026-07-25 17:00:47,128 [INFO] httpx: HTTP Request: GET https://queue.fal.run/rundiffusion-fal/juggernaut-flux-lora/requests/019f99ff-f120-7cd1-b945-938fb79482d6/status?logs=false "HTTP/1.1 202 Accepted"
2026-07-25 17:00:47,485 [INFO] httpx: HTTP Request: GET https://queue.fal.run/rundiffusion-fal/juggernaut-flux-lora/requests/019f99ff-f120-7cd1-b945-938fb79482d6/status?logs=false "HTTP/1.1 202 Accepted"
2026-07-25 17:00:47,846 [INFO] httpx: HTTP Request: GET https://queue.fal.run/rundiffusion-fal/juggernaut-flux-lora/requests/019f99ff-f120-7cd1-b945-938fb79482d6/status?logs=false "HTTP/1.1 202 Accepted"
2026-07-25 17:00:48,213 [INFO] httpx: HTTP Request: GET https://queue.fal.run/rundiffusion-fal/juggernaut-flux-lora/requests/019f99ff-f120-7cd1-b945-938fb79482d6/status?logs=false "HTTP/1.1 202 Accepted"
2026-07-25 17:00:48,575 [INFO] httpx: HTTP Request: GET https://queue.fal.run/rundiffusion-fal/juggernaut-flux-lora/requests/019f99ff-f120-7cd1-b945-938fb79482d6/status?logs=false "HTTP/1.1 202 Accepted"
2026-07-25 17:00:48,940 [INFO] httpx: HTTP Request: GET https://queue.fal.run/rundiffusion-fal/juggernaut-flux-lora/requests/019f99ff-f120-7cd1-b945-938fb79482d6/status?logs=false "HTTP/1.1 202 Accepted"
2026-07-25 17:00:49,292 [INFO] httpx: HTTP Request: GET https://queue.fal.run/rundiffusion-fal/juggernaut-flux-lora/requests/019f99ff-f120-7cd1-b945-938fb79482d6/status?logs=false "HTTP/1.1 202 Accepted"
2026-07-25 17:00:49,659 [INFO] httpx: HTTP Request: GET https://queue.fal.run/rundiffusion-fal/juggernaut-flux-lora/requests/019f99ff-f120-7cd1-b945-938fb79482d6/status?logs=false "HTTP/1.1 202 Accepted"
2026-07-25 17:00:50,022 [INFO] httpx: HTTP Request: GET https://queue.fal.run/rundiffusion-fal/juggernaut-flux-lora/requests/019f99ff-f120-7cd1-b945-938fb79482d6/status?logs=false "HTTP/1.1 202 Accepted"
2026-07-25 17:00:50,359 [INFO] httpx: HTTP Request: GET https://queue.fal.run/rundiffusion-fal/juggernaut-flux-lora/requests/019f99ff-f120-7cd1-b945-938fb79482d6/status?logs=false "HTTP/1.1 202 Accepted"
2026-07-25 17:00:50,719 [INFO] httpx: HTTP Request: GET https://queue.fal.run/rundiffusion-fal/juggernaut-flux-lora/requests/019f99ff-f120-7cd1-b945-938fb79482d6/status?logs=false "HTTP/1.1 202 Accepted"
2026-07-25 17:00:51,082 [INFO] httpx: HTTP Request: GET https://queue.fal.run/rundiffusion-fal/juggernaut-flux-lora/requests/019f99ff-f120-7cd1-b945-938fb79482d6/status?logs=false "HTTP/1.1 202 Accepted"
2026-07-25 17:00:51,440 [INFO] httpx: HTTP Request: GET https://queue.fal.run/rundiffusion-fal/juggernaut-flux-lora/requests/019f99ff-f120-7cd1-b945-938fb79482d6/status?logs=false "HTTP/1.1 202 Accepted"
2026-07-25 17:00:51,798 [INFO] httpx: HTTP Request: GET https://queue.fal.run/rundiffusion-fal/juggernaut-flux-lora/requests/019f99ff-f120-7cd1-b945-938fb79482d6/status?logs=false "HTTP/1.1 202 Accepted"
2026-07-25 17:00:52,161 [INFO] httpx: HTTP Request: GET https://queue.fal.run/rundiffusion-fal/juggernaut-flux-lora/requests/019f99ff-f120-7cd1-b945-938fb79482d6/status?logs=false "HTTP/1.1 202 Accepted"
2026-07-25 17:00:52,541 [INFO] httpx: HTTP Request: GET https://queue.fal.run/rundiffusion-fal/juggernaut-flux-lora/requests/019f99ff-f120-7cd1-b945-938fb79482d6/status?logs=false "HTTP/1.1 202 Accepted"
2026-07-25 17:00:52,909 [INFO] httpx: HTTP Request: GET https://queue.fal.run/rundiffusion-fal/juggernaut-flux-lora/requests/019f99ff-f120-7cd1-b945-938fb79482d6/status?logs=false "HTTP/1.1 202 Accepted"
2026-07-25 17:00:53,269 [INFO] httpx: HTTP Request: GET https://queue.fal.run/rundiffusion-fal/juggernaut-flux-lora/requests/019f99ff-f120-7cd1-b945-938fb79482d6/status?logs=false "HTTP/1.1 202 Accepted"
2026-07-25 17:00:53,630 [INFO] httpx: HTTP Request: GET https://queue.fal.run/rundiffusion-fal/juggernaut-flux-lora/requests/019f99ff-f120-7cd1-b945-938fb79482d6/status?logs=false "HTTP/1.1 202 Accepted"
2026-07-25 17:00:53,985 [INFO] httpx: HTTP Request: GET https://queue.fal.run/rundiffusion-fal/juggernaut-flux-lora/requests/019f99ff-f120-7cd1-b945-938fb79482d6/status?logs=false "HTTP/1.1 202 Accepted"
2026-07-25 17:00:54,346 [INFO] httpx: HTTP Request: GET https://queue.fal.run/rundiffusion-fal/juggernaut-flux-lora/requests/019f99ff-f120-7cd1-b945-938fb79482d6/status?logs=false "HTTP/1.1 202 Accepted"
2026-07-25 17:00:54,706 [INFO] httpx: HTTP Request: GET https://queue.fal.run/rundiffusion-fal/juggernaut-flux-lora/requests/019f99ff-f120-7cd1-b945-938fb79482d6/status?logs=false "HTTP/1.1 202 Accepted"
2026-07-25 17:00:55,043 [INFO] httpx: HTTP Request: GET https://queue.fal.run/rundiffusion-fal/juggernaut-flux-lora/requests/019f99ff-f120-7cd1-b945-938fb79482d6/status?logs=false "HTTP/1.1 202 Accepted"
2026-07-25 17:00:55,408 [INFO] httpx: HTTP Request: GET https://queue.fal.run/rundiffusion-fal/juggernaut-flux-lora/requests/019f99ff-f120-7cd1-b945-938fb79482d6/status?logs=false "HTTP/1.1 202 Accepted"
2026-07-25 17:00:55,772 [INFO] httpx: HTTP Request: GET https://queue.fal.run/rundiffusion-fal/juggernaut-flux-lora/requests/019f99ff-f120-7cd1-b945-938fb79482d6/status?logs=false "HTTP/1.1 202 Accepted"
2026-07-25 17:00:56,131 [INFO] httpx: HTTP Request: GET https://queue.fal.run/rundiffusion-fal/juggernaut-flux-lora/requests/019f99ff-f120-7cd1-b945-938fb79482d6/status?logs=false "HTTP/1.1 202 Accepted"
2026-07-25 17:00:56,505 [INFO] httpx: HTTP Request: GET https://queue.fal.run/rundiffusion-fal/juggernaut-flux-lora/requests/019f99ff-f120-7cd1-b945-938fb79482d6/status?logs=false "HTTP/1.1 202 Accepted"
2026-07-25 17:00:56,864 [INFO] httpx: HTTP Request: GET https://queue.fal.run/rundiffusion-fal/juggernaut-flux-lora/requests/019f99ff-f120-7cd1-b945-938fb79482d6/status?logs=false "HTTP/1.1 202 Accepted"
2026-07-25 17:00:57,221 [INFO] httpx: HTTP Request: GET https://queue.fal.run/rundiffusion-fal/juggernaut-flux-lora/requests/019f99ff-f120-7cd1-b945-938fb79482d6/status?logs=false "HTTP/1.1 202 Accepted"
2026-07-25 17:00:57,588 [INFO] httpx: HTTP Request: GET https://queue.fal.run/rundiffusion-fal/juggernaut-flux-lora/requests/019f99ff-f120-7cd1-b945-938fb79482d6/status?logs=false "HTTP/1.1 202 Accepted"
2026-07-25 17:00:57,954 [INFO] httpx: HTTP Request: GET https://queue.fal.run/rundiffusion-fal/juggernaut-flux-lora/requests/019f99ff-f120-7cd1-b945-938fb79482d6/status?logs=false "HTTP/1.1 202 Accepted"
2026-07-25 17:00:58,305 [INFO] httpx: HTTP Request: GET https://queue.fal.run/rundiffusion-fal/juggernaut-flux-lora/requests/019f99ff-f120-7cd1-b945-938fb79482d6/status?logs=false "HTTP/1.1 202 Accepted"
2026-07-25 17:00:58,670 [INFO] httpx: HTTP Request: GET https://queue.fal.run/rundiffusion-fal/juggernaut-flux-lora/requests/019f99ff-f120-7cd1-b945-938fb79482d6/status?logs=false "HTTP/1.1 202 Accepted"
2026-07-25 17:00:59,030 [INFO] httpx: HTTP Request: GET https://queue.fal.run/rundiffusion-fal/juggernaut-flux-lora/requests/019f99ff-f120-7cd1-b945-938fb79482d6/status?logs=false "HTTP/1.1 202 Accepted"
2026-07-25 17:00:59,390 [INFO] httpx: HTTP Request: GET https://queue.fal.run/rundiffusion-fal/juggernaut-flux-lora/requests/019f99ff-f120-7cd1-b945-938fb79482d6/status?logs=false "HTTP/1.1 202 Accepted"
2026-07-25 17:00:59,756 [INFO] httpx: HTTP Request: GET https://queue.fal.run/rundiffusion-fal/juggernaut-flux-lora/requests/019f99ff-f120-7cd1-b945-938fb79482d6/status?logs=false "HTTP/1.1 202 Accepted"
2026-07-25 17:01:00,124 [INFO] httpx: HTTP Request: GET https://queue.fal.run/rundiffusion-fal/juggernaut-flux-lora/requests/019f99ff-f120-7cd1-b945-938fb79482d6/status?logs=false "HTTP/1.1 202 Accepted"
2026-07-25 17:01:00,477 [INFO] httpx: HTTP Request: GET https://queue.fal.run/rundiffusion-fal/juggernaut-flux-lora/requests/019f99ff-f120-7cd1-b945-938fb79482d6/status?logs=false "HTTP/1.1 202 Accepted"
2026-07-25 17:01:00,830 [INFO] httpx: HTTP Request: GET https://queue.fal.run/rundiffusion-fal/juggernaut-flux-lora/requests/019f99ff-f120-7cd1-b945-938fb79482d6/status?logs=false "HTTP/1.1 202 Accepted"
2026-07-25 17:01:01,186 [INFO] httpx: HTTP Request: GET https://queue.fal.run/rundiffusion-fal/juggernaut-flux-lora/requests/019f99ff-f120-7cd1-b945-938fb79482d6/status?logs=false "HTTP/1.1 202 Accepted"
2026-07-25 17:01:01,547 [INFO] httpx: HTTP Request: GET https://queue.fal.run/rundiffusion-fal/juggernaut-flux-lora/requests/019f99ff-f120-7cd1-b945-938fb79482d6/status?logs=false "HTTP/1.1 202 Accepted"
2026-07-25 17:01:01,897 [INFO] httpx: HTTP Request: GET https://queue.fal.run/rundiffusion-fal/juggernaut-flux-lora/requests/019f99ff-f120-7cd1-b945-938fb79482d6/status?logs=false "HTTP/1.1 202 Accepted"
2026-07-25 17:01:02,227 [INFO] httpx: HTTP Request: GET https://queue.fal.run/rundiffusion-fal/juggernaut-flux-lora/requests/019f99ff-f120-7cd1-b945-938fb79482d6/status?logs=false "HTTP/1.1 202 Accepted"
2026-07-25 17:01:02,591 [INFO] httpx: HTTP Request: GET https://queue.fal.run/rundiffusion-fal/juggernaut-flux-lora/requests/019f99ff-f120-7cd1-b945-938fb79482d6/status?logs=false "HTTP/1.1 202 Accepted"
2026-07-25 17:01:02,947 [INFO] httpx: HTTP Request: GET https://queue.fal.run/rundiffusion-fal/juggernaut-flux-lora/requests/019f99ff-f120-7cd1-b945-938fb79482d6/status?logs=false "HTTP/1.1 202 Accepted"
2026-07-25 17:01:03,273 [INFO] httpx: HTTP Request: GET https://queue.fal.run/rundiffusion-fal/juggernaut-flux-lora/requests/019f99ff-f120-7cd1-b945-938fb79482d6/status?logs=false "HTTP/1.1 202 Accepted"
2026-07-25 17:01:03,625 [INFO] httpx: HTTP Request: GET https://queue.fal.run/rundiffusion-fal/juggernaut-flux-lora/requests/019f99ff-f120-7cd1-b945-938fb79482d6/status?logs=false "HTTP/1.1 202 Accepted"
2026-07-25 17:01:03,992 [INFO] httpx: HTTP Request: GET https://queue.fal.run/rundiffusion-fal/juggernaut-flux-lora/requests/019f99ff-f120-7cd1-b945-938fb79482d6/status?logs=false "HTTP/1.1 202 Accepted"
2026-07-25 17:01:04,355 [INFO] httpx: HTTP Request: GET https://queue.fal.run/rundiffusion-fal/juggernaut-flux-lora/requests/019f99ff-f120-7cd1-b945-938fb79482d6/status?logs=false "HTTP/1.1 202 Accepted"
2026-07-25 17:01:04,704 [INFO] httpx: HTTP Request: GET https://queue.fal.run/rundiffusion-fal/juggernaut-flux-lora/requests/019f99ff-f120-7cd1-b945-938fb79482d6/status?logs=false "HTTP/1.1 202 Accepted"
2026-07-25 17:01:05,069 [INFO] httpx: HTTP Request: GET https://queue.fal.run/rundiffusion-fal/juggernaut-flux-lora/requests/019f99ff-f120-7cd1-b945-938fb79482d6/status?logs=false "HTTP/1.1 202 Accepted"
2026-07-25 17:01:05,434 [INFO] httpx: HTTP Request: GET https://queue.fal.run/rundiffusion-fal/juggernaut-flux-lora/requests/019f99ff-f120-7cd1-b945-938fb79482d6/status?logs=false "HTTP/1.1 202 Accepted"
2026-07-25 17:01:05,797 [INFO] httpx: HTTP Request: GET https://queue.fal.run/rundiffusion-fal/juggernaut-flux-lora/requests/019f99ff-f120-7cd1-b945-938fb79482d6/status?logs=false "HTTP/1.1 202 Accepted"
2026-07-25 17:01:06,152 [INFO] httpx: HTTP Request: GET https://queue.fal.run/rundiffusion-fal/juggernaut-flux-lora/requests/019f99ff-f120-7cd1-b945-938fb79482d6/status?logs=false "HTTP/1.1 202 Accepted"
2026-07-25 17:01:06,517 [INFO] httpx: HTTP Request: GET https://queue.fal.run/rundiffusion-fal/juggernaut-flux-lora/requests/019f99ff-f120-7cd1-b945-938fb79482d6/status?logs=false "HTTP/1.1 202 Accepted"
2026-07-25 17:01:06,881 [INFO] httpx: HTTP Request: GET https://queue.fal.run/rundiffusion-fal/juggernaut-flux-lora/requests/019f99ff-f120-7cd1-b945-938fb79482d6/status?logs=false "HTTP/1.1 202 Accepted"
2026-07-25 17:01:07,242 [INFO] httpx: HTTP Request: GET https://queue.fal.run/rundiffusion-fal/juggernaut-flux-lora/requests/019f99ff-f120-7cd1-b945-938fb79482d6/status?logs=false "HTTP/1.1 202 Accepted"
2026-07-25 17:01:07,602 [INFO] httpx: HTTP Request: GET https://queue.fal.run/rundiffusion-fal/juggernaut-flux-lora/requests/019f99ff-f120-7cd1-b945-938fb79482d6/status?logs=false "HTTP/1.1 202 Accepted"
2026-07-25 17:01:07,967 [INFO] httpx: HTTP Request: GET https://queue.fal.run/rundiffusion-fal/juggernaut-flux-lora/requests/019f99ff-f120-7cd1-b945-938fb79482d6/status?logs=false "HTTP/1.1 202 Accepted"
2026-07-25 17:01:08,336 [INFO] httpx: HTTP Request: GET https://queue.fal.run/rundiffusion-fal/juggernaut-flux-lora/requests/019f99ff-f120-7cd1-b945-938fb79482d6/status?logs=false "HTTP/1.1 202 Accepted"
2026-07-25 17:01:08,697 [INFO] httpx: HTTP Request: GET https://queue.fal.run/rundiffusion-fal/juggernaut-flux-lora/requests/019f99ff-f120-7cd1-b945-938fb79482d6/status?logs=false "HTTP/1.1 202 Accepted"
2026-07-25 17:01:09,039 [INFO] httpx: HTTP Request: GET https://queue.fal.run/rundiffusion-fal/juggernaut-flux-lora/requests/019f99ff-f120-7cd1-b945-938fb79482d6/status?logs=false "HTTP/1.1 202 Accepted"
2026-07-25 17:01:09,398 [INFO] httpx: HTTP Request: GET https://queue.fal.run/rundiffusion-fal/juggernaut-flux-lora/requests/019f99ff-f120-7cd1-b945-938fb79482d6/status?logs=false "HTTP/1.1 202 Accepted"
2026-07-25 17:01:09,756 [INFO] httpx: HTTP Request: GET https://queue.fal.run/rundiffusion-fal/juggernaut-flux-lora/requests/019f99ff-f120-7cd1-b945-938fb79482d6/status?logs=false "HTTP/1.1 202 Accepted"
2026-07-25 17:01:10,117 [INFO] httpx: HTTP Request: GET https://queue.fal.run/rundiffusion-fal/juggernaut-flux-lora/requests/019f99ff-f120-7cd1-b945-938fb79482d6/status?logs=false "HTTP/1.1 202 Accepted"
2026-07-25 17:01:10,503 [INFO] httpx: HTTP Request: GET https://queue.fal.run/rundiffusion-fal/juggernaut-flux-lora/requests/019f99ff-f120-7cd1-b945-938fb79482d6/status?logs=false "HTTP/1.1 202 Accepted"
2026-07-25 17:01:10,858 [INFO] httpx: HTTP Request: GET https://queue.fal.run/rundiffusion-fal/juggernaut-flux-lora/requests/019f99ff-f120-7cd1-b945-938fb79482d6/status?logs=false "HTTP/1.1 202 Accepted"
2026-07-25 17:01:11,218 [INFO] httpx: HTTP Request: GET https://queue.fal.run/rundiffusion-fal/juggernaut-flux-lora/requests/019f99ff-f120-7cd1-b945-938fb79482d6/status?logs=false "HTTP/1.1 202 Accepted"
2026-07-25 17:01:11,578 [INFO] httpx: HTTP Request: GET https://queue.fal.run/rundiffusion-fal/juggernaut-flux-lora/requests/019f99ff-f120-7cd1-b945-938fb79482d6/status?logs=false "HTTP/1.1 202 Accepted"
2026-07-25 17:01:11,940 [INFO] httpx: HTTP Request: GET https://queue.fal.run/rundiffusion-fal/juggernaut-flux-lora/requests/019f99ff-f120-7cd1-b945-938fb79482d6/status?logs=false "HTTP/1.1 202 Accepted"
2026-07-25 17:01:12,298 [INFO] httpx: HTTP Request: GET https://queue.fal.run/rundiffusion-fal/juggernaut-flux-lora/requests/019f99ff-f120-7cd1-b945-938fb79482d6/status?logs=false "HTTP/1.1 202 Accepted"
2026-07-25 17:01:12,663 [INFO] httpx: HTTP Request: GET https://queue.fal.run/rundiffusion-fal/juggernaut-flux-lora/requests/019f99ff-f120-7cd1-b945-938fb79482d6/status?logs=false "HTTP/1.1 202 Accepted"
2026-07-25 17:01:13,014 [INFO] httpx: HTTP Request: GET https://queue.fal.run/rundiffusion-fal/juggernaut-flux-lora/requests/019f99ff-f120-7cd1-b945-938fb79482d6/status?logs=false "HTTP/1.1 202 Accepted"
2026-07-25 17:01:13,354 [INFO] httpx: HTTP Request: GET https://queue.fal.run/rundiffusion-fal/juggernaut-flux-lora/requests/019f99ff-f120-7cd1-b945-938fb79482d6/status?logs=false "HTTP/1.1 202 Accepted"
2026-07-25 17:01:13,720 [INFO] httpx: HTTP Request: GET https://queue.fal.run/rundiffusion-fal/juggernaut-flux-lora/requests/019f99ff-f120-7cd1-b945-938fb79482d6/status?logs=false "HTTP/1.1 202 Accepted"
2026-07-25 17:01:14,081 [INFO] httpx: HTTP Request: GET https://queue.fal.run/rundiffusion-fal/juggernaut-flux-lora/requests/019f99ff-f120-7cd1-b945-938fb79482d6/status?logs=false "HTTP/1.1 202 Accepted"
2026-07-25 17:01:14,440 [INFO] httpx: HTTP Request: GET https://queue.fal.run/rundiffusion-fal/juggernaut-flux-lora/requests/019f99ff-f120-7cd1-b945-938fb79482d6/status?logs=false "HTTP/1.1 202 Accepted"
2026-07-25 17:01:14,803 [INFO] httpx: HTTP Request: GET https://queue.fal.run/rundiffusion-fal/juggernaut-flux-lora/requests/019f99ff-f120-7cd1-b945-938fb79482d6/status?logs=false "HTTP/1.1 202 Accepted"
2026-07-25 17:01:15,165 [INFO] httpx: HTTP Request: GET https://queue.fal.run/rundiffusion-fal/juggernaut-flux-lora/requests/019f99ff-f120-7cd1-b945-938fb79482d6/status?logs=false "HTTP/1.1 202 Accepted"
2026-07-25 17:01:15,528 [INFO] httpx: HTTP Request: GET https://queue.fal.run/rundiffusion-fal/juggernaut-flux-lora/requests/019f99ff-f120-7cd1-b945-938fb79482d6/status?logs=false "HTTP/1.1 202 Accepted"
2026-07-25 17:01:15,890 [INFO] httpx: HTTP Request: GET https://queue.fal.run/rundiffusion-fal/juggernaut-flux-lora/requests/019f99ff-f120-7cd1-b945-938fb79482d6/status?logs=false "HTTP/1.1 202 Accepted"
2026-07-25 17:01:16,229 [INFO] httpx: HTTP Request: GET https://queue.fal.run/rundiffusion-fal/juggernaut-flux-lora/requests/019f99ff-f120-7cd1-b945-938fb79482d6/status?logs=false "HTTP/1.1 202 Accepted"
2026-07-25 17:01:16,591 [INFO] httpx: HTTP Request: GET https://queue.fal.run/rundiffusion-fal/juggernaut-flux-lora/requests/019f99ff-f120-7cd1-b945-938fb79482d6/status?logs=false "HTTP/1.1 202 Accepted"
2026-07-25 17:01:16,941 [INFO] httpx: HTTP Request: GET https://queue.fal.run/rundiffusion-fal/juggernaut-flux-lora/requests/019f99ff-f120-7cd1-b945-938fb79482d6/status?logs=false "HTTP/1.1 202 Accepted"
2026-07-25 17:01:17,313 [INFO] httpx: HTTP Request: GET https://queue.fal.run/rundiffusion-fal/juggernaut-flux-lora/requests/019f99ff-f120-7cd1-b945-938fb79482d6/status?logs=false "HTTP/1.1 202 Accepted"
2026-07-25 17:01:17,674 [INFO] httpx: HTTP Request: GET https://queue.fal.run/rundiffusion-fal/juggernaut-flux-lora/requests/019f99ff-f120-7cd1-b945-938fb79482d6/status?logs=false "HTTP/1.1 202 Accepted"
2026-07-25 17:01:18,032 [INFO] httpx: HTTP Request: GET https://queue.fal.run/rundiffusion-fal/juggernaut-flux-lora/requests/019f99ff-f120-7cd1-b945-938fb79482d6/status?logs=false "HTTP/1.1 202 Accepted"
2026-07-25 17:01:18,393 [INFO] httpx: HTTP Request: GET https://queue.fal.run/rundiffusion-fal/juggernaut-flux-lora/requests/019f99ff-f120-7cd1-b945-938fb79482d6/status?logs=false "HTTP/1.1 202 Accepted"
2026-07-25 17:01:18,743 [INFO] httpx: HTTP Request: GET https://queue.fal.run/rundiffusion-fal/juggernaut-flux-lora/requests/019f99ff-f120-7cd1-b945-938fb79482d6/status?logs=false "HTTP/1.1 202 Accepted"
2026-07-25 17:01:19,098 [INFO] httpx: HTTP Request: GET https://queue.fal.run/rundiffusion-fal/juggernaut-flux-lora/requests/019f99ff-f120-7cd1-b945-938fb79482d6/status?logs=false "HTTP/1.1 202 Accepted"
2026-07-25 17:01:19,459 [INFO] httpx: HTTP Request: GET https://queue.fal.run/rundiffusion-fal/juggernaut-flux-lora/requests/019f99ff-f120-7cd1-b945-938fb79482d6/status?logs=false "HTTP/1.1 202 Accepted"
2026-07-25 17:01:19,817 [INFO] httpx: HTTP Request: GET https://queue.fal.run/rundiffusion-fal/juggernaut-flux-lora/requests/019f99ff-f120-7cd1-b945-938fb79482d6/status?logs=false "HTTP/1.1 202 Accepted"
2026-07-25 17:01:20,181 [INFO] httpx: HTTP Request: GET https://queue.fal.run/rundiffusion-fal/juggernaut-flux-lora/requests/019f99ff-f120-7cd1-b945-938fb79482d6/status?logs=false "HTTP/1.1 202 Accepted"
2026-07-25 17:01:20,547 [INFO] httpx: HTTP Request: GET https://queue.fal.run/rundiffusion-fal/juggernaut-flux-lora/requests/019f99ff-f120-7cd1-b945-938fb79482d6/status?logs=false "HTTP/1.1 202 Accepted"
2026-07-25 17:01:20,913 [INFO] httpx: HTTP Request: GET https://queue.fal.run/rundiffusion-fal/juggernaut-flux-lora/requests/019f99ff-f120-7cd1-b945-938fb79482d6/status?logs=false "HTTP/1.1 202 Accepted"
2026-07-25 17:01:21,275 [INFO] httpx: HTTP Request: GET https://queue.fal.run/rundiffusion-fal/juggernaut-flux-lora/requests/019f99ff-f120-7cd1-b945-938fb79482d6/status?logs=false "HTTP/1.1 202 Accepted"
2026-07-25 17:01:21,653 [INFO] httpx: HTTP Request: GET https://queue.fal.run/rundiffusion-fal/juggernaut-flux-lora/requests/019f99ff-f120-7cd1-b945-938fb79482d6/status?logs=false "HTTP/1.1 202 Accepted"
2026-07-25 17:01:22,014 [INFO] httpx: HTTP Request: GET https://queue.fal.run/rundiffusion-fal/juggernaut-flux-lora/requests/019f99ff-f120-7cd1-b945-938fb79482d6/status?logs=false "HTTP/1.1 202 Accepted"
2026-07-25 17:01:22,380 [INFO] httpx: HTTP Request: GET https://queue.fal.run/rundiffusion-fal/juggernaut-flux-lora/requests/019f99ff-f120-7cd1-b945-938fb79482d6/status?logs=false "HTTP/1.1 202 Accepted"
2026-07-25 17:01:22,734 [INFO] httpx: HTTP Request: GET https://queue.fal.run/rundiffusion-fal/juggernaut-flux-lora/requests/019f99ff-f120-7cd1-b945-938fb79482d6/status?logs=false "HTTP/1.1 202 Accepted"
2026-07-25 17:01:23,088 [INFO] httpx: HTTP Request: GET https://queue.fal.run/rundiffusion-fal/juggernaut-flux-lora/requests/019f99ff-f120-7cd1-b945-938fb79482d6/status?logs=false "HTTP/1.1 202 Accepted"
2026-07-25 17:01:23,446 [INFO] httpx: HTTP Request: GET https://queue.fal.run/rundiffusion-fal/juggernaut-flux-lora/requests/019f99ff-f120-7cd1-b945-938fb79482d6/status?logs=false "HTTP/1.1 202 Accepted"
2026-07-25 17:01:23,808 [INFO] httpx: HTTP Request: GET https://queue.fal.run/rundiffusion-fal/juggernaut-flux-lora/requests/019f99ff-f120-7cd1-b945-938fb79482d6/status?logs=false "HTTP/1.1 202 Accepted"
2026-07-25 17:01:24,185 [INFO] httpx: HTTP Request: GET https://queue.fal.run/rundiffusion-fal/juggernaut-flux-lora/requests/019f99ff-f120-7cd1-b945-938fb79482d6/status?logs=false "HTTP/1.1 202 Accepted"
2026-07-25 17:01:24,547 [INFO] httpx: HTTP Request: GET https://queue.fal.run/rundiffusion-fal/juggernaut-flux-lora/requests/019f99ff-f120-7cd1-b945-938fb79482d6/status?logs=false "HTTP/1.1 202 Accepted"
2026-07-25 17:01:24,910 [INFO] httpx: HTTP Request: GET https://queue.fal.run/rundiffusion-fal/juggernaut-flux-lora/requests/019f99ff-f120-7cd1-b945-938fb79482d6/status?logs=false "HTTP/1.1 202 Accepted"
2026-07-25 17:01:25,252 [INFO] httpx: HTTP Request: GET https://queue.fal.run/rundiffusion-fal/juggernaut-flux-lora/requests/019f99ff-f120-7cd1-b945-938fb79482d6/status?logs=false "HTTP/1.1 202 Accepted"
2026-07-25 17:01:25,612 [INFO] httpx: HTTP Request: GET https://queue.fal.run/rundiffusion-fal/juggernaut-flux-lora/requests/019f99ff-f120-7cd1-b945-938fb79482d6/status?logs=false "HTTP/1.1 202 Accepted"
2026-07-25 17:01:25,997 [INFO] httpx: HTTP Request: GET https://queue.fal.run/rundiffusion-fal/juggernaut-flux-lora/requests/019f99ff-f120-7cd1-b945-938fb79482d6/status?logs=false "HTTP/1.1 202 Accepted"
2026-07-25 17:01:26,356 [INFO] httpx: HTTP Request: GET https://queue.fal.run/rundiffusion-fal/juggernaut-flux-lora/requests/019f99ff-f120-7cd1-b945-938fb79482d6/status?logs=false "HTTP/1.1 202 Accepted"
2026-07-25 17:01:26,698 [INFO] httpx: HTTP Request: GET https://queue.fal.run/rundiffusion-fal/juggernaut-flux-lora/requests/019f99ff-f120-7cd1-b945-938fb79482d6/status?logs=false "HTTP/1.1 202 Accepted"
2026-07-25 17:01:27,062 [INFO] httpx: HTTP Request: GET https://queue.fal.run/rundiffusion-fal/juggernaut-flux-lora/requests/019f99ff-f120-7cd1-b945-938fb79482d6/status?logs=false "HTTP/1.1 202 Accepted"
2026-07-25 17:01:27,426 [INFO] httpx: HTTP Request: GET https://queue.fal.run/rundiffusion-fal/juggernaut-flux-lora/requests/019f99ff-f120-7cd1-b945-938fb79482d6/status?logs=false "HTTP/1.1 202 Accepted"
2026-07-25 17:01:27,787 [INFO] httpx: HTTP Request: GET https://queue.fal.run/rundiffusion-fal/juggernaut-flux-lora/requests/019f99ff-f120-7cd1-b945-938fb79482d6/status?logs=false "HTTP/1.1 202 Accepted"
2026-07-25 17:01:28,143 [INFO] httpx: HTTP Request: GET https://queue.fal.run/rundiffusion-fal/juggernaut-flux-lora/requests/019f99ff-f120-7cd1-b945-938fb79482d6/status?logs=false "HTTP/1.1 202 Accepted"
2026-07-25 17:01:28,500 [INFO] httpx: HTTP Request: GET https://queue.fal.run/rundiffusion-fal/juggernaut-flux-lora/requests/019f99ff-f120-7cd1-b945-938fb79482d6/status?logs=false "HTTP/1.1 202 Accepted"
2026-07-25 17:01:28,859 [INFO] httpx: HTTP Request: GET https://queue.fal.run/rundiffusion-fal/juggernaut-flux-lora/requests/019f99ff-f120-7cd1-b945-938fb79482d6/status?logs=false "HTTP/1.1 202 Accepted"
2026-07-25 17:01:29,225 [INFO] httpx: HTTP Request: GET https://queue.fal.run/rundiffusion-fal/juggernaut-flux-lora/requests/019f99ff-f120-7cd1-b945-938fb79482d6/status?logs=false "HTTP/1.1 202 Accepted"
2026-07-25 17:01:29,590 [INFO] httpx: HTTP Request: GET https://queue.fal.run/rundiffusion-fal/juggernaut-flux-lora/requests/019f99ff-f120-7cd1-b945-938fb79482d6/status?logs=false "HTTP/1.1 202 Accepted"
2026-07-25 17:01:29,949 [INFO] httpx: HTTP Request: GET https://queue.fal.run/rundiffusion-fal/juggernaut-flux-lora/requests/019f99ff-f120-7cd1-b945-938fb79482d6/status?logs=false "HTTP/1.1 202 Accepted"
2026-07-25 17:01:30,340 [INFO] httpx: HTTP Request: GET https://queue.fal.run/rundiffusion-fal/juggernaut-flux-lora/requests/019f99ff-f120-7cd1-b945-938fb79482d6/status?logs=false "HTTP/1.1 202 Accepted"
2026-07-25 17:01:30,699 [INFO] httpx: HTTP Request: GET https://queue.fal.run/rundiffusion-fal/juggernaut-flux-lora/requests/019f99ff-f120-7cd1-b945-938fb79482d6/status?logs=false "HTTP/1.1 202 Accepted"
2026-07-25 17:01:31,044 [INFO] httpx: HTTP Request: GET https://queue.fal.run/rundiffusion-fal/juggernaut-flux-lora/requests/019f99ff-f120-7cd1-b945-938fb79482d6/status?logs=false "HTTP/1.1 202 Accepted"
2026-07-25 17:01:31,419 [INFO] httpx: HTTP Request: GET https://queue.fal.run/rundiffusion-fal/juggernaut-flux-lora/requests/019f99ff-f120-7cd1-b945-938fb79482d6/status?logs=false "HTTP/1.1 202 Accepted"
2026-07-25 17:01:31,799 [INFO] httpx: HTTP Request: GET https://queue.fal.run/rundiffusion-fal/juggernaut-flux-lora/requests/019f99ff-f120-7cd1-b945-938fb79482d6/status?logs=false "HTTP/1.1 202 Accepted"
2026-07-25 17:01:32,159 [INFO] httpx: HTTP Request: GET https://queue.fal.run/rundiffusion-fal/juggernaut-flux-lora/requests/019f99ff-f120-7cd1-b945-938fb79482d6/status?logs=false "HTTP/1.1 202 Accepted"
2026-07-25 17:01:32,516 [INFO] httpx: HTTP Request: GET https://queue.fal.run/rundiffusion-fal/juggernaut-flux-lora/requests/019f99ff-f120-7cd1-b945-938fb79482d6/status?logs=false "HTTP/1.1 202 Accepted"
2026-07-25 17:01:32,899 [INFO] httpx: HTTP Request: GET https://queue.fal.run/rundiffusion-fal/juggernaut-flux-lora/requests/019f99ff-f120-7cd1-b945-938fb79482d6/status?logs=false "HTTP/1.1 202 Accepted"
2026-07-25 17:01:33,252 [INFO] httpx: HTTP Request: GET https://queue.fal.run/rundiffusion-fal/juggernaut-flux-lora/requests/019f99ff-f120-7cd1-b945-938fb79482d6/status?logs=false "HTTP/1.1 202 Accepted"
2026-07-25 17:01:33,610 [INFO] httpx: HTTP Request: GET https://queue.fal.run/rundiffusion-fal/juggernaut-flux-lora/requests/019f99ff-f120-7cd1-b945-938fb79482d6/status?logs=false "HTTP/1.1 202 Accepted"
2026-07-25 17:01:33,981 [INFO] httpx: HTTP Request: GET https://queue.fal.run/rundiffusion-fal/juggernaut-flux-lora/requests/019f99ff-f120-7cd1-b945-938fb79482d6/status?logs=false "HTTP/1.1 202 Accepted"
2026-07-25 17:01:34,319 [INFO] httpx: HTTP Request: GET https://queue.fal.run/rundiffusion-fal/juggernaut-flux-lora/requests/019f99ff-f120-7cd1-b945-938fb79482d6/status?logs=false "HTTP/1.1 202 Accepted"
2026-07-25 17:01:34,672 [INFO] httpx: HTTP Request: GET https://queue.fal.run/rundiffusion-fal/juggernaut-flux-lora/requests/019f99ff-f120-7cd1-b945-938fb79482d6/status?logs=false "HTTP/1.1 202 Accepted"
2026-07-25 17:01:35,033 [INFO] httpx: HTTP Request: GET https://queue.fal.run/rundiffusion-fal/juggernaut-flux-lora/requests/019f99ff-f120-7cd1-b945-938fb79482d6/status?logs=false "HTTP/1.1 202 Accepted"
2026-07-25 17:01:35,398 [INFO] httpx: HTTP Request: GET https://queue.fal.run/rundiffusion-fal/juggernaut-flux-lora/requests/019f99ff-f120-7cd1-b945-938fb79482d6/status?logs=false "HTTP/1.1 202 Accepted"
2026-07-25 17:01:35,759 [INFO] httpx: HTTP Request: GET https://queue.fal.run/rundiffusion-fal/juggernaut-flux-lora/requests/019f99ff-f120-7cd1-b945-938fb79482d6/status?logs=false "HTTP/1.1 202 Accepted"
2026-07-25 17:01:36,120 [INFO] httpx: HTTP Request: GET https://queue.fal.run/rundiffusion-fal/juggernaut-flux-lora/requests/019f99ff-f120-7cd1-b945-938fb79482d6/status?logs=false "HTTP/1.1 202 Accepted"
2026-07-25 17:01:36,475 [INFO] httpx: HTTP Request: GET https://queue.fal.run/rundiffusion-fal/juggernaut-flux-lora/requests/019f99ff-f120-7cd1-b945-938fb79482d6/status?logs=false "HTTP/1.1 202 Accepted"
2026-07-25 17:01:36,836 [INFO] httpx: HTTP Request: GET https://queue.fal.run/rundiffusion-fal/juggernaut-flux-lora/requests/019f99ff-f120-7cd1-b945-938fb79482d6/status?logs=false "HTTP/1.1 202 Accepted"
2026-07-25 17:01:37,193 [INFO] httpx: HTTP Request: GET https://queue.fal.run/rundiffusion-fal/juggernaut-flux-lora/requests/019f99ff-f120-7cd1-b945-938fb79482d6/status?logs=false "HTTP/1.1 202 Accepted"
2026-07-25 17:01:37,561 [INFO] httpx: HTTP Request: GET https://queue.fal.run/rundiffusion-fal/juggernaut-flux-lora/requests/019f99ff-f120-7cd1-b945-938fb79482d6/status?logs=false "HTTP/1.1 202 Accepted"
2026-07-25 17:01:37,927 [INFO] httpx: HTTP Request: GET https://queue.fal.run/rundiffusion-fal/juggernaut-flux-lora/requests/019f99ff-f120-7cd1-b945-938fb79482d6/status?logs=false "HTTP/1.1 202 Accepted"
2026-07-25 17:01:38,265 [INFO] httpx: HTTP Request: GET https://queue.fal.run/rundiffusion-fal/juggernaut-flux-lora/requests/019f99ff-f120-7cd1-b945-938fb79482d6/status?logs=false "HTTP/1.1 202 Accepted"
2026-07-25 17:01:38,631 [INFO] httpx: HTTP Request: GET https://queue.fal.run/rundiffusion-fal/juggernaut-flux-lora/requests/019f99ff-f120-7cd1-b945-938fb79482d6/status?logs=false "HTTP/1.1 202 Accepted"
2026-07-25 17:01:38,983 [INFO] httpx: HTTP Request: GET https://queue.fal.run/rundiffusion-fal/juggernaut-flux-lora/requests/019f99ff-f120-7cd1-b945-938fb79482d6/status?logs=false "HTTP/1.1 202 Accepted"
2026-07-25 17:01:39,342 [INFO] httpx: HTTP Request: GET https://queue.fal.run/rundiffusion-fal/juggernaut-flux-lora/requests/019f99ff-f120-7cd1-b945-938fb79482d6/status?logs=false "HTTP/1.1 202 Accepted"
2026-07-25 17:01:39,707 [INFO] httpx: HTTP Request: GET https://queue.fal.run/rundiffusion-fal/juggernaut-flux-lora/requests/019f99ff-f120-7cd1-b945-938fb79482d6/status?logs=false "HTTP/1.1 202 Accepted"
2026-07-25 17:01:40,074 [INFO] httpx: HTTP Request: GET https://queue.fal.run/rundiffusion-fal/juggernaut-flux-lora/requests/019f99ff-f120-7cd1-b945-938fb79482d6/status?logs=false "HTTP/1.1 202 Accepted"
2026-07-25 17:01:40,421 [INFO] httpx: HTTP Request: GET https://queue.fal.run/rundiffusion-fal/juggernaut-flux-lora/requests/019f99ff-f120-7cd1-b945-938fb79482d6/status?logs=false "HTTP/1.1 202 Accepted"
2026-07-25 17:01:40,776 [INFO] httpx: HTTP Request: GET https://queue.fal.run/rundiffusion-fal/juggernaut-flux-lora/requests/019f99ff-f120-7cd1-b945-938fb79482d6/status?logs=false "HTTP/1.1 202 Accepted"
2026-07-25 17:01:41,133 [INFO] httpx: HTTP Request: GET https://queue.fal.run/rundiffusion-fal/juggernaut-flux-lora/requests/019f99ff-f120-7cd1-b945-938fb79482d6/status?logs=false "HTTP/1.1 202 Accepted"
2026-07-25 17:01:41,491 [INFO] httpx: HTTP Request: GET https://queue.fal.run/rundiffusion-fal/juggernaut-flux-lora/requests/019f99ff-f120-7cd1-b945-938fb79482d6/status?logs=false "HTTP/1.1 202 Accepted"
2026-07-25 17:01:41,843 [INFO] httpx: HTTP Request: GET https://queue.fal.run/rundiffusion-fal/juggernaut-flux-lora/requests/019f99ff-f120-7cd1-b945-938fb79482d6/status?logs=false "HTTP/1.1 202 Accepted"
2026-07-25 17:01:42,202 [INFO] httpx: HTTP Request: GET https://queue.fal.run/rundiffusion-fal/juggernaut-flux-lora/requests/019f99ff-f120-7cd1-b945-938fb79482d6/status?logs=false "HTTP/1.1 202 Accepted"
2026-07-25 17:01:42,550 [INFO] httpx: HTTP Request: GET https://queue.fal.run/rundiffusion-fal/juggernaut-flux-lora/requests/019f99ff-f120-7cd1-b945-938fb79482d6/status?logs=false "HTTP/1.1 202 Accepted"
2026-07-25 17:01:42,914 [INFO] httpx: HTTP Request: GET https://queue.fal.run/rundiffusion-fal/juggernaut-flux-lora/requests/019f99ff-f120-7cd1-b945-938fb79482d6/status?logs=false "HTTP/1.1 202 Accepted"
2026-07-25 17:01:43,276 [INFO] httpx: HTTP Request: GET https://queue.fal.run/rundiffusion-fal/juggernaut-flux-lora/requests/019f99ff-f120-7cd1-b945-938fb79482d6/status?logs=false "HTTP/1.1 202 Accepted"
2026-07-25 17:01:43,627 [INFO] httpx: HTTP Request: GET https://queue.fal.run/rundiffusion-fal/juggernaut-flux-lora/requests/019f99ff-f120-7cd1-b945-938fb79482d6/status?logs=false "HTTP/1.1 202 Accepted"
2026-07-25 17:01:43,989 [INFO] httpx: HTTP Request: GET https://queue.fal.run/rundiffusion-fal/juggernaut-flux-lora/requests/019f99ff-f120-7cd1-b945-938fb79482d6/status?logs=false "HTTP/1.1 202 Accepted"
2026-07-25 17:01:44,363 [INFO] httpx: HTTP Request: GET https://queue.fal.run/rundiffusion-fal/juggernaut-flux-lora/requests/019f99ff-f120-7cd1-b945-938fb79482d6/status?logs=false "HTTP/1.1 202 Accepted"
2026-07-25 17:01:44,724 [INFO] httpx: HTTP Request: GET https://queue.fal.run/rundiffusion-fal/juggernaut-flux-lora/requests/019f99ff-f120-7cd1-b945-938fb79482d6/status?logs=false "HTTP/1.1 202 Accepted"
2026-07-25 17:01:45,085 [INFO] httpx: HTTP Request: GET https://queue.fal.run/rundiffusion-fal/juggernaut-flux-lora/requests/019f99ff-f120-7cd1-b945-938fb79482d6/status?logs=false "HTTP/1.1 202 Accepted"
2026-07-25 17:01:45,441 [INFO] httpx: HTTP Request: GET https://queue.fal.run/rundiffusion-fal/juggernaut-flux-lora/requests/019f99ff-f120-7cd1-b945-938fb79482d6/status?logs=false "HTTP/1.1 202 Accepted"
2026-07-25 17:01:45,816 [INFO] httpx: HTTP Request: GET https://queue.fal.run/rundiffusion-fal/juggernaut-flux-lora/requests/019f99ff-f120-7cd1-b945-938fb79482d6/status?logs=false "HTTP/1.1 202 Accepted"
2026-07-25 17:01:46,188 [INFO] httpx: HTTP Request: GET https://queue.fal.run/rundiffusion-fal/juggernaut-flux-lora/requests/019f99ff-f120-7cd1-b945-938fb79482d6/status?logs=false "HTTP/1.1 202 Accepted"
2026-07-25 17:01:46,551 [INFO] httpx: HTTP Request: GET https://queue.fal.run/rundiffusion-fal/juggernaut-flux-lora/requests/019f99ff-f120-7cd1-b945-938fb79482d6/status?logs=false "HTTP/1.1 202 Accepted"
2026-07-25 17:01:46,911 [INFO] httpx: HTTP Request: GET https://queue.fal.run/rundiffusion-fal/juggernaut-flux-lora/requests/019f99ff-f120-7cd1-b945-938fb79482d6/status?logs=false "HTTP/1.1 202 Accepted"
2026-07-25 17:01:47,282 [INFO] httpx: HTTP Request: GET https://queue.fal.run/rundiffusion-fal/juggernaut-flux-lora/requests/019f99ff-f120-7cd1-b945-938fb79482d6/status?logs=false "HTTP/1.1 202 Accepted"
2026-07-25 17:01:47,640 [INFO] httpx: HTTP Request: GET https://queue.fal.run/rundiffusion-fal/juggernaut-flux-lora/requests/019f99ff-f120-7cd1-b945-938fb79482d6/status?logs=false "HTTP/1.1 202 Accepted"
2026-07-25 17:01:48,007 [INFO] httpx: HTTP Request: GET https://queue.fal.run/rundiffusion-fal/juggernaut-flux-lora/requests/019f99ff-f120-7cd1-b945-938fb79482d6/status?logs=false "HTTP/1.1 202 Accepted"
2026-07-25 17:01:48,369 [INFO] httpx: HTTP Request: GET https://queue.fal.run/rundiffusion-fal/juggernaut-flux-lora/requests/019f99ff-f120-7cd1-b945-938fb79482d6/status?logs=false "HTTP/1.1 202 Accepted"
2026-07-25 17:01:48,720 [INFO] httpx: HTTP Request: GET https://queue.fal.run/rundiffusion-fal/juggernaut-flux-lora/requests/019f99ff-f120-7cd1-b945-938fb79482d6/status?logs=false "HTTP/1.1 202 Accepted"
2026-07-25 17:01:49,082 [INFO] httpx: HTTP Request: GET https://queue.fal.run/rundiffusion-fal/juggernaut-flux-lora/requests/019f99ff-f120-7cd1-b945-938fb79482d6/status?logs=false "HTTP/1.1 202 Accepted"
2026-07-25 17:01:49,439 [INFO] httpx: HTTP Request: GET https://queue.fal.run/rundiffusion-fal/juggernaut-flux-lora/requests/019f99ff-f120-7cd1-b945-938fb79482d6/status?logs=false "HTTP/1.1 202 Accepted"
2026-07-25 17:01:49,787 [INFO] httpx: HTTP Request: GET https://queue.fal.run/rundiffusion-fal/juggernaut-flux-lora/requests/019f99ff-f120-7cd1-b945-938fb79482d6/status?logs=false "HTTP/1.1 202 Accepted"
2026-07-25 17:01:50,155 [INFO] httpx: HTTP Request: GET https://queue.fal.run/rundiffusion-fal/juggernaut-flux-lora/requests/019f99ff-f120-7cd1-b945-938fb79482d6/status?logs=false "HTTP/1.1 202 Accepted"
2026-07-25 17:01:50,520 [INFO] httpx: HTTP Request: GET https://queue.fal.run/rundiffusion-fal/juggernaut-flux-lora/requests/019f99ff-f120-7cd1-b945-938fb79482d6/status?logs=false "HTTP/1.1 202 Accepted"
2026-07-25 17:01:50,878 [INFO] httpx: HTTP Request: GET https://queue.fal.run/rundiffusion-fal/juggernaut-flux-lora/requests/019f99ff-f120-7cd1-b945-938fb79482d6/status?logs=false "HTTP/1.1 202 Accepted"
2026-07-25 17:01:51,244 [INFO] httpx: HTTP Request: GET https://queue.fal.run/rundiffusion-fal/juggernaut-flux-lora/requests/019f99ff-f120-7cd1-b945-938fb79482d6/status?logs=false "HTTP/1.1 202 Accepted"
2026-07-25 17:01:51,608 [INFO] httpx: HTTP Request: GET https://queue.fal.run/rundiffusion-fal/juggernaut-flux-lora/requests/019f99ff-f120-7cd1-b945-938fb79482d6/status?logs=false "HTTP/1.1 202 Accepted"
2026-07-25 17:01:51,964 [INFO] httpx: HTTP Request: GET https://queue.fal.run/rundiffusion-fal/juggernaut-flux-lora/requests/019f99ff-f120-7cd1-b945-938fb79482d6/status?logs=false "HTTP/1.1 202 Accepted"
2026-07-25 17:01:52,324 [INFO] httpx: HTTP Request: GET https://queue.fal.run/rundiffusion-fal/juggernaut-flux-lora/requests/019f99ff-f120-7cd1-b945-938fb79482d6/status?logs=false "HTTP/1.1 202 Accepted"
2026-07-25 17:01:52,683 [INFO] httpx: HTTP Request: GET https://queue.fal.run/rundiffusion-fal/juggernaut-flux-lora/requests/019f99ff-f120-7cd1-b945-938fb79482d6/status?logs=false "HTTP/1.1 202 Accepted"
2026-07-25 17:01:53,046 [INFO] httpx: HTTP Request: GET https://queue.fal.run/rundiffusion-fal/juggernaut-flux-lora/requests/019f99ff-f120-7cd1-b945-938fb79482d6/status?logs=false "HTTP/1.1 202 Accepted"
2026-07-25 17:01:53,407 [INFO] httpx: HTTP Request: GET https://queue.fal.run/rundiffusion-fal/juggernaut-flux-lora/requests/019f99ff-f120-7cd1-b945-938fb79482d6/status?logs=false "HTTP/1.1 202 Accepted"
2026-07-25 17:01:53,766 [INFO] httpx: HTTP Request: GET https://queue.fal.run/rundiffusion-fal/juggernaut-flux-lora/requests/019f99ff-f120-7cd1-b945-938fb79482d6/status?logs=false "HTTP/1.1 202 Accepted"
2026-07-25 17:01:54,115 [INFO] httpx: HTTP Request: GET https://queue.fal.run/rundiffusion-fal/juggernaut-flux-lora/requests/019f99ff-f120-7cd1-b945-938fb79482d6/status?logs=false "HTTP/1.1 202 Accepted"
2026-07-25 17:01:54,480 [INFO] httpx: HTTP Request: GET https://queue.fal.run/rundiffusion-fal/juggernaut-flux-lora/requests/019f99ff-f120-7cd1-b945-938fb79482d6/status?logs=false "HTTP/1.1 202 Accepted"
2026-07-25 17:01:54,838 [INFO] httpx: HTTP Request: GET https://queue.fal.run/rundiffusion-fal/juggernaut-flux-lora/requests/019f99ff-f120-7cd1-b945-938fb79482d6/status?logs=false "HTTP/1.1 202 Accepted"
2026-07-25 17:01:55,199 [INFO] httpx: HTTP Request: GET https://queue.fal.run/rundiffusion-fal/juggernaut-flux-lora/requests/019f99ff-f120-7cd1-b945-938fb79482d6/status?logs=false "HTTP/1.1 202 Accepted"
2026-07-25 17:01:55,559 [INFO] httpx: HTTP Request: GET https://queue.fal.run/rundiffusion-fal/juggernaut-flux-lora/requests/019f99ff-f120-7cd1-b945-938fb79482d6/status?logs=false "HTTP/1.1 202 Accepted"
2026-07-25 17:01:55,922 [INFO] httpx: HTTP Request: GET https://queue.fal.run/rundiffusion-fal/juggernaut-flux-lora/requests/019f99ff-f120-7cd1-b945-938fb79482d6/status?logs=false "HTTP/1.1 202 Accepted"
2026-07-25 17:01:56,284 [INFO] httpx: HTTP Request: GET https://queue.fal.run/rundiffusion-fal/juggernaut-flux-lora/requests/019f99ff-f120-7cd1-b945-938fb79482d6/status?logs=false "HTTP/1.1 202 Accepted"
2026-07-25 17:01:56,643 [INFO] httpx: HTTP Request: GET https://queue.fal.run/rundiffusion-fal/juggernaut-flux-lora/requests/019f99ff-f120-7cd1-b945-938fb79482d6/status?logs=false "HTTP/1.1 202 Accepted"
2026-07-25 17:01:56,991 [INFO] httpx: HTTP Request: GET https://queue.fal.run/rundiffusion-fal/juggernaut-flux-lora/requests/019f99ff-f120-7cd1-b945-938fb79482d6/status?logs=false "HTTP/1.1 202 Accepted"
2026-07-25 17:01:57,354 [INFO] httpx: HTTP Request: GET https://queue.fal.run/rundiffusion-fal/juggernaut-flux-lora/requests/019f99ff-f120-7cd1-b945-938fb79482d6/status?logs=false "HTTP/1.1 202 Accepted"
2026-07-25 17:01:57,714 [INFO] httpx: HTTP Request: GET https://queue.fal.run/rundiffusion-fal/juggernaut-flux-lora/requests/019f99ff-f120-7cd1-b945-938fb79482d6/status?logs=false "HTTP/1.1 202 Accepted"
2026-07-25 17:01:58,077 [INFO] httpx: HTTP Request: GET https://queue.fal.run/rundiffusion-fal/juggernaut-flux-lora/requests/019f99ff-f120-7cd1-b945-938fb79482d6/status?logs=false "HTTP/1.1 202 Accepted"
2026-07-25 17:01:58,435 [INFO] httpx: HTTP Request: GET https://queue.fal.run/rundiffusion-fal/juggernaut-flux-lora/requests/019f99ff-f120-7cd1-b945-938fb79482d6/status?logs=false "HTTP/1.1 202 Accepted"
2026-07-25 17:01:58,795 [INFO] httpx: HTTP Request: GET https://queue.fal.run/rundiffusion-fal/juggernaut-flux-lora/requests/019f99ff-f120-7cd1-b945-938fb79482d6/status?logs=false "HTTP/1.1 202 Accepted"
2026-07-25 17:01:59,155 [INFO] httpx: HTTP Request: GET https://queue.fal.run/rundiffusion-fal/juggernaut-flux-lora/requests/019f99ff-f120-7cd1-b945-938fb79482d6/status?logs=false "HTTP/1.1 202 Accepted"
2026-07-25 17:01:59,520 [INFO] httpx: HTTP Request: GET https://queue.fal.run/rundiffusion-fal/juggernaut-flux-lora/requests/019f99ff-f120-7cd1-b945-938fb79482d6/status?logs=false "HTTP/1.1 202 Accepted"
2026-07-25 17:01:59,880 [INFO] httpx: HTTP Request: GET https://queue.fal.run/rundiffusion-fal/juggernaut-flux-lora/requests/019f99ff-f120-7cd1-b945-938fb79482d6/status?logs=false "HTTP/1.1 202 Accepted"
2026-07-25 17:02:00,241 [INFO] httpx: HTTP Request: GET https://queue.fal.run/rundiffusion-fal/juggernaut-flux-lora/requests/019f99ff-f120-7cd1-b945-938fb79482d6/status?logs=false "HTTP/1.1 202 Accepted"
2026-07-25 17:02:00,604 [INFO] httpx: HTTP Request: GET https://queue.fal.run/rundiffusion-fal/juggernaut-flux-lora/requests/019f99ff-f120-7cd1-b945-938fb79482d6/status?logs=false "HTTP/1.1 202 Accepted"
2026-07-25 17:02:00,949 [INFO] httpx: HTTP Request: GET https://queue.fal.run/rundiffusion-fal/juggernaut-flux-lora/requests/019f99ff-f120-7cd1-b945-938fb79482d6/status?logs=false "HTTP/1.1 202 Accepted"
2026-07-25 17:02:01,298 [INFO] httpx: HTTP Request: GET https://queue.fal.run/rundiffusion-fal/juggernaut-flux-lora/requests/019f99ff-f120-7cd1-b945-938fb79482d6/status?logs=false "HTTP/1.1 202 Accepted"
2026-07-25 17:02:01,644 [INFO] httpx: HTTP Request: GET https://queue.fal.run/rundiffusion-fal/juggernaut-flux-lora/requests/019f99ff-f120-7cd1-b945-938fb79482d6/status?logs=false "HTTP/1.1 202 Accepted"
2026-07-25 17:02:02,006 [INFO] httpx: HTTP Request: GET https://queue.fal.run/rundiffusion-fal/juggernaut-flux-lora/requests/019f99ff-f120-7cd1-b945-938fb79482d6/status?logs=false "HTTP/1.1 202 Accepted"
2026-07-25 17:02:02,365 [INFO] httpx: HTTP Request: GET https://queue.fal.run/rundiffusion-fal/juggernaut-flux-lora/requests/019f99ff-f120-7cd1-b945-938fb79482d6/status?logs=false "HTTP/1.1 202 Accepted"
2026-07-25 17:02:02,716 [INFO] httpx: HTTP Request: GET https://queue.fal.run/rundiffusion-fal/juggernaut-flux-lora/requests/019f99ff-f120-7cd1-b945-938fb79482d6/status?logs=false "HTTP/1.1 202 Accepted"
2026-07-25 17:02:03,073 [INFO] httpx: HTTP Request: GET https://queue.fal.run/rundiffusion-fal/juggernaut-flux-lora/requests/019f99ff-f120-7cd1-b945-938fb79482d6/status?logs=false "HTTP/1.1 202 Accepted"
2026-07-25 17:02:03,421 [INFO] httpx: HTTP Request: GET https://queue.fal.run/rundiffusion-fal/juggernaut-flux-lora/requests/019f99ff-f120-7cd1-b945-938fb79482d6/status?logs=false "HTTP/1.1 202 Accepted"
2026-07-25 17:02:03,786 [INFO] httpx: HTTP Request: GET https://queue.fal.run/rundiffusion-fal/juggernaut-flux-lora/requests/019f99ff-f120-7cd1-b945-938fb79482d6/status?logs=false "HTTP/1.1 202 Accepted"
2026-07-25 17:02:04,195 [INFO] httpx: HTTP Request: GET https://queue.fal.run/rundiffusion-fal/juggernaut-flux-lora/requests/019f99ff-f120-7cd1-b945-938fb79482d6/status?logs=false "HTTP/1.1 202 Accepted"
2026-07-25 17:02:04,554 [INFO] httpx: HTTP Request: GET https://queue.fal.run/rundiffusion-fal/juggernaut-flux-lora/requests/019f99ff-f120-7cd1-b945-938fb79482d6/status?logs=false "HTTP/1.1 202 Accepted"
2026-07-25 17:02:05,002 [INFO] httpx: HTTP Request: GET https://queue.fal.run/rundiffusion-fal/juggernaut-flux-lora/requests/019f99ff-f120-7cd1-b945-938fb79482d6/status?logs=false "HTTP/1.1 202 Accepted"
2026-07-25 17:02:05,716 [INFO] httpx: HTTP Request: GET https://queue.fal.run/rundiffusion-fal/juggernaut-flux-lora/requests/019f99ff-f120-7cd1-b945-938fb79482d6/status?logs=false "HTTP/1.1 202 Accepted"
2026-07-25 17:02:06,240 [INFO] httpx: HTTP Request: GET https://queue.fal.run/rundiffusion-fal/juggernaut-flux-lora/requests/019f99ff-f120-7cd1-b945-938fb79482d6/status?logs=false "HTTP/1.1 202 Accepted"
2026-07-25 17:02:06,765 [INFO] httpx: HTTP Request: GET https://queue.fal.run/rundiffusion-fal/juggernaut-flux-lora/requests/019f99ff-f120-7cd1-b945-938fb79482d6/status?logs=false "HTTP/1.1 202 Accepted"
2026-07-25 17:02:07,294 [INFO] httpx: HTTP Request: GET https://queue.fal.run/rundiffusion-fal/juggernaut-flux-lora/requests/019f99ff-f120-7cd1-b945-938fb79482d6/status?logs=false "HTTP/1.1 202 Accepted"
2026-07-25 17:02:07,814 [INFO] httpx: HTTP Request: GET https://queue.fal.run/rundiffusion-fal/juggernaut-flux-lora/requests/019f99ff-f120-7cd1-b945-938fb79482d6/status?logs=false "HTTP/1.1 202 Accepted"
2026-07-25 17:02:08,340 [INFO] httpx: HTTP Request: GET https://queue.fal.run/rundiffusion-fal/juggernaut-flux-lora/requests/019f99ff-f120-7cd1-b945-938fb79482d6/status?logs=false "HTTP/1.1 202 Accepted"
2026-07-25 17:02:08,862 [INFO] httpx: HTTP Request: GET https://queue.fal.run/rundiffusion-fal/juggernaut-flux-lora/requests/019f99ff-f120-7cd1-b945-938fb79482d6/status?logs=false "HTTP/1.1 202 Accepted"
2026-07-25 17:02:09,243 [INFO] httpx: HTTP Request: GET https://queue.fal.run/rundiffusion-fal/juggernaut-flux-lora/requests/019f99ff-f120-7cd1-b945-938fb79482d6/status?logs=false "HTTP/1.1 202 Accepted"
2026-07-25 17:02:09,720 [INFO] httpx: HTTP Request: GET https://queue.fal.run/rundiffusion-fal/juggernaut-flux-lora/requests/019f99ff-f120-7cd1-b945-938fb79482d6/status?logs=false "HTTP/1.1 202 Accepted"
2026-07-25 17:02:10,268 [INFO] httpx: HTTP Request: GET https://queue.fal.run/rundiffusion-fal/juggernaut-flux-lora/requests/019f99ff-f120-7cd1-b945-938fb79482d6/status?logs=false "HTTP/1.1 202 Accepted"
2026-07-25 17:02:10,782 [INFO] httpx: HTTP Request: GET https://queue.fal.run/rundiffusion-fal/juggernaut-flux-lora/requests/019f99ff-f120-7cd1-b945-938fb79482d6/status?logs=false "HTTP/1.1 202 Accepted"
2026-07-25 17:02:11,293 [INFO] httpx: HTTP Request: GET https://queue.fal.run/rundiffusion-fal/juggernaut-flux-lora/requests/019f99ff-f120-7cd1-b945-938fb79482d6/status?logs=false "HTTP/1.1 202 Accepted"
2026-07-25 17:02:11,710 [INFO] httpx: HTTP Request: GET https://queue.fal.run/rundiffusion-fal/juggernaut-flux-lora/requests/019f99ff-f120-7cd1-b945-938fb79482d6/status?logs=false "HTTP/1.1 202 Accepted"
2026-07-25 17:02:12,071 [INFO] httpx: HTTP Request: GET https://queue.fal.run/rundiffusion-fal/juggernaut-flux-lora/requests/019f99ff-f120-7cd1-b945-938fb79482d6/status?logs=false "HTTP/1.1 202 Accepted"
2026-07-25 17:02:12,437 [INFO] httpx: HTTP Request: GET https://queue.fal.run/rundiffusion-fal/juggernaut-flux-lora/requests/019f99ff-f120-7cd1-b945-938fb79482d6/status?logs=false "HTTP/1.1 202 Accepted"
2026-07-25 17:02:12,863 [INFO] httpx: HTTP Request: GET https://queue.fal.run/rundiffusion-fal/juggernaut-flux-lora/requests/019f99ff-f120-7cd1-b945-938fb79482d6/status?logs=false "HTTP/1.1 202 Accepted"
2026-07-25 17:02:13,278 [INFO] httpx: HTTP Request: GET https://queue.fal.run/rundiffusion-fal/juggernaut-flux-lora/requests/019f99ff-f120-7cd1-b945-938fb79482d6/status?logs=false "HTTP/1.1 202 Accepted"
2026-07-25 17:02:13,625 [INFO] httpx: HTTP Request: GET https://queue.fal.run/rundiffusion-fal/juggernaut-flux-lora/requests/019f99ff-f120-7cd1-b945-938fb79482d6/status?logs=false "HTTP/1.1 202 Accepted"
2026-07-25 17:02:13,999 [INFO] httpx: HTTP Request: GET https://queue.fal.run/rundiffusion-fal/juggernaut-flux-lora/requests/019f99ff-f120-7cd1-b945-938fb79482d6/status?logs=false "HTTP/1.1 202 Accepted"
2026-07-25 17:02:14,437 [INFO] httpx: HTTP Request: GET https://queue.fal.run/rundiffusion-fal/juggernaut-flux-lora/requests/019f99ff-f120-7cd1-b945-938fb79482d6/status?logs=false "HTTP/1.1 202 Accepted"
2026-07-25 17:02:14,859 [INFO] httpx: HTTP Request: GET https://queue.fal.run/rundiffusion-fal/juggernaut-flux-lora/requests/019f99ff-f120-7cd1-b945-938fb79482d6/status?logs=false "HTTP/1.1 202 Accepted"
2026-07-25 17:02:15,223 [INFO] httpx: HTTP Request: GET https://queue.fal.run/rundiffusion-fal/juggernaut-flux-lora/requests/019f99ff-f120-7cd1-b945-938fb79482d6/status?logs=false "HTTP/1.1 202 Accepted"
2026-07-25 17:02:15,617 [INFO] httpx: HTTP Request: GET https://queue.fal.run/rundiffusion-fal/juggernaut-flux-lora/requests/019f99ff-f120-7cd1-b945-938fb79482d6/status?logs=false "HTTP/1.1 202 Accepted"
2026-07-25 17:02:16,010 [INFO] httpx: HTTP Request: GET https://queue.fal.run/rundiffusion-fal/juggernaut-flux-lora/requests/019f99ff-f120-7cd1-b945-938fb79482d6/status?logs=false "HTTP/1.1 202 Accepted"
2026-07-25 17:02:16,431 [INFO] httpx: HTTP Request: GET https://queue.fal.run/rundiffusion-fal/juggernaut-flux-lora/requests/019f99ff-f120-7cd1-b945-938fb79482d6/status?logs=false "HTTP/1.1 202 Accepted"
2026-07-25 17:02:16,792 [INFO] httpx: HTTP Request: GET https://queue.fal.run/rundiffusion-fal/juggernaut-flux-lora/requests/019f99ff-f120-7cd1-b945-938fb79482d6/status?logs=false "HTTP/1.1 202 Accepted"
2026-07-25 17:02:17,152 [INFO] httpx: HTTP Request: GET https://queue.fal.run/rundiffusion-fal/juggernaut-flux-lora/requests/019f99ff-f120-7cd1-b945-938fb79482d6/status?logs=false "HTTP/1.1 202 Accepted"
2026-07-25 17:02:17,583 [INFO] httpx: HTTP Request: GET https://queue.fal.run/rundiffusion-fal/juggernaut-flux-lora/requests/019f99ff-f120-7cd1-b945-938fb79482d6/status?logs=false "HTTP/1.1 202 Accepted"
2026-07-25 17:02:18,004 [INFO] httpx: HTTP Request: GET https://queue.fal.run/rundiffusion-fal/juggernaut-flux-lora/requests/019f99ff-f120-7cd1-b945-938fb79482d6/status?logs=false "HTTP/1.1 202 Accepted"
2026-07-25 17:02:18,368 [INFO] httpx: HTTP Request: GET https://queue.fal.run/rundiffusion-fal/juggernaut-flux-lora/requests/019f99ff-f120-7cd1-b945-938fb79482d6/status?logs=false "HTTP/1.1 202 Accepted"
2026-07-25 17:02:18,735 [INFO] httpx: HTTP Request: GET https://queue.fal.run/rundiffusion-fal/juggernaut-flux-lora/requests/019f99ff-f120-7cd1-b945-938fb79482d6/status?logs=false "HTTP/1.1 202 Accepted"
2026-07-25 17:02:19,157 [INFO] httpx: HTTP Request: GET https://queue.fal.run/rundiffusion-fal/juggernaut-flux-lora/requests/019f99ff-f120-7cd1-b945-938fb79482d6/status?logs=false "HTTP/1.1 202 Accepted"
2026-07-25 17:02:19,576 [INFO] httpx: HTTP Request: GET https://queue.fal.run/rundiffusion-fal/juggernaut-flux-lora/requests/019f99ff-f120-7cd1-b945-938fb79482d6/status?logs=false "HTTP/1.1 202 Accepted"
2026-07-25 17:02:19,927 [INFO] httpx: HTTP Request: GET https://queue.fal.run/rundiffusion-fal/juggernaut-flux-lora/requests/019f99ff-f120-7cd1-b945-938fb79482d6/status?logs=false "HTTP/1.1 202 Accepted"
2026-07-25 17:02:20,286 [INFO] httpx: HTTP Request: GET https://queue.fal.run/rundiffusion-fal/juggernaut-flux-lora/requests/019f99ff-f120-7cd1-b945-938fb79482d6/status?logs=false "HTTP/1.1 202 Accepted"
2026-07-25 17:02:20,732 [INFO] httpx: HTTP Request: GET https://queue.fal.run/rundiffusion-fal/juggernaut-flux-lora/requests/019f99ff-f120-7cd1-b945-938fb79482d6/status?logs=false "HTTP/1.1 202 Accepted"
2026-07-25 17:02:21,149 [INFO] httpx: HTTP Request: GET https://queue.fal.run/rundiffusion-fal/juggernaut-flux-lora/requests/019f99ff-f120-7cd1-b945-938fb79482d6/status?logs=false "HTTP/1.1 202 Accepted"
2026-07-25 17:02:21,842 [INFO] httpx: HTTP Request: GET https://queue.fal.run/rundiffusion-fal/juggernaut-flux-lora/requests/019f99ff-f120-7cd1-b945-938fb79482d6/status?logs=false "HTTP/1.1 202 Accepted"
2026-07-25 17:02:22,202 [INFO] httpx: HTTP Request: GET https://queue.fal.run/rundiffusion-fal/juggernaut-flux-lora/requests/019f99ff-f120-7cd1-b945-938fb79482d6/status?logs=false "HTTP/1.1 202 Accepted"
2026-07-25 17:02:22,566 [INFO] httpx: HTTP Request: GET https://queue.fal.run/rundiffusion-fal/juggernaut-flux-lora/requests/019f99ff-f120-7cd1-b945-938fb79482d6/status?logs=false "HTTP/1.1 202 Accepted"
2026-07-25 17:02:22,918 [INFO] httpx: HTTP Request: GET https://queue.fal.run/rundiffusion-fal/juggernaut-flux-lora/requests/019f99ff-f120-7cd1-b945-938fb79482d6/status?logs=false "HTTP/1.1 202 Accepted"
2026-07-25 17:02:23,352 [INFO] httpx: HTTP Request: GET https://queue.fal.run/rundiffusion-fal/juggernaut-flux-lora/requests/019f99ff-f120-7cd1-b945-938fb79482d6/status?logs=false "HTTP/1.1 202 Accepted"
2026-07-25 17:02:23,769 [INFO] httpx: HTTP Request: GET https://queue.fal.run/rundiffusion-fal/juggernaut-flux-lora/requests/019f99ff-f120-7cd1-b945-938fb79482d6/status?logs=false "HTTP/1.1 202 Accepted"
2026-07-25 17:02:24,135 [INFO] httpx: HTTP Request: GET https://queue.fal.run/rundiffusion-fal/juggernaut-flux-lora/requests/019f99ff-f120-7cd1-b945-938fb79482d6/status?logs=false "HTTP/1.1 202 Accepted"
2026-07-25 17:02:24,464 [INFO] httpx: HTTP Request: GET https://queue.fal.run/rundiffusion-fal/juggernaut-flux-lora/requests/019f99ff-f120-7cd1-b945-938fb79482d6/status?logs=false "HTTP/1.1 202 Accepted"
2026-07-25 17:02:24,830 [INFO] httpx: HTTP Request: GET https://queue.fal.run/rundiffusion-fal/juggernaut-flux-lora/requests/019f99ff-f120-7cd1-b945-938fb79482d6/status?logs=false "HTTP/1.1 202 Accepted"
2026-07-25 17:02:25,186 [INFO] httpx: HTTP Request: GET https://queue.fal.run/rundiffusion-fal/juggernaut-flux-lora/requests/019f99ff-f120-7cd1-b945-938fb79482d6/status?logs=false "HTTP/1.1 202 Accepted"
2026-07-25 17:02:25,544 [INFO] httpx: HTTP Request: GET https://queue.fal.run/rundiffusion-fal/juggernaut-flux-lora/requests/019f99ff-f120-7cd1-b945-938fb79482d6/status?logs=false "HTTP/1.1 202 Accepted"
2026-07-25 17:02:25,972 [INFO] httpx: HTTP Request: GET https://queue.fal.run/rundiffusion-fal/juggernaut-flux-lora/requests/019f99ff-f120-7cd1-b945-938fb79482d6/status?logs=false "HTTP/1.1 202 Accepted"
2026-07-25 17:02:26,390 [INFO] httpx: HTTP Request: GET https://queue.fal.run/rundiffusion-fal/juggernaut-flux-lora/requests/019f99ff-f120-7cd1-b945-938fb79482d6/status?logs=false "HTTP/1.1 202 Accepted"
2026-07-25 17:02:26,757 [INFO] httpx: HTTP Request: GET https://queue.fal.run/rundiffusion-fal/juggernaut-flux-lora/requests/019f99ff-f120-7cd1-b945-938fb79482d6/status?logs=false "HTTP/1.1 202 Accepted"
2026-07-25 17:02:27,116 [INFO] httpx: HTTP Request: GET https://queue.fal.run/rundiffusion-fal/juggernaut-flux-lora/requests/019f99ff-f120-7cd1-b945-938fb79482d6/status?logs=false "HTTP/1.1 202 Accepted"
2026-07-25 17:02:27,543 [INFO] httpx: HTTP Request: GET https://queue.fal.run/rundiffusion-fal/juggernaut-flux-lora/requests/019f99ff-f120-7cd1-b945-938fb79482d6/status?logs=false "HTTP/1.1 202 Accepted"
2026-07-25 17:02:27,964 [INFO] httpx: HTTP Request: GET https://queue.fal.run/rundiffusion-fal/juggernaut-flux-lora/requests/019f99ff-f120-7cd1-b945-938fb79482d6/status?logs=false "HTTP/1.1 202 Accepted"
2026-07-25 17:02:28,321 [INFO] httpx: HTTP Request: GET https://queue.fal.run/rundiffusion-fal/juggernaut-flux-lora/requests/019f99ff-f120-7cd1-b945-938fb79482d6/status?logs=false "HTTP/1.1 202 Accepted"
2026-07-25 17:02:28,670 [INFO] httpx: HTTP Request: GET https://queue.fal.run/rundiffusion-fal/juggernaut-flux-lora/requests/019f99ff-f120-7cd1-b945-938fb79482d6/status?logs=false "HTTP/1.1 202 Accepted"
2026-07-25 17:02:29,118 [INFO] httpx: HTTP Request: GET https://queue.fal.run/rundiffusion-fal/juggernaut-flux-lora/requests/019f99ff-f120-7cd1-b945-938fb79482d6/status?logs=false "HTTP/1.1 202 Accepted"
2026-07-25 17:02:29,537 [INFO] httpx: HTTP Request: GET https://queue.fal.run/rundiffusion-fal/juggernaut-flux-lora/requests/019f99ff-f120-7cd1-b945-938fb79482d6/status?logs=false "HTTP/1.1 202 Accepted"
2026-07-25 17:02:29,891 [INFO] httpx: HTTP Request: GET https://queue.fal.run/rundiffusion-fal/juggernaut-flux-lora/requests/019f99ff-f120-7cd1-b945-938fb79482d6/status?logs=false "HTTP/1.1 202 Accepted"
2026-07-25 17:02:30,251 [INFO] httpx: HTTP Request: GET https://queue.fal.run/rundiffusion-fal/juggernaut-flux-lora/requests/019f99ff-f120-7cd1-b945-938fb79482d6/status?logs=false "HTTP/1.1 202 Accepted"
2026-07-25 17:02:30,691 [INFO] httpx: HTTP Request: GET https://queue.fal.run/rundiffusion-fal/juggernaut-flux-lora/requests/019f99ff-f120-7cd1-b945-938fb79482d6/status?logs=false "HTTP/1.1 202 Accepted"
2026-07-25 17:02:31,110 [INFO] httpx: HTTP Request: GET https://queue.fal.run/rundiffusion-fal/juggernaut-flux-lora/requests/019f99ff-f120-7cd1-b945-938fb79482d6/status?logs=false "HTTP/1.1 202 Accepted"
2026-07-25 17:02:31,471 [INFO] httpx: HTTP Request: GET https://queue.fal.run/rundiffusion-fal/juggernaut-flux-lora/requests/019f99ff-f120-7cd1-b945-938fb79482d6/status?logs=false "HTTP/1.1 202 Accepted"
2026-07-25 17:02:31,835 [INFO] httpx: HTTP Request: GET https://queue.fal.run/rundiffusion-fal/juggernaut-flux-lora/requests/019f99ff-f120-7cd1-b945-938fb79482d6/status?logs=false "HTTP/1.1 202 Accepted"
2026-07-25 17:02:32,266 [INFO] httpx: HTTP Request: GET https://queue.fal.run/rundiffusion-fal/juggernaut-flux-lora/requests/019f99ff-f120-7cd1-b945-938fb79482d6/status?logs=false "HTTP/1.1 202 Accepted"
2026-07-25 17:02:32,680 [INFO] httpx: HTTP Request: GET https://queue.fal.run/rundiffusion-fal/juggernaut-flux-lora/requests/019f99ff-f120-7cd1-b945-938fb79482d6/status?logs=false "HTTP/1.1 202 Accepted"
2026-07-25 17:02:33,031 [INFO] httpx: HTTP Request: GET https://queue.fal.run/rundiffusion-fal/juggernaut-flux-lora/requests/019f99ff-f120-7cd1-b945-938fb79482d6/status?logs=false "HTTP/1.1 202 Accepted"
2026-07-25 17:02:33,394 [INFO] httpx: HTTP Request: GET https://queue.fal.run/rundiffusion-fal/juggernaut-flux-lora/requests/019f99ff-f120-7cd1-b945-938fb79482d6/status?logs=false "HTTP/1.1 202 Accepted"
2026-07-25 17:02:33,837 [INFO] httpx: HTTP Request: GET https://queue.fal.run/rundiffusion-fal/juggernaut-flux-lora/requests/019f99ff-f120-7cd1-b945-938fb79482d6/status?logs=false "HTTP/1.1 202 Accepted"
2026-07-25 17:02:34,255 [INFO] httpx: HTTP Request: GET https://queue.fal.run/rundiffusion-fal/juggernaut-flux-lora/requests/019f99ff-f120-7cd1-b945-938fb79482d6/status?logs=false "HTTP/1.1 202 Accepted"
2026-07-25 17:02:34,631 [INFO] httpx: HTTP Request: GET https://queue.fal.run/rundiffusion-fal/juggernaut-flux-lora/requests/019f99ff-f120-7cd1-b945-938fb79482d6/status?logs=false "HTTP/1.1 202 Accepted"
2026-07-25 17:02:34,989 [INFO] httpx: HTTP Request: GET https://queue.fal.run/rundiffusion-fal/juggernaut-flux-lora/requests/019f99ff-f120-7cd1-b945-938fb79482d6/status?logs=false "HTTP/1.1 202 Accepted"
2026-07-25 17:02:35,404 [INFO] httpx: HTTP Request: GET https://queue.fal.run/rundiffusion-fal/juggernaut-flux-lora/requests/019f99ff-f120-7cd1-b945-938fb79482d6/status?logs=false "HTTP/1.1 202 Accepted"
2026-07-25 17:02:35,827 [INFO] httpx: HTTP Request: GET https://queue.fal.run/rundiffusion-fal/juggernaut-flux-lora/requests/019f99ff-f120-7cd1-b945-938fb79482d6/status?logs=false "HTTP/1.1 202 Accepted"
2026-07-25 17:02:36,190 [INFO] httpx: HTTP Request: GET https://queue.fal.run/rundiffusion-fal/juggernaut-flux-lora/requests/019f99ff-f120-7cd1-b945-938fb79482d6/status?logs=false "HTTP/1.1 202 Accepted"
2026-07-25 17:02:36,551 [INFO] httpx: HTTP Request: GET https://queue.fal.run/rundiffusion-fal/juggernaut-flux-lora/requests/019f99ff-f120-7cd1-b945-938fb79482d6/status?logs=false "HTTP/1.1 202 Accepted"
2026-07-25 17:02:36,981 [INFO] httpx: HTTP Request: GET https://queue.fal.run/rundiffusion-fal/juggernaut-flux-lora/requests/019f99ff-f120-7cd1-b945-938fb79482d6/status?logs=false "HTTP/1.1 202 Accepted"
2026-07-25 17:02:37,399 [INFO] httpx: HTTP Request: GET https://queue.fal.run/rundiffusion-fal/juggernaut-flux-lora/requests/019f99ff-f120-7cd1-b945-938fb79482d6/status?logs=false "HTTP/1.1 202 Accepted"
2026-07-25 17:02:37,762 [INFO] httpx: HTTP Request: GET https://queue.fal.run/rundiffusion-fal/juggernaut-flux-lora/requests/019f99ff-f120-7cd1-b945-938fb79482d6/status?logs=false "HTTP/1.1 202 Accepted"
2026-07-25 17:02:38,106 [INFO] httpx: HTTP Request: GET https://queue.fal.run/rundiffusion-fal/juggernaut-flux-lora/requests/019f99ff-f120-7cd1-b945-938fb79482d6/status?logs=false "HTTP/1.1 202 Accepted"
2026-07-25 17:02:38,454 [INFO] httpx: HTTP Request: GET https://queue.fal.run/rundiffusion-fal/juggernaut-flux-lora/requests/019f99ff-f120-7cd1-b945-938fb79482d6/status?logs=false "HTTP/1.1 202 Accepted"
2026-07-25 17:02:38,812 [INFO] httpx: HTTP Request: GET https://queue.fal.run/rundiffusion-fal/juggernaut-flux-lora/requests/019f99ff-f120-7cd1-b945-938fb79482d6/status?logs=false "HTTP/1.1 202 Accepted"
2026-07-25 17:02:39,171 [INFO] httpx: HTTP Request: GET https://queue.fal.run/rundiffusion-fal/juggernaut-flux-lora/requests/019f99ff-f120-7cd1-b945-938fb79482d6/status?logs=false "HTTP/1.1 202 Accepted"
2026-07-25 17:02:39,602 [INFO] httpx: HTTP Request: GET https://queue.fal.run/rundiffusion-fal/juggernaut-flux-lora/requests/019f99ff-f120-7cd1-b945-938fb79482d6/status?logs=false "HTTP/1.1 202 Accepted"
2026-07-25 17:02:40,025 [INFO] httpx: HTTP Request: GET https://queue.fal.run/rundiffusion-fal/juggernaut-flux-lora/requests/019f99ff-f120-7cd1-b945-938fb79482d6/status?logs=false "HTTP/1.1 202 Accepted"
2026-07-25 17:02:40,387 [INFO] httpx: HTTP Request: GET https://queue.fal.run/rundiffusion-fal/juggernaut-flux-lora/requests/019f99ff-f120-7cd1-b945-938fb79482d6/status?logs=false "HTTP/1.1 202 Accepted"
2026-07-25 17:02:40,753 [INFO] httpx: HTTP Request: GET https://queue.fal.run/rundiffusion-fal/juggernaut-flux-lora/requests/019f99ff-f120-7cd1-b945-938fb79482d6/status?logs=false "HTTP/1.1 202 Accepted"
2026-07-25 17:02:41,177 [INFO] httpx: HTTP Request: GET https://queue.fal.run/rundiffusion-fal/juggernaut-flux-lora/requests/019f99ff-f120-7cd1-b945-938fb79482d6/status?logs=false "HTTP/1.1 202 Accepted"
2026-07-25 17:02:41,595 [INFO] httpx: HTTP Request: GET https://queue.fal.run/rundiffusion-fal/juggernaut-flux-lora/requests/019f99ff-f120-7cd1-b945-938fb79482d6/status?logs=false "HTTP/1.1 202 Accepted"
2026-07-25 17:02:41,957 [INFO] httpx: HTTP Request: GET https://queue.fal.run/rundiffusion-fal/juggernaut-flux-lora/requests/019f99ff-f120-7cd1-b945-938fb79482d6/status?logs=false "HTTP/1.1 202 Accepted"
2026-07-25 17:02:42,326 [INFO] httpx: HTTP Request: GET https://queue.fal.run/rundiffusion-fal/juggernaut-flux-lora/requests/019f99ff-f120-7cd1-b945-938fb79482d6/status?logs=false "HTTP/1.1 202 Accepted"
2026-07-25 17:02:42,755 [INFO] httpx: HTTP Request: GET https://queue.fal.run/rundiffusion-fal/juggernaut-flux-lora/requests/019f99ff-f120-7cd1-b945-938fb79482d6/status?logs=false "HTTP/1.1 202 Accepted"
2026-07-25 17:02:43,168 [INFO] httpx: HTTP Request: GET https://queue.fal.run/rundiffusion-fal/juggernaut-flux-lora/requests/019f99ff-f120-7cd1-b945-938fb79482d6/status?logs=false "HTTP/1.1 202 Accepted"
2026-07-25 17:02:43,531 [INFO] httpx: HTTP Request: GET https://queue.fal.run/rundiffusion-fal/juggernaut-flux-lora/requests/019f99ff-f120-7cd1-b945-938fb79482d6/status?logs=false "HTTP/1.1 202 Accepted"
2026-07-25 17:02:43,892 [INFO] httpx: HTTP Request: GET https://queue.fal.run/rundiffusion-fal/juggernaut-flux-lora/requests/019f99ff-f120-7cd1-b945-938fb79482d6/status?logs=false "HTTP/1.1 202 Accepted"
2026-07-25 17:02:44,321 [INFO] httpx: HTTP Request: GET https://queue.fal.run/rundiffusion-fal/juggernaut-flux-lora/requests/019f99ff-f120-7cd1-b945-938fb79482d6/status?logs=false "HTTP/1.1 202 Accepted"
2026-07-25 17:02:44,741 [INFO] httpx: HTTP Request: GET https://queue.fal.run/rundiffusion-fal/juggernaut-flux-lora/requests/019f99ff-f120-7cd1-b945-938fb79482d6/status?logs=false "HTTP/1.1 202 Accepted"
2026-07-25 17:02:45,099 [INFO] httpx: HTTP Request: GET https://queue.fal.run/rundiffusion-fal/juggernaut-flux-lora/requests/019f99ff-f120-7cd1-b945-938fb79482d6/status?logs=false "HTTP/1.1 202 Accepted"
2026-07-25 17:02:45,463 [INFO] httpx: HTTP Request: GET https://queue.fal.run/rundiffusion-fal/juggernaut-flux-lora/requests/019f99ff-f120-7cd1-b945-938fb79482d6/status?logs=false "HTTP/1.1 202 Accepted"
2026-07-25 17:02:45,898 [INFO] httpx: HTTP Request: GET https://queue.fal.run/rundiffusion-fal/juggernaut-flux-lora/requests/019f99ff-f120-7cd1-b945-938fb79482d6/status?logs=false "HTTP/1.1 202 Accepted"
2026-07-25 17:02:46,313 [INFO] httpx: HTTP Request: GET https://queue.fal.run/rundiffusion-fal/juggernaut-flux-lora/requests/019f99ff-f120-7cd1-b945-938fb79482d6/status?logs=false "HTTP/1.1 202 Accepted"
2026-07-25 17:02:46,671 [INFO] httpx: HTTP Request: GET https://queue.fal.run/rundiffusion-fal/juggernaut-flux-lora/requests/019f99ff-f120-7cd1-b945-938fb79482d6/status?logs=false "HTTP/1.1 202 Accepted"
2026-07-25 17:02:47,028 [INFO] httpx: HTTP Request: GET https://queue.fal.run/rundiffusion-fal/juggernaut-flux-lora/requests/019f99ff-f120-7cd1-b945-938fb79482d6/status?logs=false "HTTP/1.1 202 Accepted"
2026-07-25 17:02:47,468 [INFO] httpx: HTTP Request: GET https://queue.fal.run/rundiffusion-fal/juggernaut-flux-lora/requests/019f99ff-f120-7cd1-b945-938fb79482d6/status?logs=false "HTTP/1.1 202 Accepted"
2026-07-25 17:02:47,887 [INFO] httpx: HTTP Request: GET https://queue.fal.run/rundiffusion-fal/juggernaut-flux-lora/requests/019f99ff-f120-7cd1-b945-938fb79482d6/status?logs=false "HTTP/1.1 200 OK"
2026-07-25 17:02:47,999 [INFO] httpx: HTTP Request: GET https://queue.fal.run/rundiffusion-fal/juggernaut-flux-lora/requests/019f99ff-f120-7cd1-b945-938fb79482d6 "HTTP/1.1 200 OK"
2026-07-25 17:02:48,937 [INFO] httpx: HTTP Request: GET https://v3b.fal.media/files/b/0aa3afcf/rkmjfBYWgUvFOzgu6JCXG.jpg "HTTP/1.1 200 OK"
2026-07-25 17:02:49,855 [INFO] pipeline.image_stage: Image generated in 242.5s
2026-07-25 17:02:49,856 [INFO] pipeline: [post_16f7063b] Stage 3: QC validation
2026-07-25 17:03:17,572 [INFO] pipeline.qc_stage: QC FAILED: 5 checks, 1 errors, 1 warnings
2026-07-25 17:03:17,572 [WARNING] pipeline: [post_16f7063b] QC FAILED — not publishing
2026-07-25 17:04:04,812 [INFO] pipeline: Pipeline starting (dry_run=False, stages=['image', 'qc', 'publish'])
2026-07-25 17:04:04,812 [INFO] pipeline: [post_864d551c] Stage 1: Image generation
2026-07-25 17:04:04,812 [INFO] pipeline.image_stage: Image stage: seed=1228117344 scene=sitting at a London café near the window, morning light stre
2026-07-25 17:04:05,452 [INFO] httpx: HTTP Request: POST https://queue.fal.run/rundiffusion-fal/juggernaut-flux-lora "HTTP/1.1 200 OK"
2026-07-25 17:04:05,562 [INFO] httpx: HTTP Request: GET https://queue.fal.run/rundiffusion-fal/juggernaut-flux-lora/requests/019f9a04-d077-7961-8af5-86a896a45a22/status?logs=false "HTTP/1.1 202 Accepted"
2026-07-25 17:04:05,927 [INFO] httpx: HTTP Request: GET https://queue.fal.run/rundiffusion-fal/juggernaut-flux-lora/requests/019f9a04-d077-7961-8af5-86a896a45a22/status?logs=false "HTTP/1.1 202 Accepted"
2026-07-25 17:04:06,276 [INFO] httpx: HTTP Request: GET https://queue.fal.run/rundiffusion-fal/juggernaut-flux-lora/requests/019f9a04-d077-7961-8af5-86a896a45a22/status?logs=false "HTTP/1.1 202 Accepted"
2026-07-25 17:04:06,623 [INFO] httpx: HTTP Request: GET https://queue.fal.run/rundiffusion-fal/juggernaut-flux-lora/requests/019f9a04-d077-7961-8af5-86a896a45a22/status?logs=false "HTTP/1.1 202 Accepted"
2026-07-25 17:04:06,980 [INFO] httpx: HTTP Request: GET https://queue.fal.run/rundiffusion-fal/juggernaut-flux-lora/requests/019f9a04-d077-7961-8af5-86a896a45a22/status?logs=false "HTTP/1.1 202 Accepted"
2026-07-25 17:04:07,339 [INFO] httpx: HTTP Request: GET https://queue.fal.run/rundiffusion-fal/juggernaut-flux-lora/requests/019f9a04-d077-7961-8af5-86a896a45a22/status?logs=false "HTTP/1.1 202 Accepted"
2026-07-25 17:04:07,690 [INFO] httpx: HTTP Request: GET https://queue.fal.run/rundiffusion-fal/juggernaut-flux-lora/requests/019f9a04-d077-7961-8af5-86a896a45a22/status?logs=false "HTTP/1.1 202 Accepted"
2026-07-25 17:04:08,033 [INFO] httpx: HTTP Request: GET https://queue.fal.run/rundiffusion-fal/juggernaut-flux-lora/requests/019f9a04-d077-7961-8af5-86a896a45a22/status?logs=false "HTTP/1.1 202 Accepted"
2026-07-25 17:04:08,398 [INFO] httpx: HTTP Request: GET https://queue.fal.run/rundiffusion-fal/juggernaut-flux-lora/requests/019f9a04-d077-7961-8af5-86a896a45a22/status?logs=false "HTTP/1.1 202 Accepted"
2026-07-25 17:04:08,754 [INFO] httpx: HTTP Request: GET https://queue.fal.run/rundiffusion-fal/juggernaut-flux-lora/requests/019f9a04-d077-7961-8af5-86a896a45a22/status?logs=false "HTTP/1.1 202 Accepted"
2026-07-25 17:04:09,122 [INFO] httpx: HTTP Request: GET https://queue.fal.run/rundiffusion-fal/juggernaut-flux-lora/requests/019f9a04-d077-7961-8af5-86a896a45a22/status?logs=false "HTTP/1.1 202 Accepted"
2026-07-25 17:04:09,479 [INFO] httpx: HTTP Request: GET https://queue.fal.run/rundiffusion-fal/juggernaut-flux-lora/requests/019f9a04-d077-7961-8af5-86a896a45a22/status?logs=false "HTTP/1.1 202 Accepted"
2026-07-25 17:04:09,834 [INFO] httpx: HTTP Request: GET https://queue.fal.run/rundiffusion-fal/juggernaut-flux-lora/requests/019f9a04-d077-7961-8af5-86a896a45a22/status?logs=false "HTTP/1.1 202 Accepted"
2026-07-25 17:04:10,193 [INFO] httpx: HTTP Request: GET https://queue.fal.run/rundiffusion-fal/juggernaut-flux-lora/requests/019f9a04-d077-7961-8af5-86a896a45a22/status?logs=false "HTTP/1.1 202 Accepted"
2026-07-25 17:04:10,557 [INFO] httpx: HTTP Request: GET https://queue.fal.run/rundiffusion-fal/juggernaut-flux-lora/requests/019f9a04-d077-7961-8af5-86a896a45a22/status?logs=false "HTTP/1.1 202 Accepted"
2026-07-25 17:04:10,940 [INFO] httpx: HTTP Request: GET https://queue.fal.run/rundiffusion-fal/juggernaut-flux-lora/requests/019f9a04-d077-7961-8af5-86a896a45a22/status?logs=false "HTTP/1.1 202 Accepted"
2026-07-25 17:04:11,300 [INFO] httpx: HTTP Request: GET https://queue.fal.run/rundiffusion-fal/juggernaut-flux-lora/requests/019f9a04-d077-7961-8af5-86a896a45a22/status?logs=false "HTTP/1.1 202 Accepted"
2026-07-25 17:04:11,658 [INFO] httpx: HTTP Request: GET https://queue.fal.run/rundiffusion-fal/juggernaut-flux-lora/requests/019f9a04-d077-7961-8af5-86a896a45a22/status?logs=false "HTTP/1.1 202 Accepted"
2026-07-25 17:04:12,024 [INFO] httpx: HTTP Request: GET https://queue.fal.run/rundiffusion-fal/juggernaut-flux-lora/requests/019f9a04-d077-7961-8af5-86a896a45a22/status?logs=false "HTTP/1.1 202 Accepted"
2026-07-25 17:04:12,376 [INFO] httpx: HTTP Request: GET https://queue.fal.run/rundiffusion-fal/juggernaut-flux-lora/requests/019f9a04-d077-7961-8af5-86a896a45a22/status?logs=false "HTTP/1.1 202 Accepted"
2026-07-25 17:04:12,733 [INFO] httpx: HTTP Request: GET https://queue.fal.run/rundiffusion-fal/juggernaut-flux-lora/requests/019f9a04-d077-7961-8af5-86a896a45a22/status?logs=false "HTTP/1.1 202 Accepted"
2026-07-25 17:04:13,092 [INFO] httpx: HTTP Request: GET https://queue.fal.run/rundiffusion-fal/juggernaut-flux-lora/requests/019f9a04-d077-7961-8af5-86a896a45a22/status?logs=false "HTTP/1.1 202 Accepted"
2026-07-25 17:04:13,453 [INFO] httpx: HTTP Request: GET https://queue.fal.run/rundiffusion-fal/juggernaut-flux-lora/requests/019f9a04-d077-7961-8af5-86a896a45a22/status?logs=false "HTTP/1.1 202 Accepted"
2026-07-25 17:04:13,818 [INFO] httpx: HTTP Request: GET https://queue.fal.run/rundiffusion-fal/juggernaut-flux-lora/requests/019f9a04-d077-7961-8af5-86a896a45a22/status?logs=false "HTTP/1.1 202 Accepted"
2026-07-25 17:04:14,182 [INFO] httpx: HTTP Request: GET https://queue.fal.run/rundiffusion-fal/juggernaut-flux-lora/requests/019f9a04-d077-7961-8af5-86a896a45a22/status?logs=false "HTTP/1.1 202 Accepted"
2026-07-25 17:04:14,538 [INFO] httpx: HTTP Request: GET https://queue.fal.run/rundiffusion-fal/juggernaut-flux-lora/requests/019f9a04-d077-7961-8af5-86a896a45a22/status?logs=false "HTTP/1.1 202 Accepted"
2026-07-25 17:04:14,896 [INFO] httpx: HTTP Request: GET https://queue.fal.run/rundiffusion-fal/juggernaut-flux-lora/requests/019f9a04-d077-7961-8af5-86a896a45a22/status?logs=false "HTTP/1.1 202 Accepted"
2026-07-25 17:04:15,255 [INFO] httpx: HTTP Request: GET https://queue.fal.run/rundiffusion-fal/juggernaut-flux-lora/requests/019f9a04-d077-7961-8af5-86a896a45a22/status?logs=false "HTTP/1.1 202 Accepted"
2026-07-25 17:04:15,610 [INFO] httpx: HTTP Request: GET https://queue.fal.run/rundiffusion-fal/juggernaut-flux-lora/requests/019f9a04-d077-7961-8af5-86a896a45a22/status?logs=false "HTTP/1.1 202 Accepted"
2026-07-25 17:04:15,963 [INFO] httpx: HTTP Request: GET https://queue.fal.run/rundiffusion-fal/juggernaut-flux-lora/requests/019f9a04-d077-7961-8af5-86a896a45a22/status?logs=false "HTTP/1.1 202 Accepted"
2026-07-25 17:04:16,325 [INFO] httpx: HTTP Request: GET https://queue.fal.run/rundiffusion-fal/juggernaut-flux-lora/requests/019f9a04-d077-7961-8af5-86a896a45a22/status?logs=false "HTTP/1.1 202 Accepted"
2026-07-25 17:04:16,679 [INFO] httpx: HTTP Request: GET https://queue.fal.run/rundiffusion-fal/juggernaut-flux-lora/requests/019f9a04-d077-7961-8af5-86a896a45a22/status?logs=false "HTTP/1.1 202 Accepted"
2026-07-25 17:04:17,038 [INFO] httpx: HTTP Request: GET https://queue.fal.run/rundiffusion-fal/juggernaut-flux-lora/requests/019f9a04-d077-7961-8af5-86a896a45a22/status?logs=false "HTTP/1.1 202 Accepted"
2026-07-25 17:04:17,386 [INFO] httpx: HTTP Request: GET https://queue.fal.run/rundiffusion-fal/juggernaut-flux-lora/requests/019f9a04-d077-7961-8af5-86a896a45a22/status?logs=false "HTTP/1.1 202 Accepted"
2026-07-25 17:04:17,747 [INFO] httpx: HTTP Request: GET https://queue.fal.run/rundiffusion-fal/juggernaut-flux-lora/requests/019f9a04-d077-7961-8af5-86a896a45a22/status?logs=false "HTTP/1.1 202 Accepted"
2026-07-25 17:04:18,110 [INFO] httpx: HTTP Request: GET https://queue.fal.run/rundiffusion-fal/juggernaut-flux-lora/requests/019f9a04-d077-7961-8af5-86a896a45a22/status?logs=false "HTTP/1.1 202 Accepted"
2026-07-25 17:04:18,470 [INFO] httpx: HTTP Request: GET https://queue.fal.run/rundiffusion-fal/juggernaut-flux-lora/requests/019f9a04-d077-7961-8af5-86a896a45a22/status?logs=false "HTTP/1.1 202 Accepted"
2026-07-25 17:04:18,826 [INFO] httpx: HTTP Request: GET https://queue.fal.run/rundiffusion-fal/juggernaut-flux-lora/requests/019f9a04-d077-7961-8af5-86a896a45a22/status?logs=false "HTTP/1.1 202 Accepted"
2026-07-25 17:04:19,172 [INFO] httpx: HTTP Request: GET https://queue.fal.run/rundiffusion-fal/juggernaut-flux-lora/requests/019f9a04-d077-7961-8af5-86a896a45a22/status?logs=false "HTTP/1.1 202 Accepted"
2026-07-25 17:04:19,503 [INFO] httpx: HTTP Request: GET https://queue.fal.run/rundiffusion-fal/juggernaut-flux-lora/requests/019f9a04-d077-7961-8af5-86a896a45a22/status?logs=false "HTTP/1.1 200 OK"
2026-07-25 17:04:19,612 [INFO] httpx: HTTP Request: GET https://queue.fal.run/rundiffusion-fal/juggernaut-flux-lora/requests/019f9a04-d077-7961-8af5-86a896a45a22 "HTTP/1.1 200 OK"
2026-07-25 17:04:20,045 [INFO] httpx: HTTP Request: GET https://v3b.fal.media/files/b/0aa3afd8/M39AXAUY7O8-5aJX3Vcy0.jpg "HTTP/1.1 200 OK"
2026-07-25 17:04:20,554 [INFO] pipeline.image_stage: Image generated in 14.8s
2026-07-25 17:04:20,555 [INFO] pipeline: [post_864d551c] Stage 3: QC validation
2026-07-25 17:04:22,163 [INFO] pipeline.qc_stage: QC PASSED: 5 checks, 0 errors, 1 warnings
2026-07-25 17:04:22,164 [INFO] pipeline: [post_864d551c] Stage 4: Saving to queue
2026-07-25 17:04:22,166 [INFO] pipeline.publish_stage: Queue saved: 1 entries
2026-07-25 17:04:22,166 [INFO] pipeline.publish_stage: Queue entry added: post_864d551c (status=qc_passed)
2026-07-25 17:04:22,166 [INFO] pipeline: [post_864d551c] Complete: 17.4s, $0.0500, 3 stages, 0 errors
2026-07-25 17:42:26,060 [INFO] pipeline: Pipeline starting (dry_run=False, stages=['image', 'qc', 'publish'])
2026-07-25 17:42:26,061 [INFO] pipeline: Auto-selected pose: Staring into the lens without blinking, unsmiling, chin slig
2026-07-25 17:42:26,061 [INFO] pipeline: Auto-selected camera: Worm's-eye with foreground elements (flowers, steps, puddle)
2026-07-25 17:42:26,061 [INFO] pipeline: [post_716df117] Image attempt 1/3
2026-07-25 17:42:26,061 [INFO] pipeline.image_stage: Image stage: seed=42 scene=walking through Covent Garden market, afternoon light throug
2026-07-25 17:42:26,539 [INFO] httpx: HTTP Request: POST https://queue.fal.run/rundiffusion-fal/juggernaut-flux-lora "HTTP/1.1 200 OK"
2026-07-25 17:42:26,647 [INFO] httpx: HTTP Request: GET https://queue.fal.run/rundiffusion-fal/juggernaut-flux-lora/requests/019f9a27-ecf9-74b2-a43b-7a7928f6e7af/status?logs=false "HTTP/1.1 202 Accepted"
2026-07-25 17:42:26,995 [INFO] httpx: HTTP Request: GET https://queue.fal.run/rundiffusion-fal/juggernaut-flux-lora/requests/019f9a27-ecf9-74b2-a43b-7a7928f6e7af/status?logs=false "HTTP/1.1 202 Accepted"
2026-07-25 17:42:27,353 [INFO] httpx: HTTP Request: GET https://queue.fal.run/rundiffusion-fal/juggernaut-flux-lora/requests/019f9a27-ecf9-74b2-a43b-7a7928f6e7af/status?logs=false "HTTP/1.1 202 Accepted"
2026-07-25 17:42:27,697 [INFO] httpx: HTTP Request: GET https://queue.fal.run/rundiffusion-fal/juggernaut-flux-lora/requests/019f9a27-ecf9-74b2-a43b-7a7928f6e7af/status?logs=false "HTTP/1.1 202 Accepted"
2026-07-25 17:42:28,056 [INFO] httpx: HTTP Request: GET https://queue.fal.run/rundiffusion-fal/juggernaut-flux-lora/requests/019f9a27-ecf9-74b2-a43b-7a7928f6e7af/status?logs=false "HTTP/1.1 202 Accepted"
2026-07-25 17:42:28,417 [INFO] httpx: HTTP Request: GET https://queue.fal.run/rundiffusion-fal/juggernaut-flux-lora/requests/019f9a27-ecf9-74b2-a43b-7a7928f6e7af/status?logs=false "HTTP/1.1 202 Accepted"
2026-07-25 17:42:28,770 [INFO] httpx: HTTP Request: GET https://queue.fal.run/rundiffusion-fal/juggernaut-flux-lora/requests/019f9a27-ecf9-74b2-a43b-7a7928f6e7af/status?logs=false "HTTP/1.1 202 Accepted"
2026-07-25 17:42:29,110 [INFO] httpx: HTTP Request: GET https://queue.fal.run/rundiffusion-fal/juggernaut-flux-lora/requests/019f9a27-ecf9-74b2-a43b-7a7928f6e7af/status?logs=false "HTTP/1.1 202 Accepted"
2026-07-25 17:42:29,473 [INFO] httpx: HTTP Request: GET https://queue.fal.run/rundiffusion-fal/juggernaut-flux-lora/requests/019f9a27-ecf9-74b2-a43b-7a7928f6e7af/status?logs=false "HTTP/1.1 202 Accepted"
2026-07-25 17:42:29,831 [INFO] httpx: HTTP Request: GET https://queue.fal.run/rundiffusion-fal/juggernaut-flux-lora/requests/019f9a27-ecf9-74b2-a43b-7a7928f6e7af/status?logs=false "HTTP/1.1 202 Accepted"
2026-07-25 17:42:30,183 [INFO] httpx: HTTP Request: GET https://queue.fal.run/rundiffusion-fal/juggernaut-flux-lora/requests/019f9a27-ecf9-74b2-a43b-7a7928f6e7af/status?logs=false "HTTP/1.1 202 Accepted"
2026-07-25 17:42:30,540 [INFO] httpx: HTTP Request: GET https://queue.fal.run/rundiffusion-fal/juggernaut-flux-lora/requests/019f9a27-ecf9-74b2-a43b-7a7928f6e7af/status?logs=false "HTTP/1.1 202 Accepted"
2026-07-25 17:42:30,897 [INFO] httpx: HTTP Request: GET https://queue.fal.run/rundiffusion-fal/juggernaut-flux-lora/requests/019f9a27-ecf9-74b2-a43b-7a7928f6e7af/status?logs=false "HTTP/1.1 202 Accepted"
2026-07-25 17:42:31,256 [INFO] httpx: HTTP Request: GET https://queue.fal.run/rundiffusion-fal/juggernaut-flux-lora/requests/019f9a27-ecf9-74b2-a43b-7a7928f6e7af/status?logs=false "HTTP/1.1 202 Accepted"
2026-07-25 17:42:31,616 [INFO] httpx: HTTP Request: GET https://queue.fal.run/rundiffusion-fal/juggernaut-flux-lora/requests/019f9a27-ecf9-74b2-a43b-7a7928f6e7af/status?logs=false "HTTP/1.1 202 Accepted"
2026-07-25 17:42:31,956 [INFO] httpx: HTTP Request: GET https://queue.fal.run/rundiffusion-fal/juggernaut-flux-lora/requests/019f9a27-ecf9-74b2-a43b-7a7928f6e7af/status?logs=false "HTTP/1.1 202 Accepted"
2026-07-25 17:42:32,305 [INFO] httpx: HTTP Request: GET https://queue.fal.run/rundiffusion-fal/juggernaut-flux-lora/requests/019f9a27-ecf9-74b2-a43b-7a7928f6e7af/status?logs=false "HTTP/1.1 202 Accepted"
2026-07-25 17:42:32,677 [INFO] httpx: HTTP Request: GET https://queue.fal.run/rundiffusion-fal/juggernaut-flux-lora/requests/019f9a27-ecf9-74b2-a43b-7a7928f6e7af/status?logs=false "HTTP/1.1 202 Accepted"
2026-07-25 17:42:33,040 [INFO] httpx: HTTP Request: GET https://queue.fal.run/rundiffusion-fal/juggernaut-flux-lora/requests/019f9a27-ecf9-74b2-a43b-7a7928f6e7af/status?logs=false "HTTP/1.1 202 Accepted"
2026-07-25 17:42:33,400 [INFO] httpx: HTTP Request: GET https://queue.fal.run/rundiffusion-fal/juggernaut-flux-lora/requests/019f9a27-ecf9-74b2-a43b-7a7928f6e7af/status?logs=false "HTTP/1.1 202 Accepted"
2026-07-25 17:42:33,757 [INFO] httpx: HTTP Request: GET https://queue.fal.run/rundiffusion-fal/juggernaut-flux-lora/requests/019f9a27-ecf9-74b2-a43b-7a7928f6e7af/status?logs=false "HTTP/1.1 202 Accepted"
2026-07-25 17:42:34,109 [INFO] httpx: HTTP Request: GET https://queue.fal.run/rundiffusion-fal/juggernaut-flux-lora/requests/019f9a27-ecf9-74b2-a43b-7a7928f6e7af/status?logs=false "HTTP/1.1 202 Accepted"
2026-07-25 17:42:34,475 [INFO] httpx: HTTP Request: GET https://queue.fal.run/rundiffusion-fal/juggernaut-flux-lora/requests/019f9a27-ecf9-74b2-a43b-7a7928f6e7af/status?logs=false "HTTP/1.1 202 Accepted"
2026-07-25 17:42:34,837 [INFO] httpx: HTTP Request: GET https://queue.fal.run/rundiffusion-fal/juggernaut-flux-lora/requests/019f9a27-ecf9-74b2-a43b-7a7928f6e7af/status?logs=false "HTTP/1.1 202 Accepted"
2026-07-25 17:42:35,197 [INFO] httpx: HTTP Request: GET https://queue.fal.run/rundiffusion-fal/juggernaut-flux-lora/requests/019f9a27-ecf9-74b2-a43b-7a7928f6e7af/status?logs=false "HTTP/1.1 202 Accepted"
2026-07-25 17:42:35,551 [INFO] httpx: HTTP Request: GET https://queue.fal.run/rundiffusion-fal/juggernaut-flux-lora/requests/019f9a27-ecf9-74b2-a43b-7a7928f6e7af/status?logs=false "HTTP/1.1 202 Accepted"
2026-07-25 17:42:35,905 [INFO] httpx: HTTP Request: GET https://queue.fal.run/rundiffusion-fal/juggernaut-flux-lora/requests/019f9a27-ecf9-74b2-a43b-7a7928f6e7af/status?logs=false "HTTP/1.1 202 Accepted"
2026-07-25 17:42:36,259 [INFO] httpx: HTTP Request: GET https://queue.fal.run/rundiffusion-fal/juggernaut-flux-lora/requests/019f9a27-ecf9-74b2-a43b-7a7928f6e7af/status?logs=false "HTTP/1.1 202 Accepted"
2026-07-25 17:42:36,622 [INFO] httpx: HTTP Request: GET https://queue.fal.run/rundiffusion-fal/juggernaut-flux-lora/requests/019f9a27-ecf9-74b2-a43b-7a7928f6e7af/status?logs=false "HTTP/1.1 202 Accepted"
2026-07-25 17:42:36,978 [INFO] httpx: HTTP Request: GET https://queue.fal.run/rundiffusion-fal/juggernaut-flux-lora/requests/019f9a27-ecf9-74b2-a43b-7a7928f6e7af/status?logs=false "HTTP/1.1 202 Accepted"
2026-07-25 17:42:37,340 [INFO] httpx: HTTP Request: GET https://queue.fal.run/rundiffusion-fal/juggernaut-flux-lora/requests/019f9a27-ecf9-74b2-a43b-7a7928f6e7af/status?logs=false "HTTP/1.1 202 Accepted"
2026-07-25 17:42:37,695 [INFO] httpx: HTTP Request: GET https://queue.fal.run/rundiffusion-fal/juggernaut-flux-lora/requests/019f9a27-ecf9-74b2-a43b-7a7928f6e7af/status?logs=false "HTTP/1.1 202 Accepted"
2026-07-25 17:42:38,046 [INFO] httpx: HTTP Request: GET https://queue.fal.run/rundiffusion-fal/juggernaut-flux-lora/requests/019f9a27-ecf9-74b2-a43b-7a7928f6e7af/status?logs=false "HTTP/1.1 202 Accepted"
2026-07-25 17:42:38,408 [INFO] httpx: HTTP Request: GET https://queue.fal.run/rundiffusion-fal/juggernaut-flux-lora/requests/019f9a27-ecf9-74b2-a43b-7a7928f6e7af/status?logs=false "HTTP/1.1 202 Accepted"
2026-07-25 17:42:38,765 [INFO] httpx: HTTP Request: GET https://queue.fal.run/rundiffusion-fal/juggernaut-flux-lora/requests/019f9a27-ecf9-74b2-a43b-7a7928f6e7af/status?logs=false "HTTP/1.1 202 Accepted"
2026-07-25 17:42:39,115 [INFO] httpx: HTTP Request: GET https://queue.fal.run/rundiffusion-fal/juggernaut-flux-lora/requests/019f9a27-ecf9-74b2-a43b-7a7928f6e7af/status?logs=false "HTTP/1.1 202 Accepted"
2026-07-25 17:42:39,475 [INFO] httpx: HTTP Request: GET https://queue.fal.run/rundiffusion-fal/juggernaut-flux-lora/requests/019f9a27-ecf9-74b2-a43b-7a7928f6e7af/status?logs=false "HTTP/1.1 202 Accepted"
2026-07-25 17:42:39,828 [INFO] httpx: HTTP Request: GET https://queue.fal.run/rundiffusion-fal/juggernaut-flux-lora/requests/019f9a27-ecf9-74b2-a43b-7a7928f6e7af/status?logs=false "HTTP/1.1 202 Accepted"
2026-07-25 17:42:40,182 [INFO] httpx: HTTP Request: GET https://queue.fal.run/rundiffusion-fal/juggernaut-flux-lora/requests/019f9a27-ecf9-74b2-a43b-7a7928f6e7af/status?logs=false "HTTP/1.1 202 Accepted"
2026-07-25 17:42:40,540 [INFO] httpx: HTTP Request: GET https://queue.fal.run/rundiffusion-fal/juggernaut-flux-lora/requests/019f9a27-ecf9-74b2-a43b-7a7928f6e7af/status?logs=false "HTTP/1.1 202 Accepted"
2026-07-25 17:42:40,899 [INFO] httpx: HTTP Request: GET https://queue.fal.run/rundiffusion-fal/juggernaut-flux-lora/requests/019f9a27-ecf9-74b2-a43b-7a7928f6e7af/status?logs=false "HTTP/1.1 202 Accepted"
2026-07-25 17:42:41,255 [INFO] httpx: HTTP Request: GET https://queue.fal.run/rundiffusion-fal/juggernaut-flux-lora/requests/019f9a27-ecf9-74b2-a43b-7a7928f6e7af/status?logs=false "HTTP/1.1 202 Accepted"
2026-07-25 17:42:41,613 [INFO] httpx: HTTP Request: GET https://queue.fal.run/rundiffusion-fal/juggernaut-flux-lora/requests/019f9a27-ecf9-74b2-a43b-7a7928f6e7af/status?logs=false "HTTP/1.1 202 Accepted"
2026-07-25 17:42:41,963 [INFO] httpx: HTTP Request: GET https://queue.fal.run/rundiffusion-fal/juggernaut-flux-lora/requests/019f9a27-ecf9-74b2-a43b-7a7928f6e7af/status?logs=false "HTTP/1.1 202 Accepted"
2026-07-25 17:42:42,313 [INFO] httpx: HTTP Request: GET https://queue.fal.run/rundiffusion-fal/juggernaut-flux-lora/requests/019f9a27-ecf9-74b2-a43b-7a7928f6e7af/status?logs=false "HTTP/1.1 202 Accepted"
2026-07-25 17:42:42,662 [INFO] httpx: HTTP Request: GET https://queue.fal.run/rundiffusion-fal/juggernaut-flux-lora/requests/019f9a27-ecf9-74b2-a43b-7a7928f6e7af/status?logs=false "HTTP/1.1 202 Accepted"
2026-07-25 17:42:43,019 [INFO] httpx: HTTP Request: GET https://queue.fal.run/rundiffusion-fal/juggernaut-flux-lora/requests/019f9a27-ecf9-74b2-a43b-7a7928f6e7af/status?logs=false "HTTP/1.1 202 Accepted"
2026-07-25 17:42:43,385 [INFO] httpx: HTTP Request: GET https://queue.fal.run/rundiffusion-fal/juggernaut-flux-lora/requests/019f9a27-ecf9-74b2-a43b-7a7928f6e7af/status?logs=false "HTTP/1.1 202 Accepted"
2026-07-25 17:42:43,758 [INFO] httpx: HTTP Request: GET https://queue.fal.run/rundiffusion-fal/juggernaut-flux-lora/requests/019f9a27-ecf9-74b2-a43b-7a7928f6e7af/status?logs=false "HTTP/1.1 202 Accepted"
2026-07-25 17:42:44,112 [INFO] httpx: HTTP Request: GET https://queue.fal.run/rundiffusion-fal/juggernaut-flux-lora/requests/019f9a27-ecf9-74b2-a43b-7a7928f6e7af/status?logs=false "HTTP/1.1 202 Accepted"
2026-07-25 17:42:44,457 [INFO] httpx: HTTP Request: GET https://queue.fal.run/rundiffusion-fal/juggernaut-flux-lora/requests/019f9a27-ecf9-74b2-a43b-7a7928f6e7af/status?logs=false "HTTP/1.1 202 Accepted"
2026-07-25 17:42:44,816 [INFO] httpx: HTTP Request: GET https://queue.fal.run/rundiffusion-fal/juggernaut-flux-lora/requests/019f9a27-ecf9-74b2-a43b-7a7928f6e7af/status?logs=false "HTTP/1.1 202 Accepted"
2026-07-25 17:42:45,167 [INFO] httpx: HTTP Request: GET https://queue.fal.run/rundiffusion-fal/juggernaut-flux-lora/requests/019f9a27-ecf9-74b2-a43b-7a7928f6e7af/status?logs=false "HTTP/1.1 202 Accepted"
2026-07-25 17:42:45,507 [INFO] httpx: HTTP Request: GET https://queue.fal.run/rundiffusion-fal/juggernaut-flux-lora/requests/019f9a27-ecf9-74b2-a43b-7a7928f6e7af/status?logs=false "HTTP/1.1 202 Accepted"
2026-07-25 17:42:45,864 [INFO] httpx: HTTP Request: GET https://queue.fal.run/rundiffusion-fal/juggernaut-flux-lora/requests/019f9a27-ecf9-74b2-a43b-7a7928f6e7af/status?logs=false "HTTP/1.1 202 Accepted"
2026-07-25 17:42:46,219 [INFO] httpx: HTTP Request: GET https://queue.fal.run/rundiffusion-fal/juggernaut-flux-lora/requests/019f9a27-ecf9-74b2-a43b-7a7928f6e7af/status?logs=false "HTTP/1.1 202 Accepted"
2026-07-25 17:42:46,575 [INFO] httpx: HTTP Request: GET https://queue.fal.run/rundiffusion-fal/juggernaut-flux-lora/requests/019f9a27-ecf9-74b2-a43b-7a7928f6e7af/status?logs=false "HTTP/1.1 202 Accepted"
2026-07-25 17:42:46,932 [INFO] httpx: HTTP Request: GET https://queue.fal.run/rundiffusion-fal/juggernaut-flux-lora/requests/019f9a27-ecf9-74b2-a43b-7a7928f6e7af/status?logs=false "HTTP/1.1 202 Accepted"
2026-07-25 17:42:47,286 [INFO] httpx: HTTP Request: GET https://queue.fal.run/rundiffusion-fal/juggernaut-flux-lora/requests/019f9a27-ecf9-74b2-a43b-7a7928f6e7af/status?logs=false "HTTP/1.1 202 Accepted"
2026-07-25 17:42:47,648 [INFO] httpx: HTTP Request: GET https://queue.fal.run/rundiffusion-fal/juggernaut-flux-lora/requests/019f9a27-ecf9-74b2-a43b-7a7928f6e7af/status?logs=false "HTTP/1.1 202 Accepted"
2026-07-25 17:42:48,006 [INFO] httpx: HTTP Request: GET https://queue.fal.run/rundiffusion-fal/juggernaut-flux-lora/requests/019f9a27-ecf9-74b2-a43b-7a7928f6e7af/status?logs=false "HTTP/1.1 202 Accepted"
2026-07-25 17:42:48,360 [INFO] httpx: HTTP Request: GET https://queue.fal.run/rundiffusion-fal/juggernaut-flux-lora/requests/019f9a27-ecf9-74b2-a43b-7a7928f6e7af/status?logs=false "HTTP/1.1 202 Accepted"
2026-07-25 17:42:48,714 [INFO] httpx: HTTP Request: GET https://queue.fal.run/rundiffusion-fal/juggernaut-flux-lora/requests/019f9a27-ecf9-74b2-a43b-7a7928f6e7af/status?logs=false "HTTP/1.1 202 Accepted"
2026-07-25 17:42:49,064 [INFO] httpx: HTTP Request: GET https://queue.fal.run/rundiffusion-fal/juggernaut-flux-lora/requests/019f9a27-ecf9-74b2-a43b-7a7928f6e7af/status?logs=false "HTTP/1.1 202 Accepted"
2026-07-25 17:42:49,418 [INFO] httpx: HTTP Request: GET https://queue.fal.run/rundiffusion-fal/juggernaut-flux-lora/requests/019f9a27-ecf9-74b2-a43b-7a7928f6e7af/status?logs=false "HTTP/1.1 202 Accepted"
2026-07-25 17:42:49,779 [INFO] httpx: HTTP Request: GET https://queue.fal.run/rundiffusion-fal/juggernaut-flux-lora/requests/019f9a27-ecf9-74b2-a43b-7a7928f6e7af/status?logs=false "HTTP/1.1 202 Accepted"
2026-07-25 17:42:50,139 [INFO] httpx: HTTP Request: GET https://queue.fal.run/rundiffusion-fal/juggernaut-flux-lora/requests/019f9a27-ecf9-74b2-a43b-7a7928f6e7af/status?logs=false "HTTP/1.1 202 Accepted"
2026-07-25 17:42:50,501 [INFO] httpx: HTTP Request: GET https://queue.fal.run/rundiffusion-fal/juggernaut-flux-lora/requests/019f9a27-ecf9-74b2-a43b-7a7928f6e7af/status?logs=false "HTTP/1.1 202 Accepted"
2026-07-25 17:42:50,859 [INFO] httpx: HTTP Request: GET https://queue.fal.run/rundiffusion-fal/juggernaut-flux-lora/requests/019f9a27-ecf9-74b2-a43b-7a7928f6e7af/status?logs=false "HTTP/1.1 202 Accepted"
2026-07-25 17:42:51,218 [INFO] httpx: HTTP Request: GET https://queue.fal.run/rundiffusion-fal/juggernaut-flux-lora/requests/019f9a27-ecf9-74b2-a43b-7a7928f6e7af/status?logs=false "HTTP/1.1 202 Accepted"
2026-07-25 17:42:51,583 [INFO] httpx: HTTP Request: GET https://queue.fal.run/rundiffusion-fal/juggernaut-flux-lora/requests/019f9a27-ecf9-74b2-a43b-7a7928f6e7af/status?logs=false "HTTP/1.1 202 Accepted"
2026-07-25 17:42:51,946 [INFO] httpx: HTTP Request: GET https://queue.fal.run/rundiffusion-fal/juggernaut-flux-lora/requests/019f9a27-ecf9-74b2-a43b-7a7928f6e7af/status?logs=false "HTTP/1.1 202 Accepted"
2026-07-25 17:42:52,289 [INFO] httpx: HTTP Request: GET https://queue.fal.run/rundiffusion-fal/juggernaut-flux-lora/requests/019f9a27-ecf9-74b2-a43b-7a7928f6e7af/status?logs=false "HTTP/1.1 202 Accepted"
2026-07-25 17:42:52,646 [INFO] httpx: HTTP Request: GET https://queue.fal.run/rundiffusion-fal/juggernaut-flux-lora/requests/019f9a27-ecf9-74b2-a43b-7a7928f6e7af/status?logs=false "HTTP/1.1 202 Accepted"
2026-07-25 17:42:53,004 [INFO] httpx: HTTP Request: GET https://queue.fal.run/rundiffusion-fal/juggernaut-flux-lora/requests/019f9a27-ecf9-74b2-a43b-7a7928f6e7af/status?logs=false "HTTP/1.1 202 Accepted"
2026-07-25 17:42:53,360 [INFO] httpx: HTTP Request: GET https://queue.fal.run/rundiffusion-fal/juggernaut-flux-lora/requests/019f9a27-ecf9-74b2-a43b-7a7928f6e7af/status?logs=false "HTTP/1.1 202 Accepted"
2026-07-25 17:42:53,720 [INFO] httpx: HTTP Request: GET https://queue.fal.run/rundiffusion-fal/juggernaut-flux-lora/requests/019f9a27-ecf9-74b2-a43b-7a7928f6e7af/status?logs=false "HTTP/1.1 202 Accepted"
2026-07-25 17:42:54,084 [INFO] httpx: HTTP Request: GET https://queue.fal.run/rundiffusion-fal/juggernaut-flux-lora/requests/019f9a27-ecf9-74b2-a43b-7a7928f6e7af/status?logs=false "HTTP/1.1 202 Accepted"
2026-07-25 17:42:54,441 [INFO] httpx: HTTP Request: GET https://queue.fal.run/rundiffusion-fal/juggernaut-flux-lora/requests/019f9a27-ecf9-74b2-a43b-7a7928f6e7af/status?logs=false "HTTP/1.1 202 Accepted"
2026-07-25 17:42:54,796 [INFO] httpx: HTTP Request: GET https://queue.fal.run/rundiffusion-fal/juggernaut-flux-lora/requests/019f9a27-ecf9-74b2-a43b-7a7928f6e7af/status?logs=false "HTTP/1.1 202 Accepted"
2026-07-25 17:42:55,153 [INFO] httpx: HTTP Request: GET https://queue.fal.run/rundiffusion-fal/juggernaut-flux-lora/requests/019f9a27-ecf9-74b2-a43b-7a7928f6e7af/status?logs=false "HTTP/1.1 202 Accepted"
2026-07-25 17:42:55,516 [INFO] httpx: HTTP Request: GET https://queue.fal.run/rundiffusion-fal/juggernaut-flux-lora/requests/019f9a27-ecf9-74b2-a43b-7a7928f6e7af/status?logs=false "HTTP/1.1 202 Accepted"
2026-07-25 17:42:55,874 [INFO] httpx: HTTP Request: GET https://queue.fal.run/rundiffusion-fal/juggernaut-flux-lora/requests/019f9a27-ecf9-74b2-a43b-7a7928f6e7af/status?logs=false "HTTP/1.1 202 Accepted"
2026-07-25 17:42:56,229 [INFO] httpx: HTTP Request: GET https://queue.fal.run/rundiffusion-fal/juggernaut-flux-lora/requests/019f9a27-ecf9-74b2-a43b-7a7928f6e7af/status?logs=false "HTTP/1.1 202 Accepted"
2026-07-25 17:42:56,589 [INFO] httpx: HTTP Request: GET https://queue.fal.run/rundiffusion-fal/juggernaut-flux-lora/requests/019f9a27-ecf9-74b2-a43b-7a7928f6e7af/status?logs=false "HTTP/1.1 202 Accepted"
2026-07-25 17:42:56,939 [INFO] httpx: HTTP Request: GET https://queue.fal.run/rundiffusion-fal/juggernaut-flux-lora/requests/019f9a27-ecf9-74b2-a43b-7a7928f6e7af/status?logs=false "HTTP/1.1 202 Accepted"
2026-07-25 17:42:57,281 [INFO] httpx: HTTP Request: GET https://queue.fal.run/rundiffusion-fal/juggernaut-flux-lora/requests/019f9a27-ecf9-74b2-a43b-7a7928f6e7af/status?logs=false "HTTP/1.1 202 Accepted"
2026-07-25 17:42:57,640 [INFO] httpx: HTTP Request: GET https://queue.fal.run/rundiffusion-fal/juggernaut-flux-lora/requests/019f9a27-ecf9-74b2-a43b-7a7928f6e7af/status?logs=false "HTTP/1.1 202 Accepted"
2026-07-25 17:42:57,984 [INFO] httpx: HTTP Request: GET https://queue.fal.run/rundiffusion-fal/juggernaut-flux-lora/requests/019f9a27-ecf9-74b2-a43b-7a7928f6e7af/status?logs=false "HTTP/1.1 202 Accepted"
2026-07-25 17:42:58,337 [INFO] httpx: HTTP Request: GET https://queue.fal.run/rundiffusion-fal/juggernaut-flux-lora/requests/019f9a27-ecf9-74b2-a43b-7a7928f6e7af/status?logs=false "HTTP/1.1 202 Accepted"
2026-07-25 17:42:58,683 [INFO] httpx: HTTP Request: GET https://queue.fal.run/rundiffusion-fal/juggernaut-flux-lora/requests/019f9a27-ecf9-74b2-a43b-7a7928f6e7af/status?logs=false "HTTP/1.1 202 Accepted"
2026-07-25 17:42:59,044 [INFO] httpx: HTTP Request: GET https://queue.fal.run/rundiffusion-fal/juggernaut-flux-lora/requests/019f9a27-ecf9-74b2-a43b-7a7928f6e7af/status?logs=false "HTTP/1.1 202 Accepted"
2026-07-25 17:42:59,398 [INFO] httpx: HTTP Request: GET https://queue.fal.run/rundiffusion-fal/juggernaut-flux-lora/requests/019f9a27-ecf9-74b2-a43b-7a7928f6e7af/status?logs=false "HTTP/1.1 202 Accepted"
2026-07-25 17:42:59,757 [INFO] httpx: HTTP Request: GET https://queue.fal.run/rundiffusion-fal/juggernaut-flux-lora/requests/019f9a27-ecf9-74b2-a43b-7a7928f6e7af/status?logs=false "HTTP/1.1 202 Accepted"
2026-07-25 17:43:00,102 [INFO] httpx: HTTP Request: GET https://queue.fal.run/rundiffusion-fal/juggernaut-flux-lora/requests/019f9a27-ecf9-74b2-a43b-7a7928f6e7af/status?logs=false "HTTP/1.1 202 Accepted"
2026-07-25 17:43:00,459 [INFO] httpx: HTTP Request: GET https://queue.fal.run/rundiffusion-fal/juggernaut-flux-lora/requests/019f9a27-ecf9-74b2-a43b-7a7928f6e7af/status?logs=false "HTTP/1.1 202 Accepted"
2026-07-25 17:43:00,791 [INFO] httpx: HTTP Request: GET https://queue.fal.run/rundiffusion-fal/juggernaut-flux-lora/requests/019f9a27-ecf9-74b2-a43b-7a7928f6e7af/status?logs=false "HTTP/1.1 202 Accepted"
2026-07-25 17:43:01,138 [INFO] httpx: HTTP Request: GET https://queue.fal.run/rundiffusion-fal/juggernaut-flux-lora/requests/019f9a27-ecf9-74b2-a43b-7a7928f6e7af/status?logs=false "HTTP/1.1 202 Accepted"
2026-07-25 17:43:01,491 [INFO] httpx: HTTP Request: GET https://queue.fal.run/rundiffusion-fal/juggernaut-flux-lora/requests/019f9a27-ecf9-74b2-a43b-7a7928f6e7af/status?logs=false "HTTP/1.1 202 Accepted"
2026-07-25 17:43:01,838 [INFO] httpx: HTTP Request: GET https://queue.fal.run/rundiffusion-fal/juggernaut-flux-lora/requests/019f9a27-ecf9-74b2-a43b-7a7928f6e7af/status?logs=false "HTTP/1.1 202 Accepted"
2026-07-25 17:43:02,192 [INFO] httpx: HTTP Request: GET https://queue.fal.run/rundiffusion-fal/juggernaut-flux-lora/requests/019f9a27-ecf9-74b2-a43b-7a7928f6e7af/status?logs=false "HTTP/1.1 202 Accepted"
2026-07-25 17:43:02,545 [INFO] httpx: HTTP Request: GET https://queue.fal.run/rundiffusion-fal/juggernaut-flux-lora/requests/019f9a27-ecf9-74b2-a43b-7a7928f6e7af/status?logs=false "HTTP/1.1 202 Accepted"
2026-07-25 17:43:02,903 [INFO] httpx: HTTP Request: GET https://queue.fal.run/rundiffusion-fal/juggernaut-flux-lora/requests/019f9a27-ecf9-74b2-a43b-7a7928f6e7af/status?logs=false "HTTP/1.1 202 Accepted"
2026-07-25 17:43:03,264 [INFO] httpx: HTTP Request: GET https://queue.fal.run/rundiffusion-fal/juggernaut-flux-lora/requests/019f9a27-ecf9-74b2-a43b-7a7928f6e7af/status?logs=false "HTTP/1.1 202 Accepted"
2026-07-25 17:43:03,622 [INFO] httpx: HTTP Request: GET https://queue.fal.run/rundiffusion-fal/juggernaut-flux-lora/requests/019f9a27-ecf9-74b2-a43b-7a7928f6e7af/status?logs=false "HTTP/1.1 202 Accepted"
2026-07-25 17:43:03,983 [INFO] httpx: HTTP Request: GET https://queue.fal.run/rundiffusion-fal/juggernaut-flux-lora/requests/019f9a27-ecf9-74b2-a43b-7a7928f6e7af/status?logs=false "HTTP/1.1 202 Accepted"
2026-07-25 17:43:04,340 [INFO] httpx: HTTP Request: GET https://queue.fal.run/rundiffusion-fal/juggernaut-flux-lora/requests/019f9a27-ecf9-74b2-a43b-7a7928f6e7af/status?logs=false "HTTP/1.1 202 Accepted"
2026-07-25 17:43:04,702 [INFO] httpx: HTTP Request: GET https://queue.fal.run/rundiffusion-fal/juggernaut-flux-lora/requests/019f9a27-ecf9-74b2-a43b-7a7928f6e7af/status?logs=false "HTTP/1.1 202 Accepted"
2026-07-25 17:43:05,051 [INFO] httpx: HTTP Request: GET https://queue.fal.run/rundiffusion-fal/juggernaut-flux-lora/requests/019f9a27-ecf9-74b2-a43b-7a7928f6e7af/status?logs=false "HTTP/1.1 202 Accepted"
2026-07-25 17:43:05,398 [INFO] httpx: HTTP Request: GET https://queue.fal.run/rundiffusion-fal/juggernaut-flux-lora/requests/019f9a27-ecf9-74b2-a43b-7a7928f6e7af/status?logs=false "HTTP/1.1 202 Accepted"
2026-07-25 17:43:05,757 [INFO] httpx: HTTP Request: GET https://queue.fal.run/rundiffusion-fal/juggernaut-flux-lora/requests/019f9a27-ecf9-74b2-a43b-7a7928f6e7af/status?logs=false "HTTP/1.1 202 Accepted"
2026-07-25 17:43:06,106 [INFO] httpx: HTTP Request: GET https://queue.fal.run/rundiffusion-fal/juggernaut-flux-lora/requests/019f9a27-ecf9-74b2-a43b-7a7928f6e7af/status?logs=false "HTTP/1.1 202 Accepted"
2026-07-25 17:43:06,467 [INFO] httpx: HTTP Request: GET https://queue.fal.run/rundiffusion-fal/juggernaut-flux-lora/requests/019f9a27-ecf9-74b2-a43b-7a7928f6e7af/status?logs=false "HTTP/1.1 202 Accepted"
2026-07-25 17:43:06,821 [INFO] httpx: HTTP Request: GET https://queue.fal.run/rundiffusion-fal/juggernaut-flux-lora/requests/019f9a27-ecf9-74b2-a43b-7a7928f6e7af/status?logs=false "HTTP/1.1 202 Accepted"
2026-07-25 17:43:07,197 [INFO] httpx: HTTP Request: GET https://queue.fal.run/rundiffusion-fal/juggernaut-flux-lora/requests/019f9a27-ecf9-74b2-a43b-7a7928f6e7af/status?logs=false "HTTP/1.1 202 Accepted"
2026-07-25 17:43:07,558 [INFO] httpx: HTTP Request: GET https://queue.fal.run/rundiffusion-fal/juggernaut-flux-lora/requests/019f9a27-ecf9-74b2-a43b-7a7928f6e7af/status?logs=false "HTTP/1.1 202 Accepted"
2026-07-25 17:43:07,917 [INFO] httpx: HTTP Request: GET https://queue.fal.run/rundiffusion-fal/juggernaut-flux-lora/requests/019f9a27-ecf9-74b2-a43b-7a7928f6e7af/status?logs=false "HTTP/1.1 202 Accepted"
2026-07-25 17:43:08,263 [INFO] httpx: HTTP Request: GET https://queue.fal.run/rundiffusion-fal/juggernaut-flux-lora/requests/019f9a27-ecf9-74b2-a43b-7a7928f6e7af/status?logs=false "HTTP/1.1 202 Accepted"
2026-07-25 17:43:08,622 [INFO] httpx: HTTP Request: GET https://queue.fal.run/rundiffusion-fal/juggernaut-flux-lora/requests/019f9a27-ecf9-74b2-a43b-7a7928f6e7af/status?logs=false "HTTP/1.1 202 Accepted"
2026-07-25 17:43:08,983 [INFO] httpx: HTTP Request: GET https://queue.fal.run/rundiffusion-fal/juggernaut-flux-lora/requests/019f9a27-ecf9-74b2-a43b-7a7928f6e7af/status?logs=false "HTTP/1.1 202 Accepted"
2026-07-25 17:43:09,342 [INFO] httpx: HTTP Request: GET https://queue.fal.run/rundiffusion-fal/juggernaut-flux-lora/requests/019f9a27-ecf9-74b2-a43b-7a7928f6e7af/status?logs=false "HTTP/1.1 202 Accepted"
2026-07-25 17:43:09,699 [INFO] httpx: HTTP Request: GET https://queue.fal.run/rundiffusion-fal/juggernaut-flux-lora/requests/019f9a27-ecf9-74b2-a43b-7a7928f6e7af/status?logs=false "HTTP/1.1 202 Accepted"
2026-07-25 17:43:10,054 [INFO] httpx: HTTP Request: GET https://queue.fal.run/rundiffusion-fal/juggernaut-flux-lora/requests/019f9a27-ecf9-74b2-a43b-7a7928f6e7af/status?logs=false "HTTP/1.1 202 Accepted"
2026-07-25 17:43:10,411 [INFO] httpx: HTTP Request: GET https://queue.fal.run/rundiffusion-fal/juggernaut-flux-lora/requests/019f9a27-ecf9-74b2-a43b-7a7928f6e7af/status?logs=false "HTTP/1.1 202 Accepted"
2026-07-25 17:43:10,765 [INFO] httpx: HTTP Request: GET https://queue.fal.run/rundiffusion-fal/juggernaut-flux-lora/requests/019f9a27-ecf9-74b2-a43b-7a7928f6e7af/status?logs=false "HTTP/1.1 202 Accepted"
2026-07-25 17:43:11,126 [INFO] httpx: HTTP Request: GET https://queue.fal.run/rundiffusion-fal/juggernaut-flux-lora/requests/019f9a27-ecf9-74b2-a43b-7a7928f6e7af/status?logs=false "HTTP/1.1 202 Accepted"
2026-07-25 17:43:11,482 [INFO] httpx: HTTP Request: GET https://queue.fal.run/rundiffusion-fal/juggernaut-flux-lora/requests/019f9a27-ecf9-74b2-a43b-7a7928f6e7af/status?logs=false "HTTP/1.1 202 Accepted"
2026-07-25 17:43:11,831 [INFO] httpx: HTTP Request: GET https://queue.fal.run/rundiffusion-fal/juggernaut-flux-lora/requests/019f9a27-ecf9-74b2-a43b-7a7928f6e7af/status?logs=false "HTTP/1.1 202 Accepted"
2026-07-25 17:43:12,171 [INFO] httpx: HTTP Request: GET https://queue.fal.run/rundiffusion-fal/juggernaut-flux-lora/requests/019f9a27-ecf9-74b2-a43b-7a7928f6e7af/status?logs=false "HTTP/1.1 202 Accepted"
2026-07-25 17:43:12,530 [INFO] httpx: HTTP Request: GET https://queue.fal.run/rundiffusion-fal/juggernaut-flux-lora/requests/019f9a27-ecf9-74b2-a43b-7a7928f6e7af/status?logs=false "HTTP/1.1 202 Accepted"
2026-07-25 17:43:12,893 [INFO] httpx: HTTP Request: GET https://queue.fal.run/rundiffusion-fal/juggernaut-flux-lora/requests/019f9a27-ecf9-74b2-a43b-7a7928f6e7af/status?logs=false "HTTP/1.1 202 Accepted"
2026-07-25 17:43:13,254 [INFO] httpx: HTTP Request: GET https://queue.fal.run/rundiffusion-fal/juggernaut-flux-lora/requests/019f9a27-ecf9-74b2-a43b-7a7928f6e7af/status?logs=false "HTTP/1.1 202 Accepted"
2026-07-25 17:43:13,608 [INFO] httpx: HTTP Request: GET https://queue.fal.run/rundiffusion-fal/juggernaut-flux-lora/requests/019f9a27-ecf9-74b2-a43b-7a7928f6e7af/status?logs=false "HTTP/1.1 202 Accepted"
2026-07-25 17:43:13,968 [INFO] httpx: HTTP Request: GET https://queue.fal.run/rundiffusion-fal/juggernaut-flux-lora/requests/019f9a27-ecf9-74b2-a43b-7a7928f6e7af/status?logs=false "HTTP/1.1 202 Accepted"
2026-07-25 17:43:14,316 [INFO] httpx: HTTP Request: GET https://queue.fal.run/rundiffusion-fal/juggernaut-flux-lora/requests/019f9a27-ecf9-74b2-a43b-7a7928f6e7af/status?logs=false "HTTP/1.1 202 Accepted"
2026-07-25 17:43:14,673 [INFO] httpx: HTTP Request: GET https://queue.fal.run/rundiffusion-fal/juggernaut-flux-lora/requests/019f9a27-ecf9-74b2-a43b-7a7928f6e7af/status?logs=false "HTTP/1.1 202 Accepted"
2026-07-25 17:43:15,029 [INFO] httpx: HTTP Request: GET https://queue.fal.run/rundiffusion-fal/juggernaut-flux-lora/requests/019f9a27-ecf9-74b2-a43b-7a7928f6e7af/status?logs=false "HTTP/1.1 202 Accepted"
2026-07-25 17:43:15,389 [INFO] httpx: HTTP Request: GET https://queue.fal.run/rundiffusion-fal/juggernaut-flux-lora/requests/019f9a27-ecf9-74b2-a43b-7a7928f6e7af/status?logs=false "HTTP/1.1 202 Accepted"
2026-07-25 17:43:15,738 [INFO] httpx: HTTP Request: GET https://queue.fal.run/rundiffusion-fal/juggernaut-flux-lora/requests/019f9a27-ecf9-74b2-a43b-7a7928f6e7af/status?logs=false "HTTP/1.1 202 Accepted"
2026-07-25 17:43:16,087 [INFO] httpx: HTTP Request: GET https://queue.fal.run/rundiffusion-fal/juggernaut-flux-lora/requests/019f9a27-ecf9-74b2-a43b-7a7928f6e7af/status?logs=false "HTTP/1.1 202 Accepted"
2026-07-25 17:43:16,448 [INFO] httpx: HTTP Request: GET https://queue.fal.run/rundiffusion-fal/juggernaut-flux-lora/requests/019f9a27-ecf9-74b2-a43b-7a7928f6e7af/status?logs=false "HTTP/1.1 202 Accepted"
2026-07-25 17:43:16,805 [INFO] httpx: HTTP Request: GET https://queue.fal.run/rundiffusion-fal/juggernaut-flux-lora/requests/019f9a27-ecf9-74b2-a43b-7a7928f6e7af/status?logs=false "HTTP/1.1 202 Accepted"
2026-07-25 17:43:17,165 [INFO] httpx: HTTP Request: GET https://queue.fal.run/rundiffusion-fal/juggernaut-flux-lora/requests/019f9a27-ecf9-74b2-a43b-7a7928f6e7af/status?logs=false "HTTP/1.1 202 Accepted"
2026-07-25 17:43:17,527 [INFO] httpx: HTTP Request: GET https://queue.fal.run/rundiffusion-fal/juggernaut-flux-lora/requests/019f9a27-ecf9-74b2-a43b-7a7928f6e7af/status?logs=false "HTTP/1.1 202 Accepted"
2026-07-25 17:43:17,890 [INFO] httpx: HTTP Request: GET https://queue.fal.run/rundiffusion-fal/juggernaut-flux-lora/requests/019f9a27-ecf9-74b2-a43b-7a7928f6e7af/status?logs=false "HTTP/1.1 202 Accepted"
2026-07-25 17:43:18,252 [INFO] httpx: HTTP Request: GET https://queue.fal.run/rundiffusion-fal/juggernaut-flux-lora/requests/019f9a27-ecf9-74b2-a43b-7a7928f6e7af/status?logs=false "HTTP/1.1 202 Accepted"
2026-07-25 17:43:18,601 [INFO] httpx: HTTP Request: GET https://queue.fal.run/rundiffusion-fal/juggernaut-flux-lora/requests/019f9a27-ecf9-74b2-a43b-7a7928f6e7af/status?logs=false "HTTP/1.1 202 Accepted"
2026-07-25 17:43:18,960 [INFO] httpx: HTTP Request: GET https://queue.fal.run/rundiffusion-fal/juggernaut-flux-lora/requests/019f9a27-ecf9-74b2-a43b-7a7928f6e7af/status?logs=false "HTTP/1.1 202 Accepted"
2026-07-25 17:43:19,321 [INFO] httpx: HTTP Request: GET https://queue.fal.run/rundiffusion-fal/juggernaut-flux-lora/requests/019f9a27-ecf9-74b2-a43b-7a7928f6e7af/status?logs=false "HTTP/1.1 202 Accepted"
2026-07-25 17:43:19,682 [INFO] httpx: HTTP Request: GET https://queue.fal.run/rundiffusion-fal/juggernaut-flux-lora/requests/019f9a27-ecf9-74b2-a43b-7a7928f6e7af/status?logs=false "HTTP/1.1 202 Accepted"
2026-07-25 17:43:20,043 [INFO] httpx: HTTP Request: GET https://queue.fal.run/rundiffusion-fal/juggernaut-flux-lora/requests/019f9a27-ecf9-74b2-a43b-7a7928f6e7af/status?logs=false "HTTP/1.1 202 Accepted"
2026-07-25 17:43:20,406 [INFO] httpx: HTTP Request: GET https://queue.fal.run/rundiffusion-fal/juggernaut-flux-lora/requests/019f9a27-ecf9-74b2-a43b-7a7928f6e7af/status?logs=false "HTTP/1.1 202 Accepted"
2026-07-25 17:43:20,763 [INFO] httpx: HTTP Request: GET https://queue.fal.run/rundiffusion-fal/juggernaut-flux-lora/requests/019f9a27-ecf9-74b2-a43b-7a7928f6e7af/status?logs=false "HTTP/1.1 202 Accepted"
2026-07-25 17:43:21,120 [INFO] httpx: HTTP Request: GET https://queue.fal.run/rundiffusion-fal/juggernaut-flux-lora/requests/019f9a27-ecf9-74b2-a43b-7a7928f6e7af/status?logs=false "HTTP/1.1 202 Accepted"
2026-07-25 17:43:21,480 [INFO] httpx: HTTP Request: GET https://queue.fal.run/rundiffusion-fal/juggernaut-flux-lora/requests/019f9a27-ecf9-74b2-a43b-7a7928f6e7af/status?logs=false "HTTP/1.1 202 Accepted"
2026-07-25 17:43:21,839 [INFO] httpx: HTTP Request: GET https://queue.fal.run/rundiffusion-fal/juggernaut-flux-lora/requests/019f9a27-ecf9-74b2-a43b-7a7928f6e7af/status?logs=false "HTTP/1.1 202 Accepted"
2026-07-25 17:43:22,197 [INFO] httpx: HTTP Request: GET https://queue.fal.run/rundiffusion-fal/juggernaut-flux-lora/requests/019f9a27-ecf9-74b2-a43b-7a7928f6e7af/status?logs=false "HTTP/1.1 202 Accepted"
2026-07-25 17:43:22,553 [INFO] httpx: HTTP Request: GET https://queue.fal.run/rundiffusion-fal/juggernaut-flux-lora/requests/019f9a27-ecf9-74b2-a43b-7a7928f6e7af/status?logs=false "HTTP/1.1 202 Accepted"
2026-07-25 17:43:22,910 [INFO] httpx: HTTP Request: GET https://queue.fal.run/rundiffusion-fal/juggernaut-flux-lora/requests/019f9a27-ecf9-74b2-a43b-7a7928f6e7af/status?logs=false "HTTP/1.1 202 Accepted"
2026-07-25 17:43:23,274 [INFO] httpx: HTTP Request: GET https://queue.fal.run/rundiffusion-fal/juggernaut-flux-lora/requests/019f9a27-ecf9-74b2-a43b-7a7928f6e7af/status?logs=false "HTTP/1.1 202 Accepted"
2026-07-25 17:43:23,638 [INFO] httpx: HTTP Request: GET https://queue.fal.run/rundiffusion-fal/juggernaut-flux-lora/requests/019f9a27-ecf9-74b2-a43b-7a7928f6e7af/status?logs=false "HTTP/1.1 202 Accepted"
2026-07-25 17:43:23,993 [INFO] httpx: HTTP Request: GET https://queue.fal.run/rundiffusion-fal/juggernaut-flux-lora/requests/019f9a27-ecf9-74b2-a43b-7a7928f6e7af/status?logs=false "HTTP/1.1 202 Accepted"
2026-07-25 17:43:24,353 [INFO] httpx: HTTP Request: GET https://queue.fal.run/rundiffusion-fal/juggernaut-flux-lora/requests/019f9a27-ecf9-74b2-a43b-7a7928f6e7af/status?logs=false "HTTP/1.1 202 Accepted"
2026-07-25 17:43:24,701 [INFO] httpx: HTTP Request: GET https://queue.fal.run/rundiffusion-fal/juggernaut-flux-lora/requests/019f9a27-ecf9-74b2-a43b-7a7928f6e7af/status?logs=false "HTTP/1.1 202 Accepted"
2026-07-25 17:43:25,052 [INFO] httpx: HTTP Request: GET https://queue.fal.run/rundiffusion-fal/juggernaut-flux-lora/requests/019f9a27-ecf9-74b2-a43b-7a7928f6e7af/status?logs=false "HTTP/1.1 202 Accepted"
2026-07-25 17:43:25,413 [INFO] httpx: HTTP Request: GET https://queue.fal.run/rundiffusion-fal/juggernaut-flux-lora/requests/019f9a27-ecf9-74b2-a43b-7a7928f6e7af/status?logs=false "HTTP/1.1 202 Accepted"
2026-07-25 17:43:25,771 [INFO] httpx: HTTP Request: GET https://queue.fal.run/rundiffusion-fal/juggernaut-flux-lora/requests/019f9a27-ecf9-74b2-a43b-7a7928f6e7af/status?logs=false "HTTP/1.1 202 Accepted"
2026-07-25 17:43:26,130 [INFO] httpx: HTTP Request: GET https://queue.fal.run/rundiffusion-fal/juggernaut-flux-lora/requests/019f9a27-ecf9-74b2-a43b-7a7928f6e7af/status?logs=false "HTTP/1.1 202 Accepted"
2026-07-25 17:43:26,490 [INFO] httpx: HTTP Request: GET https://queue.fal.run/rundiffusion-fal/juggernaut-flux-lora/requests/019f9a27-ecf9-74b2-a43b-7a7928f6e7af/status?logs=false "HTTP/1.1 202 Accepted"
2026-07-25 17:43:26,853 [INFO] httpx: HTTP Request: GET https://queue.fal.run/rundiffusion-fal/juggernaut-flux-lora/requests/019f9a27-ecf9-74b2-a43b-7a7928f6e7af/status?logs=false "HTTP/1.1 202 Accepted"
2026-07-25 17:43:27,209 [INFO] httpx: HTTP Request: GET https://queue.fal.run/rundiffusion-fal/juggernaut-flux-lora/requests/019f9a27-ecf9-74b2-a43b-7a7928f6e7af/status?logs=false "HTTP/1.1 202 Accepted"
2026-07-25 17:43:27,565 [INFO] httpx: HTTP Request: GET https://queue.fal.run/rundiffusion-fal/juggernaut-flux-lora/requests/019f9a27-ecf9-74b2-a43b-7a7928f6e7af/status?logs=false "HTTP/1.1 202 Accepted"
2026-07-25 17:43:27,924 [INFO] httpx: HTTP Request: GET https://queue.fal.run/rundiffusion-fal/juggernaut-flux-lora/requests/019f9a27-ecf9-74b2-a43b-7a7928f6e7af/status?logs=false "HTTP/1.1 202 Accepted"
2026-07-25 17:43:28,286 [INFO] httpx: HTTP Request: GET https://queue.fal.run/rundiffusion-fal/juggernaut-flux-lora/requests/019f9a27-ecf9-74b2-a43b-7a7928f6e7af/status?logs=false "HTTP/1.1 202 Accepted"
2026-07-25 17:43:28,636 [INFO] httpx: HTTP Request: GET https://queue.fal.run/rundiffusion-fal/juggernaut-flux-lora/requests/019f9a27-ecf9-74b2-a43b-7a7928f6e7af/status?logs=false "HTTP/1.1 202 Accepted"
2026-07-25 17:43:28,993 [INFO] httpx: HTTP Request: GET https://queue.fal.run/rundiffusion-fal/juggernaut-flux-lora/requests/019f9a27-ecf9-74b2-a43b-7a7928f6e7af/status?logs=false "HTTP/1.1 202 Accepted"
2026-07-25 17:43:29,350 [INFO] httpx: HTTP Request: GET https://queue.fal.run/rundiffusion-fal/juggernaut-flux-lora/requests/019f9a27-ecf9-74b2-a43b-7a7928f6e7af/status?logs=false "HTTP/1.1 202 Accepted"
2026-07-25 17:43:29,709 [INFO] httpx: HTTP Request: GET https://queue.fal.run/rundiffusion-fal/juggernaut-flux-lora/requests/019f9a27-ecf9-74b2-a43b-7a7928f6e7af/status?logs=false "HTTP/1.1 202 Accepted"
2026-07-25 17:43:30,064 [INFO] httpx: HTTP Request: GET https://queue.fal.run/rundiffusion-fal/juggernaut-flux-lora/requests/019f9a27-ecf9-74b2-a43b-7a7928f6e7af/status?logs=false "HTTP/1.1 202 Accepted"
2026-07-25 17:43:30,421 [INFO] httpx: HTTP Request: GET https://queue.fal.run/rundiffusion-fal/juggernaut-flux-lora/requests/019f9a27-ecf9-74b2-a43b-7a7928f6e7af/status?logs=false "HTTP/1.1 202 Accepted"
2026-07-25 17:43:30,744 [INFO] httpx: HTTP Request: GET https://queue.fal.run/rundiffusion-fal/juggernaut-flux-lora/requests/019f9a27-ecf9-74b2-a43b-7a7928f6e7af/status?logs=false "HTTP/1.1 202 Accepted"
2026-07-25 17:43:31,121 [INFO] httpx: HTTP Request: GET https://queue.fal.run/rundiffusion-fal/juggernaut-flux-lora/requests/019f9a27-ecf9-74b2-a43b-7a7928f6e7af/status?logs=false "HTTP/1.1 202 Accepted"
2026-07-25 17:43:31,474 [INFO] httpx: HTTP Request: GET https://queue.fal.run/rundiffusion-fal/juggernaut-flux-lora/requests/019f9a27-ecf9-74b2-a43b-7a7928f6e7af/status?logs=false "HTTP/1.1 202 Accepted"
2026-07-25 17:43:31,832 [INFO] httpx: HTTP Request: GET https://queue.fal.run/rundiffusion-fal/juggernaut-flux-lora/requests/019f9a27-ecf9-74b2-a43b-7a7928f6e7af/status?logs=false "HTTP/1.1 202 Accepted"
2026-07-25 17:43:32,189 [INFO] httpx: HTTP Request: GET https://queue.fal.run/rundiffusion-fal/juggernaut-flux-lora/requests/019f9a27-ecf9-74b2-a43b-7a7928f6e7af/status?logs=false "HTTP/1.1 202 Accepted"
2026-07-25 17:43:32,552 [INFO] httpx: HTTP Request: GET https://queue.fal.run/rundiffusion-fal/juggernaut-flux-lora/requests/019f9a27-ecf9-74b2-a43b-7a7928f6e7af/status?logs=false "HTTP/1.1 202 Accepted"
2026-07-25 17:43:32,916 [INFO] httpx: HTTP Request: GET https://queue.fal.run/rundiffusion-fal/juggernaut-flux-lora/requests/019f9a27-ecf9-74b2-a43b-7a7928f6e7af/status?logs=false "HTTP/1.1 202 Accepted"
2026-07-25 17:43:33,274 [INFO] httpx: HTTP Request: GET https://queue.fal.run/rundiffusion-fal/juggernaut-flux-lora/requests/019f9a27-ecf9-74b2-a43b-7a7928f6e7af/status?logs=false "HTTP/1.1 202 Accepted"
2026-07-25 17:43:33,631 [INFO] httpx: HTTP Request: GET https://queue.fal.run/rundiffusion-fal/juggernaut-flux-lora/requests/019f9a27-ecf9-74b2-a43b-7a7928f6e7af/status?logs=false "HTTP/1.1 202 Accepted"
2026-07-25 17:43:33,994 [INFO] httpx: HTTP Request: GET https://queue.fal.run/rundiffusion-fal/juggernaut-flux-lora/requests/019f9a27-ecf9-74b2-a43b-7a7928f6e7af/status?logs=false "HTTP/1.1 202 Accepted"
2026-07-25 17:43:34,349 [INFO] httpx: HTTP Request: GET https://queue.fal.run/rundiffusion-fal/juggernaut-flux-lora/requests/019f9a27-ecf9-74b2-a43b-7a7928f6e7af/status?logs=false "HTTP/1.1 202 Accepted"
2026-07-25 17:43:34,709 [INFO] httpx: HTTP Request: GET https://queue.fal.run/rundiffusion-fal/juggernaut-flux-lora/requests/019f9a27-ecf9-74b2-a43b-7a7928f6e7af/status?logs=false "HTTP/1.1 202 Accepted"
2026-07-25 17:43:35,069 [INFO] httpx: HTTP Request: GET https://queue.fal.run/rundiffusion-fal/juggernaut-flux-lora/requests/019f9a27-ecf9-74b2-a43b-7a7928f6e7af/status?logs=false "HTTP/1.1 202 Accepted"
2026-07-25 17:43:35,430 [INFO] httpx: HTTP Request: GET https://queue.fal.run/rundiffusion-fal/juggernaut-flux-lora/requests/019f9a27-ecf9-74b2-a43b-7a7928f6e7af/status?logs=false "HTTP/1.1 202 Accepted"
2026-07-25 17:43:35,796 [INFO] httpx: HTTP Request: GET https://queue.fal.run/rundiffusion-fal/juggernaut-flux-lora/requests/019f9a27-ecf9-74b2-a43b-7a7928f6e7af/status?logs=false "HTTP/1.1 202 Accepted"
2026-07-25 17:43:36,160 [INFO] httpx: HTTP Request: GET https://queue.fal.run/rundiffusion-fal/juggernaut-flux-lora/requests/019f9a27-ecf9-74b2-a43b-7a7928f6e7af/status?logs=false "HTTP/1.1 202 Accepted"
2026-07-25 17:43:36,519 [INFO] httpx: HTTP Request: GET https://queue.fal.run/rundiffusion-fal/juggernaut-flux-lora/requests/019f9a27-ecf9-74b2-a43b-7a7928f6e7af/status?logs=false "HTTP/1.1 202 Accepted"
2026-07-25 17:43:36,874 [INFO] httpx: HTTP Request: GET https://queue.fal.run/rundiffusion-fal/juggernaut-flux-lora/requests/019f9a27-ecf9-74b2-a43b-7a7928f6e7af/status?logs=false "HTTP/1.1 202 Accepted"
2026-07-25 17:43:37,231 [INFO] httpx: HTTP Request: GET https://queue.fal.run/rundiffusion-fal/juggernaut-flux-lora/requests/019f9a27-ecf9-74b2-a43b-7a7928f6e7af/status?logs=false "HTTP/1.1 202 Accepted"
2026-07-25 17:43:37,588 [INFO] httpx: HTTP Request: GET https://queue.fal.run/rundiffusion-fal/juggernaut-flux-lora/requests/019f9a27-ecf9-74b2-a43b-7a7928f6e7af/status?logs=false "HTTP/1.1 202 Accepted"
2026-07-25 17:43:37,937 [INFO] httpx: HTTP Request: GET https://queue.fal.run/rundiffusion-fal/juggernaut-flux-lora/requests/019f9a27-ecf9-74b2-a43b-7a7928f6e7af/status?logs=false "HTTP/1.1 202 Accepted"
2026-07-25 17:43:38,294 [INFO] httpx: HTTP Request: GET https://queue.fal.run/rundiffusion-fal/juggernaut-flux-lora/requests/019f9a27-ecf9-74b2-a43b-7a7928f6e7af/status?logs=false "HTTP/1.1 202 Accepted"
2026-07-25 17:43:38,647 [INFO] httpx: HTTP Request: GET https://queue.fal.run/rundiffusion-fal/juggernaut-flux-lora/requests/019f9a27-ecf9-74b2-a43b-7a7928f6e7af/status?logs=false "HTTP/1.1 202 Accepted"
2026-07-25 17:43:39,013 [INFO] httpx: HTTP Request: GET https://queue.fal.run/rundiffusion-fal/juggernaut-flux-lora/requests/019f9a27-ecf9-74b2-a43b-7a7928f6e7af/status?logs=false "HTTP/1.1 202 Accepted"
2026-07-25 17:43:39,375 [INFO] httpx: HTTP Request: GET https://queue.fal.run/rundiffusion-fal/juggernaut-flux-lora/requests/019f9a27-ecf9-74b2-a43b-7a7928f6e7af/status?logs=false "HTTP/1.1 202 Accepted"
2026-07-25 17:43:39,726 [INFO] httpx: HTTP Request: GET https://queue.fal.run/rundiffusion-fal/juggernaut-flux-lora/requests/019f9a27-ecf9-74b2-a43b-7a7928f6e7af/status?logs=false "HTTP/1.1 202 Accepted"
2026-07-25 17:43:40,079 [INFO] httpx: HTTP Request: GET https://queue.fal.run/rundiffusion-fal/juggernaut-flux-lora/requests/019f9a27-ecf9-74b2-a43b-7a7928f6e7af/status?logs=false "HTTP/1.1 202 Accepted"
2026-07-25 17:43:40,433 [INFO] httpx: HTTP Request: GET https://queue.fal.run/rundiffusion-fal/juggernaut-flux-lora/requests/019f9a27-ecf9-74b2-a43b-7a7928f6e7af/status?logs=false "HTTP/1.1 202 Accepted"
2026-07-25 17:43:40,771 [INFO] httpx: HTTP Request: GET https://queue.fal.run/rundiffusion-fal/juggernaut-flux-lora/requests/019f9a27-ecf9-74b2-a43b-7a7928f6e7af/status?logs=false "HTTP/1.1 202 Accepted"
2026-07-25 17:43:41,132 [INFO] httpx: HTTP Request: GET https://queue.fal.run/rundiffusion-fal/juggernaut-flux-lora/requests/019f9a27-ecf9-74b2-a43b-7a7928f6e7af/status?logs=false "HTTP/1.1 202 Accepted"
2026-07-25 17:43:41,491 [INFO] httpx: HTTP Request: GET https://queue.fal.run/rundiffusion-fal/juggernaut-flux-lora/requests/019f9a27-ecf9-74b2-a43b-7a7928f6e7af/status?logs=false "HTTP/1.1 202 Accepted"
2026-07-25 17:43:41,848 [INFO] httpx: HTTP Request: GET https://queue.fal.run/rundiffusion-fal/juggernaut-flux-lora/requests/019f9a27-ecf9-74b2-a43b-7a7928f6e7af/status?logs=false "HTTP/1.1 202 Accepted"
2026-07-25 17:43:42,207 [INFO] httpx: HTTP Request: GET https://queue.fal.run/rundiffusion-fal/juggernaut-flux-lora/requests/019f9a27-ecf9-74b2-a43b-7a7928f6e7af/status?logs=false "HTTP/1.1 202 Accepted"
2026-07-25 17:43:42,567 [INFO] httpx: HTTP Request: GET https://queue.fal.run/rundiffusion-fal/juggernaut-flux-lora/requests/019f9a27-ecf9-74b2-a43b-7a7928f6e7af/status?logs=false "HTTP/1.1 202 Accepted"
2026-07-25 17:43:42,927 [INFO] httpx: HTTP Request: GET https://queue.fal.run/rundiffusion-fal/juggernaut-flux-lora/requests/019f9a27-ecf9-74b2-a43b-7a7928f6e7af/status?logs=false "HTTP/1.1 202 Accepted"
2026-07-25 17:43:43,294 [INFO] httpx: HTTP Request: GET https://queue.fal.run/rundiffusion-fal/juggernaut-flux-lora/requests/019f9a27-ecf9-74b2-a43b-7a7928f6e7af/status?logs=false "HTTP/1.1 202 Accepted"
2026-07-25 17:43:43,656 [INFO] httpx: HTTP Request: GET https://queue.fal.run/rundiffusion-fal/juggernaut-flux-lora/requests/019f9a27-ecf9-74b2-a43b-7a7928f6e7af/status?logs=false "HTTP/1.1 202 Accepted"
2026-07-25 17:43:44,014 [INFO] httpx: HTTP Request: GET https://queue.fal.run/rundiffusion-fal/juggernaut-flux-lora/requests/019f9a27-ecf9-74b2-a43b-7a7928f6e7af/status?logs=false "HTTP/1.1 202 Accepted"
2026-07-25 17:43:44,373 [INFO] httpx: HTTP Request: GET https://queue.fal.run/rundiffusion-fal/juggernaut-flux-lora/requests/019f9a27-ecf9-74b2-a43b-7a7928f6e7af/status?logs=false "HTTP/1.1 202 Accepted"
2026-07-25 17:43:44,734 [INFO] httpx: HTTP Request: GET https://queue.fal.run/rundiffusion-fal/juggernaut-flux-lora/requests/019f9a27-ecf9-74b2-a43b-7a7928f6e7af/status?logs=false "HTTP/1.1 202 Accepted"
2026-07-25 17:43:45,090 [INFO] httpx: HTTP Request: GET https://queue.fal.run/rundiffusion-fal/juggernaut-flux-lora/requests/019f9a27-ecf9-74b2-a43b-7a7928f6e7af/status?logs=false "HTTP/1.1 202 Accepted"
2026-07-25 17:43:45,448 [INFO] httpx: HTTP Request: GET https://queue.fal.run/rundiffusion-fal/juggernaut-flux-lora/requests/019f9a27-ecf9-74b2-a43b-7a7928f6e7af/status?logs=false "HTTP/1.1 202 Accepted"
2026-07-25 17:43:45,805 [INFO] httpx: HTTP Request: GET https://queue.fal.run/rundiffusion-fal/juggernaut-flux-lora/requests/019f9a27-ecf9-74b2-a43b-7a7928f6e7af/status?logs=false "HTTP/1.1 202 Accepted"
2026-07-25 17:43:46,171 [INFO] httpx: HTTP Request: GET https://queue.fal.run/rundiffusion-fal/juggernaut-flux-lora/requests/019f9a27-ecf9-74b2-a43b-7a7928f6e7af/status?logs=false "HTTP/1.1 202 Accepted"
2026-07-25 17:43:46,525 [INFO] httpx: HTTP Request: GET https://queue.fal.run/rundiffusion-fal/juggernaut-flux-lora/requests/019f9a27-ecf9-74b2-a43b-7a7928f6e7af/status?logs=false "HTTP/1.1 202 Accepted"
2026-07-25 17:43:46,883 [INFO] httpx: HTTP Request: GET https://queue.fal.run/rundiffusion-fal/juggernaut-flux-lora/requests/019f9a27-ecf9-74b2-a43b-7a7928f6e7af/status?logs=false "HTTP/1.1 202 Accepted"
2026-07-25 17:43:47,240 [INFO] httpx: HTTP Request: GET https://queue.fal.run/rundiffusion-fal/juggernaut-flux-lora/requests/019f9a27-ecf9-74b2-a43b-7a7928f6e7af/status?logs=false "HTTP/1.1 202 Accepted"
2026-07-25 17:43:47,608 [INFO] httpx: HTTP Request: GET https://queue.fal.run/rundiffusion-fal/juggernaut-flux-lora/requests/019f9a27-ecf9-74b2-a43b-7a7928f6e7af/status?logs=false "HTTP/1.1 202 Accepted"
2026-07-25 17:43:47,959 [INFO] httpx: HTTP Request: GET https://queue.fal.run/rundiffusion-fal/juggernaut-flux-lora/requests/019f9a27-ecf9-74b2-a43b-7a7928f6e7af/status?logs=false "HTTP/1.1 202 Accepted"
2026-07-25 17:43:48,315 [INFO] httpx: HTTP Request: GET https://queue.fal.run/rundiffusion-fal/juggernaut-flux-lora/requests/019f9a27-ecf9-74b2-a43b-7a7928f6e7af/status?logs=false "HTTP/1.1 202 Accepted"
2026-07-25 17:43:48,672 [INFO] httpx: HTTP Request: GET https://queue.fal.run/rundiffusion-fal/juggernaut-flux-lora/requests/019f9a27-ecf9-74b2-a43b-7a7928f6e7af/status?logs=false "HTTP/1.1 202 Accepted"
2026-07-25 17:43:49,034 [INFO] httpx: HTTP Request: GET https://queue.fal.run/rundiffusion-fal/juggernaut-flux-lora/requests/019f9a27-ecf9-74b2-a43b-7a7928f6e7af/status?logs=false "HTTP/1.1 202 Accepted"
2026-07-25 17:43:49,394 [INFO] httpx: HTTP Request: GET https://queue.fal.run/rundiffusion-fal/juggernaut-flux-lora/requests/019f9a27-ecf9-74b2-a43b-7a7928f6e7af/status?logs=false "HTTP/1.1 202 Accepted"
2026-07-25 17:43:49,754 [INFO] httpx: HTTP Request: GET https://queue.fal.run/rundiffusion-fal/juggernaut-flux-lora/requests/019f9a27-ecf9-74b2-a43b-7a7928f6e7af/status?logs=false "HTTP/1.1 202 Accepted"
2026-07-25 17:43:50,125 [INFO] httpx: HTTP Request: GET https://queue.fal.run/rundiffusion-fal/juggernaut-flux-lora/requests/019f9a27-ecf9-74b2-a43b-7a7928f6e7af/status?logs=false "HTTP/1.1 202 Accepted"
2026-07-25 17:43:50,490 [INFO] httpx: HTTP Request: GET https://queue.fal.run/rundiffusion-fal/juggernaut-flux-lora/requests/019f9a27-ecf9-74b2-a43b-7a7928f6e7af/status?logs=false "HTTP/1.1 202 Accepted"
2026-07-25 17:43:50,845 [INFO] httpx: HTTP Request: GET https://queue.fal.run/rundiffusion-fal/juggernaut-flux-lora/requests/019f9a27-ecf9-74b2-a43b-7a7928f6e7af/status?logs=false "HTTP/1.1 202 Accepted"
2026-07-25 17:43:51,204 [INFO] httpx: HTTP Request: GET https://queue.fal.run/rundiffusion-fal/juggernaut-flux-lora/requests/019f9a27-ecf9-74b2-a43b-7a7928f6e7af/status?logs=false "HTTP/1.1 202 Accepted"
2026-07-25 17:43:51,558 [INFO] httpx: HTTP Request: GET https://queue.fal.run/rundiffusion-fal/juggernaut-flux-lora/requests/019f9a27-ecf9-74b2-a43b-7a7928f6e7af/status?logs=false "HTTP/1.1 202 Accepted"
2026-07-25 17:43:51,909 [INFO] httpx: HTTP Request: GET https://queue.fal.run/rundiffusion-fal/juggernaut-flux-lora/requests/019f9a27-ecf9-74b2-a43b-7a7928f6e7af/status?logs=false "HTTP/1.1 202 Accepted"
2026-07-25 17:43:52,269 [INFO] httpx: HTTP Request: GET https://queue.fal.run/rundiffusion-fal/juggernaut-flux-lora/requests/019f9a27-ecf9-74b2-a43b-7a7928f6e7af/status?logs=false "HTTP/1.1 202 Accepted"
2026-07-25 17:43:52,629 [INFO] httpx: HTTP Request: GET https://queue.fal.run/rundiffusion-fal/juggernaut-flux-lora/requests/019f9a27-ecf9-74b2-a43b-7a7928f6e7af/status?logs=false "HTTP/1.1 202 Accepted"
2026-07-25 17:43:52,987 [INFO] httpx: HTTP Request: GET https://queue.fal.run/rundiffusion-fal/juggernaut-flux-lora/requests/019f9a27-ecf9-74b2-a43b-7a7928f6e7af/status?logs=false "HTTP/1.1 202 Accepted"
2026-07-25 17:43:53,323 [INFO] httpx: HTTP Request: GET https://queue.fal.run/rundiffusion-fal/juggernaut-flux-lora/requests/019f9a27-ecf9-74b2-a43b-7a7928f6e7af/status?logs=false "HTTP/1.1 202 Accepted"
2026-07-25 17:43:53,682 [INFO] httpx: HTTP Request: GET https://queue.fal.run/rundiffusion-fal/juggernaut-flux-lora/requests/019f9a27-ecf9-74b2-a43b-7a7928f6e7af/status?logs=false "HTTP/1.1 202 Accepted"
2026-07-25 17:43:54,043 [INFO] httpx: HTTP Request: GET https://queue.fal.run/rundiffusion-fal/juggernaut-flux-lora/requests/019f9a27-ecf9-74b2-a43b-7a7928f6e7af/status?logs=false "HTTP/1.1 202 Accepted"
2026-07-25 17:43:54,400 [INFO] httpx: HTTP Request: GET https://queue.fal.run/rundiffusion-fal/juggernaut-flux-lora/requests/019f9a27-ecf9-74b2-a43b-7a7928f6e7af/status?logs=false "HTTP/1.1 202 Accepted"
2026-07-25 17:43:54,756 [INFO] httpx: HTTP Request: GET https://queue.fal.run/rundiffusion-fal/juggernaut-flux-lora/requests/019f9a27-ecf9-74b2-a43b-7a7928f6e7af/status?logs=false "HTTP/1.1 202 Accepted"
2026-07-25 17:43:55,114 [INFO] httpx: HTTP Request: GET https://queue.fal.run/rundiffusion-fal/juggernaut-flux-lora/requests/019f9a27-ecf9-74b2-a43b-7a7928f6e7af/status?logs=false "HTTP/1.1 202 Accepted"
2026-07-25 17:43:55,469 [INFO] httpx: HTTP Request: GET https://queue.fal.run/rundiffusion-fal/juggernaut-flux-lora/requests/019f9a27-ecf9-74b2-a43b-7a7928f6e7af/status?logs=false "HTTP/1.1 202 Accepted"
2026-07-25 17:43:55,828 [INFO] httpx: HTTP Request: GET https://queue.fal.run/rundiffusion-fal/juggernaut-flux-lora/requests/019f9a27-ecf9-74b2-a43b-7a7928f6e7af/status?logs=false "HTTP/1.1 202 Accepted"
2026-07-25 17:43:56,193 [INFO] httpx: HTTP Request: GET https://queue.fal.run/rundiffusion-fal/juggernaut-flux-lora/requests/019f9a27-ecf9-74b2-a43b-7a7928f6e7af/status?logs=false "HTTP/1.1 202 Accepted"
2026-07-25 17:43:56,557 [INFO] httpx: HTTP Request: GET https://queue.fal.run/rundiffusion-fal/juggernaut-flux-lora/requests/019f9a27-ecf9-74b2-a43b-7a7928f6e7af/status?logs=false "HTTP/1.1 202 Accepted"
2026-07-25 17:43:56,916 [INFO] httpx: HTTP Request: GET https://queue.fal.run/rundiffusion-fal/juggernaut-flux-lora/requests/019f9a27-ecf9-74b2-a43b-7a7928f6e7af/status?logs=false "HTTP/1.1 202 Accepted"
2026-07-25 17:43:57,275 [INFO] httpx: HTTP Request: GET https://queue.fal.run/rundiffusion-fal/juggernaut-flux-lora/requests/019f9a27-ecf9-74b2-a43b-7a7928f6e7af/status?logs=false "HTTP/1.1 202 Accepted"
2026-07-25 17:43:57,618 [INFO] httpx: HTTP Request: GET https://queue.fal.run/rundiffusion-fal/juggernaut-flux-lora/requests/019f9a27-ecf9-74b2-a43b-7a7928f6e7af/status?logs=false "HTTP/1.1 202 Accepted"
2026-07-25 17:43:57,980 [INFO] httpx: HTTP Request: GET https://queue.fal.run/rundiffusion-fal/juggernaut-flux-lora/requests/019f9a27-ecf9-74b2-a43b-7a7928f6e7af/status?logs=false "HTTP/1.1 202 Accepted"
2026-07-25 17:43:58,336 [INFO] httpx: HTTP Request: GET https://queue.fal.run/rundiffusion-fal/juggernaut-flux-lora/requests/019f9a27-ecf9-74b2-a43b-7a7928f6e7af/status?logs=false "HTTP/1.1 202 Accepted"
2026-07-25 17:43:58,691 [INFO] httpx: HTTP Request: GET https://queue.fal.run/rundiffusion-fal/juggernaut-flux-lora/requests/019f9a27-ecf9-74b2-a43b-7a7928f6e7af/status?logs=false "HTTP/1.1 202 Accepted"
2026-07-25 17:43:59,043 [INFO] httpx: HTTP Request: GET https://queue.fal.run/rundiffusion-fal/juggernaut-flux-lora/requests/019f9a27-ecf9-74b2-a43b-7a7928f6e7af/status?logs=false "HTTP/1.1 202 Accepted"
2026-07-25 17:43:59,400 [INFO] httpx: HTTP Request: GET https://queue.fal.run/rundiffusion-fal/juggernaut-flux-lora/requests/019f9a27-ecf9-74b2-a43b-7a7928f6e7af/status?logs=false "HTTP/1.1 202 Accepted"
2026-07-25 17:43:59,757 [INFO] httpx: HTTP Request: GET https://queue.fal.run/rundiffusion-fal/juggernaut-flux-lora/requests/019f9a27-ecf9-74b2-a43b-7a7928f6e7af/status?logs=false "HTTP/1.1 202 Accepted"
2026-07-25 17:44:00,118 [INFO] httpx: HTTP Request: GET https://queue.fal.run/rundiffusion-fal/juggernaut-flux-lora/requests/019f9a27-ecf9-74b2-a43b-7a7928f6e7af/status?logs=false "HTTP/1.1 202 Accepted"
2026-07-25 17:44:00,489 [INFO] httpx: HTTP Request: GET https://queue.fal.run/rundiffusion-fal/juggernaut-flux-lora/requests/019f9a27-ecf9-74b2-a43b-7a7928f6e7af/status?logs=false "HTTP/1.1 202 Accepted"
2026-07-25 17:44:00,849 [INFO] httpx: HTTP Request: GET https://queue.fal.run/rundiffusion-fal/juggernaut-flux-lora/requests/019f9a27-ecf9-74b2-a43b-7a7928f6e7af/status?logs=false "HTTP/1.1 202 Accepted"
2026-07-25 17:44:01,199 [INFO] httpx: HTTP Request: GET https://queue.fal.run/rundiffusion-fal/juggernaut-flux-lora/requests/019f9a27-ecf9-74b2-a43b-7a7928f6e7af/status?logs=false "HTTP/1.1 202 Accepted"
2026-07-25 17:44:01,536 [INFO] httpx: HTTP Request: GET https://queue.fal.run/rundiffusion-fal/juggernaut-flux-lora/requests/019f9a27-ecf9-74b2-a43b-7a7928f6e7af/status?logs=false "HTTP/1.1 202 Accepted"
2026-07-25 17:44:01,891 [INFO] httpx: HTTP Request: GET https://queue.fal.run/rundiffusion-fal/juggernaut-flux-lora/requests/019f9a27-ecf9-74b2-a43b-7a7928f6e7af/status?logs=false "HTTP/1.1 202 Accepted"
2026-07-25 17:44:02,248 [INFO] httpx: HTTP Request: GET https://queue.fal.run/rundiffusion-fal/juggernaut-flux-lora/requests/019f9a27-ecf9-74b2-a43b-7a7928f6e7af/status?logs=false "HTTP/1.1 202 Accepted"
2026-07-25 17:44:02,602 [INFO] httpx: HTTP Request: GET https://queue.fal.run/rundiffusion-fal/juggernaut-flux-lora/requests/019f9a27-ecf9-74b2-a43b-7a7928f6e7af/status?logs=false "HTTP/1.1 202 Accepted"
2026-07-25 17:44:02,960 [INFO] httpx: HTTP Request: GET https://queue.fal.run/rundiffusion-fal/juggernaut-flux-lora/requests/019f9a27-ecf9-74b2-a43b-7a7928f6e7af/status?logs=false "HTTP/1.1 202 Accepted"
2026-07-25 17:44:03,317 [INFO] httpx: HTTP Request: GET https://queue.fal.run/rundiffusion-fal/juggernaut-flux-lora/requests/019f9a27-ecf9-74b2-a43b-7a7928f6e7af/status?logs=false "HTTP/1.1 202 Accepted"
2026-07-25 17:44:03,674 [INFO] httpx: HTTP Request: GET https://queue.fal.run/rundiffusion-fal/juggernaut-flux-lora/requests/019f9a27-ecf9-74b2-a43b-7a7928f6e7af/status?logs=false "HTTP/1.1 202 Accepted"
2026-07-25 17:44:04,034 [INFO] httpx: HTTP Request: GET https://queue.fal.run/rundiffusion-fal/juggernaut-flux-lora/requests/019f9a27-ecf9-74b2-a43b-7a7928f6e7af/status?logs=false "HTTP/1.1 202 Accepted"
2026-07-25 17:44:04,396 [INFO] httpx: HTTP Request: GET https://queue.fal.run/rundiffusion-fal/juggernaut-flux-lora/requests/019f9a27-ecf9-74b2-a43b-7a7928f6e7af/status?logs=false "HTTP/1.1 202 Accepted"
2026-07-25 17:44:04,767 [INFO] httpx: HTTP Request: GET https://queue.fal.run/rundiffusion-fal/juggernaut-flux-lora/requests/019f9a27-ecf9-74b2-a43b-7a7928f6e7af/status?logs=false "HTTP/1.1 202 Accepted"
2026-07-25 17:44:05,140 [INFO] httpx: HTTP Request: GET https://queue.fal.run/rundiffusion-fal/juggernaut-flux-lora/requests/019f9a27-ecf9-74b2-a43b-7a7928f6e7af/status?logs=false "HTTP/1.1 202 Accepted"
2026-07-25 17:44:05,508 [INFO] httpx: HTTP Request: GET https://queue.fal.run/rundiffusion-fal/juggernaut-flux-lora/requests/019f9a27-ecf9-74b2-a43b-7a7928f6e7af/status?logs=false "HTTP/1.1 202 Accepted"
2026-07-25 17:44:05,867 [INFO] httpx: HTTP Request: GET https://queue.fal.run/rundiffusion-fal/juggernaut-flux-lora/requests/019f9a27-ecf9-74b2-a43b-7a7928f6e7af/status?logs=false "HTTP/1.1 202 Accepted"
2026-07-25 17:44:06,221 [INFO] httpx: HTTP Request: GET https://queue.fal.run/rundiffusion-fal/juggernaut-flux-lora/requests/019f9a27-ecf9-74b2-a43b-7a7928f6e7af/status?logs=false "HTTP/1.1 202 Accepted"
2026-07-25 17:44:06,584 [INFO] httpx: HTTP Request: GET https://queue.fal.run/rundiffusion-fal/juggernaut-flux-lora/requests/019f9a27-ecf9-74b2-a43b-7a7928f6e7af/status?logs=false "HTTP/1.1 202 Accepted"
2026-07-25 17:44:06,945 [INFO] httpx: HTTP Request: GET https://queue.fal.run/rundiffusion-fal/juggernaut-flux-lora/requests/019f9a27-ecf9-74b2-a43b-7a7928f6e7af/status?logs=false "HTTP/1.1 202 Accepted"
2026-07-25 17:44:07,287 [INFO] httpx: HTTP Request: GET https://queue.fal.run/rundiffusion-fal/juggernaut-flux-lora/requests/019f9a27-ecf9-74b2-a43b-7a7928f6e7af/status?logs=false "HTTP/1.1 202 Accepted"
2026-07-25 17:44:07,649 [INFO] httpx: HTTP Request: GET https://queue.fal.run/rundiffusion-fal/juggernaut-flux-lora/requests/019f9a27-ecf9-74b2-a43b-7a7928f6e7af/status?logs=false "HTTP/1.1 202 Accepted"
2026-07-25 17:44:08,006 [INFO] httpx: HTTP Request: GET https://queue.fal.run/rundiffusion-fal/juggernaut-flux-lora/requests/019f9a27-ecf9-74b2-a43b-7a7928f6e7af/status?logs=false "HTTP/1.1 202 Accepted"
2026-07-25 17:44:08,367 [INFO] httpx: HTTP Request: GET https://queue.fal.run/rundiffusion-fal/juggernaut-flux-lora/requests/019f9a27-ecf9-74b2-a43b-7a7928f6e7af/status?logs=false "HTTP/1.1 202 Accepted"
2026-07-25 17:44:08,728 [INFO] httpx: HTTP Request: GET https://queue.fal.run/rundiffusion-fal/juggernaut-flux-lora/requests/019f9a27-ecf9-74b2-a43b-7a7928f6e7af/status?logs=false "HTTP/1.1 202 Accepted"
2026-07-25 17:44:09,073 [INFO] httpx: HTTP Request: GET https://queue.fal.run/rundiffusion-fal/juggernaut-flux-lora/requests/019f9a27-ecf9-74b2-a43b-7a7928f6e7af/status?logs=false "HTTP/1.1 202 Accepted"
2026-07-25 17:44:09,435 [INFO] httpx: HTTP Request: GET https://queue.fal.run/rundiffusion-fal/juggernaut-flux-lora/requests/019f9a27-ecf9-74b2-a43b-7a7928f6e7af/status?logs=false "HTTP/1.1 202 Accepted"
2026-07-25 17:44:09,808 [INFO] httpx: HTTP Request: GET https://queue.fal.run/rundiffusion-fal/juggernaut-flux-lora/requests/019f9a27-ecf9-74b2-a43b-7a7928f6e7af/status?logs=false "HTTP/1.1 202 Accepted"
2026-07-25 17:44:10,167 [INFO] httpx: HTTP Request: GET https://queue.fal.run/rundiffusion-fal/juggernaut-flux-lora/requests/019f9a27-ecf9-74b2-a43b-7a7928f6e7af/status?logs=false "HTTP/1.1 202 Accepted"
2026-07-25 17:44:10,519 [INFO] httpx: HTTP Request: GET https://queue.fal.run/rundiffusion-fal/juggernaut-flux-lora/requests/019f9a27-ecf9-74b2-a43b-7a7928f6e7af/status?logs=false "HTTP/1.1 202 Accepted"
2026-07-25 17:44:10,875 [INFO] httpx: HTTP Request: GET https://queue.fal.run/rundiffusion-fal/juggernaut-flux-lora/requests/019f9a27-ecf9-74b2-a43b-7a7928f6e7af/status?logs=false "HTTP/1.1 202 Accepted"
2026-07-25 17:44:11,233 [INFO] httpx: HTTP Request: GET https://queue.fal.run/rundiffusion-fal/juggernaut-flux-lora/requests/019f9a27-ecf9-74b2-a43b-7a7928f6e7af/status?logs=false "HTTP/1.1 202 Accepted"
2026-07-25 17:44:11,593 [INFO] httpx: HTTP Request: GET https://queue.fal.run/rundiffusion-fal/juggernaut-flux-lora/requests/019f9a27-ecf9-74b2-a43b-7a7928f6e7af/status?logs=false "HTTP/1.1 202 Accepted"
2026-07-25 17:44:11,963 [INFO] httpx: HTTP Request: GET https://queue.fal.run/rundiffusion-fal/juggernaut-flux-lora/requests/019f9a27-ecf9-74b2-a43b-7a7928f6e7af/status?logs=false "HTTP/1.1 202 Accepted"
2026-07-25 17:44:12,312 [INFO] httpx: HTTP Request: GET https://queue.fal.run/rundiffusion-fal/juggernaut-flux-lora/requests/019f9a27-ecf9-74b2-a43b-7a7928f6e7af/status?logs=false "HTTP/1.1 202 Accepted"
2026-07-25 17:44:12,664 [INFO] httpx: HTTP Request: GET https://queue.fal.run/rundiffusion-fal/juggernaut-flux-lora/requests/019f9a27-ecf9-74b2-a43b-7a7928f6e7af/status?logs=false "HTTP/1.1 202 Accepted"
2026-07-25 17:44:13,027 [INFO] httpx: HTTP Request: GET https://queue.fal.run/rundiffusion-fal/juggernaut-flux-lora/requests/019f9a27-ecf9-74b2-a43b-7a7928f6e7af/status?logs=false "HTTP/1.1 202 Accepted"
2026-07-25 17:44:13,378 [INFO] httpx: HTTP Request: GET https://queue.fal.run/rundiffusion-fal/juggernaut-flux-lora/requests/019f9a27-ecf9-74b2-a43b-7a7928f6e7af/status?logs=false "HTTP/1.1 202 Accepted"
2026-07-25 17:44:13,738 [INFO] httpx: HTTP Request: GET https://queue.fal.run/rundiffusion-fal/juggernaut-flux-lora/requests/019f9a27-ecf9-74b2-a43b-7a7928f6e7af/status?logs=false "HTTP/1.1 202 Accepted"
2026-07-25 17:44:14,111 [INFO] httpx: HTTP Request: GET https://queue.fal.run/rundiffusion-fal/juggernaut-flux-lora/requests/019f9a27-ecf9-74b2-a43b-7a7928f6e7af/status?logs=false "HTTP/1.1 202 Accepted"
2026-07-25 17:44:14,463 [INFO] httpx: HTTP Request: GET https://queue.fal.run/rundiffusion-fal/juggernaut-flux-lora/requests/019f9a27-ecf9-74b2-a43b-7a7928f6e7af/status?logs=false "HTTP/1.1 202 Accepted"
2026-07-25 17:44:14,813 [INFO] httpx: HTTP Request: GET https://queue.fal.run/rundiffusion-fal/juggernaut-flux-lora/requests/019f9a27-ecf9-74b2-a43b-7a7928f6e7af/status?logs=false "HTTP/1.1 202 Accepted"
2026-07-25 17:44:15,167 [INFO] httpx: HTTP Request: GET https://queue.fal.run/rundiffusion-fal/juggernaut-flux-lora/requests/019f9a27-ecf9-74b2-a43b-7a7928f6e7af/status?logs=false "HTTP/1.1 202 Accepted"
2026-07-25 17:44:15,522 [INFO] httpx: HTTP Request: GET https://queue.fal.run/rundiffusion-fal/juggernaut-flux-lora/requests/019f9a27-ecf9-74b2-a43b-7a7928f6e7af/status?logs=false "HTTP/1.1 202 Accepted"
2026-07-25 17:44:15,919 [INFO] httpx: HTTP Request: GET https://queue.fal.run/rundiffusion-fal/juggernaut-flux-lora/requests/019f9a27-ecf9-74b2-a43b-7a7928f6e7af/status?logs=false "HTTP/1.1 202 Accepted"
2026-07-25 17:44:16,282 [INFO] httpx: HTTP Request: GET https://queue.fal.run/rundiffusion-fal/juggernaut-flux-lora/requests/019f9a27-ecf9-74b2-a43b-7a7928f6e7af/status?logs=false "HTTP/1.1 202 Accepted"
2026-07-25 17:44:16,641 [INFO] httpx: HTTP Request: GET https://queue.fal.run/rundiffusion-fal/juggernaut-flux-lora/requests/019f9a27-ecf9-74b2-a43b-7a7928f6e7af/status?logs=false "HTTP/1.1 202 Accepted"
2026-07-25 17:44:16,994 [INFO] httpx: HTTP Request: GET https://queue.fal.run/rundiffusion-fal/juggernaut-flux-lora/requests/019f9a27-ecf9-74b2-a43b-7a7928f6e7af/status?logs=false "HTTP/1.1 202 Accepted"
2026-07-25 17:44:17,362 [INFO] httpx: HTTP Request: GET https://queue.fal.run/rundiffusion-fal/juggernaut-flux-lora/requests/019f9a27-ecf9-74b2-a43b-7a7928f6e7af/status?logs=false "HTTP/1.1 202 Accepted"
2026-07-25 17:44:17,721 [INFO] httpx: HTTP Request: GET https://queue.fal.run/rundiffusion-fal/juggernaut-flux-lora/requests/019f9a27-ecf9-74b2-a43b-7a7928f6e7af/status?logs=false "HTTP/1.1 202 Accepted"
2026-07-25 17:44:18,073 [INFO] httpx: HTTP Request: GET https://queue.fal.run/rundiffusion-fal/juggernaut-flux-lora/requests/019f9a27-ecf9-74b2-a43b-7a7928f6e7af/status?logs=false "HTTP/1.1 202 Accepted"
2026-07-25 17:44:18,428 [INFO] httpx: HTTP Request: GET https://queue.fal.run/rundiffusion-fal/juggernaut-flux-lora/requests/019f9a27-ecf9-74b2-a43b-7a7928f6e7af/status?logs=false "HTTP/1.1 202 Accepted"
2026-07-25 17:44:18,785 [INFO] httpx: HTTP Request: GET https://queue.fal.run/rundiffusion-fal/juggernaut-flux-lora/requests/019f9a27-ecf9-74b2-a43b-7a7928f6e7af/status?logs=false "HTTP/1.1 202 Accepted"
2026-07-25 17:44:19,146 [INFO] httpx: HTTP Request: GET https://queue.fal.run/rundiffusion-fal/juggernaut-flux-lora/requests/019f9a27-ecf9-74b2-a43b-7a7928f6e7af/status?logs=false "HTTP/1.1 202 Accepted"
2026-07-25 17:44:19,507 [INFO] httpx: HTTP Request: GET https://queue.fal.run/rundiffusion-fal/juggernaut-flux-lora/requests/019f9a27-ecf9-74b2-a43b-7a7928f6e7af/status?logs=false "HTTP/1.1 202 Accepted"
2026-07-25 17:44:19,869 [INFO] httpx: HTTP Request: GET https://queue.fal.run/rundiffusion-fal/juggernaut-flux-lora/requests/019f9a27-ecf9-74b2-a43b-7a7928f6e7af/status?logs=false "HTTP/1.1 202 Accepted"
2026-07-25 17:44:20,236 [INFO] httpx: HTTP Request: GET https://queue.fal.run/rundiffusion-fal/juggernaut-flux-lora/requests/019f9a27-ecf9-74b2-a43b-7a7928f6e7af/status?logs=false "HTTP/1.1 202 Accepted"
2026-07-25 17:44:20,603 [INFO] httpx: HTTP Request: GET https://queue.fal.run/rundiffusion-fal/juggernaut-flux-lora/requests/019f9a27-ecf9-74b2-a43b-7a7928f6e7af/status?logs=false "HTTP/1.1 202 Accepted"
2026-07-25 17:44:20,959 [INFO] httpx: HTTP Request: GET https://queue.fal.run/rundiffusion-fal/juggernaut-flux-lora/requests/019f9a27-ecf9-74b2-a43b-7a7928f6e7af/status?logs=false "HTTP/1.1 202 Accepted"
2026-07-25 17:44:21,305 [INFO] httpx: HTTP Request: GET https://queue.fal.run/rundiffusion-fal/juggernaut-flux-lora/requests/019f9a27-ecf9-74b2-a43b-7a7928f6e7af/status?logs=false "HTTP/1.1 202 Accepted"
2026-07-25 17:44:21,666 [INFO] httpx: HTTP Request: GET https://queue.fal.run/rundiffusion-fal/juggernaut-flux-lora/requests/019f9a27-ecf9-74b2-a43b-7a7928f6e7af/status?logs=false "HTTP/1.1 202 Accepted"
2026-07-25 17:44:22,026 [INFO] httpx: HTTP Request: GET https://queue.fal.run/rundiffusion-fal/juggernaut-flux-lora/requests/019f9a27-ecf9-74b2-a43b-7a7928f6e7af/status?logs=false "HTTP/1.1 202 Accepted"
2026-07-25 17:44:22,390 [INFO] httpx: HTTP Request: GET https://queue.fal.run/rundiffusion-fal/juggernaut-flux-lora/requests/019f9a27-ecf9-74b2-a43b-7a7928f6e7af/status?logs=false "HTTP/1.1 202 Accepted"
2026-07-25 17:44:22,755 [INFO] httpx: HTTP Request: GET https://queue.fal.run/rundiffusion-fal/juggernaut-flux-lora/requests/019f9a27-ecf9-74b2-a43b-7a7928f6e7af/status?logs=false "HTTP/1.1 202 Accepted"
2026-07-25 17:44:23,113 [INFO] httpx: HTTP Request: GET https://queue.fal.run/rundiffusion-fal/juggernaut-flux-lora/requests/019f9a27-ecf9-74b2-a43b-7a7928f6e7af/status?logs=false "HTTP/1.1 202 Accepted"
2026-07-25 17:44:23,473 [INFO] httpx: HTTP Request: GET https://queue.fal.run/rundiffusion-fal/juggernaut-flux-lora/requests/019f9a27-ecf9-74b2-a43b-7a7928f6e7af/status?logs=false "HTTP/1.1 202 Accepted"
2026-07-25 17:44:23,828 [INFO] httpx: HTTP Request: GET https://queue.fal.run/rundiffusion-fal/juggernaut-flux-lora/requests/019f9a27-ecf9-74b2-a43b-7a7928f6e7af/status?logs=false "HTTP/1.1 202 Accepted"
2026-07-25 17:44:24,182 [INFO] httpx: HTTP Request: GET https://queue.fal.run/rundiffusion-fal/juggernaut-flux-lora/requests/019f9a27-ecf9-74b2-a43b-7a7928f6e7af/status?logs=false "HTTP/1.1 202 Accepted"
2026-07-25 17:44:24,543 [INFO] httpx: HTTP Request: GET https://queue.fal.run/rundiffusion-fal/juggernaut-flux-lora/requests/019f9a27-ecf9-74b2-a43b-7a7928f6e7af/status?logs=false "HTTP/1.1 202 Accepted"
2026-07-25 17:44:24,906 [INFO] httpx: HTTP Request: GET https://queue.fal.run/rundiffusion-fal/juggernaut-flux-lora/requests/019f9a27-ecf9-74b2-a43b-7a7928f6e7af/status?logs=false "HTTP/1.1 202 Accepted"
2026-07-25 17:44:25,262 [INFO] httpx: HTTP Request: GET https://queue.fal.run/rundiffusion-fal/juggernaut-flux-lora/requests/019f9a27-ecf9-74b2-a43b-7a7928f6e7af/status?logs=false "HTTP/1.1 202 Accepted"
2026-07-25 17:44:25,622 [INFO] httpx: HTTP Request: GET https://queue.fal.run/rundiffusion-fal/juggernaut-flux-lora/requests/019f9a27-ecf9-74b2-a43b-7a7928f6e7af/status?logs=false "HTTP/1.1 202 Accepted"
2026-07-25 17:44:25,987 [INFO] httpx: HTTP Request: GET https://queue.fal.run/rundiffusion-fal/juggernaut-flux-lora/requests/019f9a27-ecf9-74b2-a43b-7a7928f6e7af/status?logs=false "HTTP/1.1 202 Accepted"
2026-07-25 17:44:26,350 [INFO] httpx: HTTP Request: GET https://queue.fal.run/rundiffusion-fal/juggernaut-flux-lora/requests/019f9a27-ecf9-74b2-a43b-7a7928f6e7af/status?logs=false "HTTP/1.1 202 Accepted"
2026-07-25 17:44:26,712 [INFO] httpx: HTTP Request: GET https://queue.fal.run/rundiffusion-fal/juggernaut-flux-lora/requests/019f9a27-ecf9-74b2-a43b-7a7928f6e7af/status?logs=false "HTTP/1.1 202 Accepted"
2026-07-25 17:44:27,089 [INFO] httpx: HTTP Request: GET https://queue.fal.run/rundiffusion-fal/juggernaut-flux-lora/requests/019f9a27-ecf9-74b2-a43b-7a7928f6e7af/status?logs=false "HTTP/1.1 202 Accepted"
2026-07-25 17:44:27,446 [INFO] httpx: HTTP Request: GET https://queue.fal.run/rundiffusion-fal/juggernaut-flux-lora/requests/019f9a27-ecf9-74b2-a43b-7a7928f6e7af/status?logs=false "HTTP/1.1 202 Accepted"
2026-07-25 17:44:27,804 [INFO] httpx: HTTP Request: GET https://queue.fal.run/rundiffusion-fal/juggernaut-flux-lora/requests/019f9a27-ecf9-74b2-a43b-7a7928f6e7af/status?logs=false "HTTP/1.1 202 Accepted"
2026-07-25 17:44:28,157 [INFO] httpx: HTTP Request: GET https://queue.fal.run/rundiffusion-fal/juggernaut-flux-lora/requests/019f9a27-ecf9-74b2-a43b-7a7928f6e7af/status?logs=false "HTTP/1.1 202 Accepted"
2026-07-25 17:44:28,521 [INFO] httpx: HTTP Request: GET https://queue.fal.run/rundiffusion-fal/juggernaut-flux-lora/requests/019f9a27-ecf9-74b2-a43b-7a7928f6e7af/status?logs=false "HTTP/1.1 202 Accepted"
2026-07-25 17:44:28,884 [INFO] httpx: HTTP Request: GET https://queue.fal.run/rundiffusion-fal/juggernaut-flux-lora/requests/019f9a27-ecf9-74b2-a43b-7a7928f6e7af/status?logs=false "HTTP/1.1 202 Accepted"
2026-07-25 17:44:29,241 [INFO] httpx: HTTP Request: GET https://queue.fal.run/rundiffusion-fal/juggernaut-flux-lora/requests/019f9a27-ecf9-74b2-a43b-7a7928f6e7af/status?logs=false "HTTP/1.1 202 Accepted"
2026-07-25 17:44:29,591 [INFO] httpx: HTTP Request: GET https://queue.fal.run/rundiffusion-fal/juggernaut-flux-lora/requests/019f9a27-ecf9-74b2-a43b-7a7928f6e7af/status?logs=false "HTTP/1.1 202 Accepted"
2026-07-25 17:44:29,940 [INFO] httpx: HTTP Request: GET https://queue.fal.run/rundiffusion-fal/juggernaut-flux-lora/requests/019f9a27-ecf9-74b2-a43b-7a7928f6e7af/status?logs=false "HTTP/1.1 202 Accepted"
2026-07-25 17:44:30,286 [INFO] httpx: HTTP Request: GET https://queue.fal.run/rundiffusion-fal/juggernaut-flux-lora/requests/019f9a27-ecf9-74b2-a43b-7a7928f6e7af/status?logs=false "HTTP/1.1 202 Accepted"
2026-07-25 17:44:30,644 [INFO] httpx: HTTP Request: GET https://queue.fal.run/rundiffusion-fal/juggernaut-flux-lora/requests/019f9a27-ecf9-74b2-a43b-7a7928f6e7af/status?logs=false "HTTP/1.1 202 Accepted"
2026-07-25 17:44:31,002 [INFO] httpx: HTTP Request: GET https://queue.fal.run/rundiffusion-fal/juggernaut-flux-lora/requests/019f9a27-ecf9-74b2-a43b-7a7928f6e7af/status?logs=false "HTTP/1.1 202 Accepted"
2026-07-25 17:44:31,355 [INFO] httpx: HTTP Request: GET https://queue.fal.run/rundiffusion-fal/juggernaut-flux-lora/requests/019f9a27-ecf9-74b2-a43b-7a7928f6e7af/status?logs=false "HTTP/1.1 202 Accepted"
2026-07-25 17:44:31,723 [INFO] httpx: HTTP Request: GET https://queue.fal.run/rundiffusion-fal/juggernaut-flux-lora/requests/019f9a27-ecf9-74b2-a43b-7a7928f6e7af/status?logs=false "HTTP/1.1 202 Accepted"
2026-07-25 17:44:32,082 [INFO] httpx: HTTP Request: GET https://queue.fal.run/rundiffusion-fal/juggernaut-flux-lora/requests/019f9a27-ecf9-74b2-a43b-7a7928f6e7af/status?logs=false "HTTP/1.1 202 Accepted"
2026-07-25 17:44:32,439 [INFO] httpx: HTTP Request: GET https://queue.fal.run/rundiffusion-fal/juggernaut-flux-lora/requests/019f9a27-ecf9-74b2-a43b-7a7928f6e7af/status?logs=false "HTTP/1.1 202 Accepted"
2026-07-25 17:44:32,799 [INFO] httpx: HTTP Request: GET https://queue.fal.run/rundiffusion-fal/juggernaut-flux-lora/requests/019f9a27-ecf9-74b2-a43b-7a7928f6e7af/status?logs=false "HTTP/1.1 202 Accepted"
2026-07-25 17:44:33,150 [INFO] httpx: HTTP Request: GET https://queue.fal.run/rundiffusion-fal/juggernaut-flux-lora/requests/019f9a27-ecf9-74b2-a43b-7a7928f6e7af/status?logs=false "HTTP/1.1 202 Accepted"
2026-07-25 17:44:33,503 [INFO] httpx: HTTP Request: GET https://queue.fal.run/rundiffusion-fal/juggernaut-flux-lora/requests/019f9a27-ecf9-74b2-a43b-7a7928f6e7af/status?logs=false "HTTP/1.1 202 Accepted"
2026-07-25 17:44:33,860 [INFO] httpx: HTTP Request: GET https://queue.fal.run/rundiffusion-fal/juggernaut-flux-lora/requests/019f9a27-ecf9-74b2-a43b-7a7928f6e7af/status?logs=false "HTTP/1.1 202 Accepted"
2026-07-25 17:44:34,224 [INFO] httpx: HTTP Request: GET https://queue.fal.run/rundiffusion-fal/juggernaut-flux-lora/requests/019f9a27-ecf9-74b2-a43b-7a7928f6e7af/status?logs=false "HTTP/1.1 202 Accepted"
2026-07-25 17:44:34,582 [INFO] httpx: HTTP Request: GET https://queue.fal.run/rundiffusion-fal/juggernaut-flux-lora/requests/019f9a27-ecf9-74b2-a43b-7a7928f6e7af/status?logs=false "HTTP/1.1 202 Accepted"
2026-07-25 17:44:34,933 [INFO] httpx: HTTP Request: GET https://queue.fal.run/rundiffusion-fal/juggernaut-flux-lora/requests/019f9a27-ecf9-74b2-a43b-7a7928f6e7af/status?logs=false "HTTP/1.1 202 Accepted"
2026-07-25 17:44:35,287 [INFO] httpx: HTTP Request: GET https://queue.fal.run/rundiffusion-fal/juggernaut-flux-lora/requests/019f9a27-ecf9-74b2-a43b-7a7928f6e7af/status?logs=false "HTTP/1.1 202 Accepted"
2026-07-25 17:44:35,648 [INFO] httpx: HTTP Request: GET https://queue.fal.run/rundiffusion-fal/juggernaut-flux-lora/requests/019f9a27-ecf9-74b2-a43b-7a7928f6e7af/status?logs=false "HTTP/1.1 202 Accepted"
2026-07-25 17:44:35,998 [INFO] httpx: HTTP Request: GET https://queue.fal.run/rundiffusion-fal/juggernaut-flux-lora/requests/019f9a27-ecf9-74b2-a43b-7a7928f6e7af/status?logs=false "HTTP/1.1 202 Accepted"
2026-07-25 17:44:36,356 [INFO] httpx: HTTP Request: GET https://queue.fal.run/rundiffusion-fal/juggernaut-flux-lora/requests/019f9a27-ecf9-74b2-a43b-7a7928f6e7af/status?logs=false "HTTP/1.1 202 Accepted"
2026-07-25 17:44:36,711 [INFO] httpx: HTTP Request: GET https://queue.fal.run/rundiffusion-fal/juggernaut-flux-lora/requests/019f9a27-ecf9-74b2-a43b-7a7928f6e7af/status?logs=false "HTTP/1.1 202 Accepted"
2026-07-25 17:44:37,085 [INFO] httpx: HTTP Request: GET https://queue.fal.run/rundiffusion-fal/juggernaut-flux-lora/requests/019f9a27-ecf9-74b2-a43b-7a7928f6e7af/status?logs=false "HTTP/1.1 202 Accepted"
2026-07-25 17:44:37,455 [INFO] httpx: HTTP Request: GET https://queue.fal.run/rundiffusion-fal/juggernaut-flux-lora/requests/019f9a27-ecf9-74b2-a43b-7a7928f6e7af/status?logs=false "HTTP/1.1 202 Accepted"
2026-07-25 17:44:37,787 [INFO] httpx: HTTP Request: GET https://queue.fal.run/rundiffusion-fal/juggernaut-flux-lora/requests/019f9a27-ecf9-74b2-a43b-7a7928f6e7af/status?logs=false "HTTP/1.1 202 Accepted"
2026-07-25 17:44:38,144 [INFO] httpx: HTTP Request: GET https://queue.fal.run/rundiffusion-fal/juggernaut-flux-lora/requests/019f9a27-ecf9-74b2-a43b-7a7928f6e7af/status?logs=false "HTTP/1.1 202 Accepted"
2026-07-25 17:44:38,505 [INFO] httpx: HTTP Request: GET https://queue.fal.run/rundiffusion-fal/juggernaut-flux-lora/requests/019f9a27-ecf9-74b2-a43b-7a7928f6e7af/status?logs=false "HTTP/1.1 202 Accepted"
2026-07-25 17:44:38,866 [INFO] httpx: HTTP Request: GET https://queue.fal.run/rundiffusion-fal/juggernaut-flux-lora/requests/019f9a27-ecf9-74b2-a43b-7a7928f6e7af/status?logs=false "HTTP/1.1 202 Accepted"
2026-07-25 17:44:39,226 [INFO] httpx: HTTP Request: GET https://queue.fal.run/rundiffusion-fal/juggernaut-flux-lora/requests/019f9a27-ecf9-74b2-a43b-7a7928f6e7af/status?logs=false "HTTP/1.1 202 Accepted"
2026-07-25 17:44:39,574 [INFO] httpx: HTTP Request: GET https://queue.fal.run/rundiffusion-fal/juggernaut-flux-lora/requests/019f9a27-ecf9-74b2-a43b-7a7928f6e7af/status?logs=false "HTTP/1.1 202 Accepted"
2026-07-25 17:44:39,936 [INFO] httpx: HTTP Request: GET https://queue.fal.run/rundiffusion-fal/juggernaut-flux-lora/requests/019f9a27-ecf9-74b2-a43b-7a7928f6e7af/status?logs=false "HTTP/1.1 202 Accepted"
2026-07-25 17:44:40,297 [INFO] httpx: HTTP Request: GET https://queue.fal.run/rundiffusion-fal/juggernaut-flux-lora/requests/019f9a27-ecf9-74b2-a43b-7a7928f6e7af/status?logs=false "HTTP/1.1 202 Accepted"
2026-07-25 17:44:40,646 [INFO] httpx: HTTP Request: GET https://queue.fal.run/rundiffusion-fal/juggernaut-flux-lora/requests/019f9a27-ecf9-74b2-a43b-7a7928f6e7af/status?logs=false "HTTP/1.1 202 Accepted"
2026-07-25 17:44:40,998 [INFO] httpx: HTTP Request: GET https://queue.fal.run/rundiffusion-fal/juggernaut-flux-lora/requests/019f9a27-ecf9-74b2-a43b-7a7928f6e7af/status?logs=false "HTTP/1.1 202 Accepted"
2026-07-25 17:44:41,351 [INFO] httpx: HTTP Request: GET https://queue.fal.run/rundiffusion-fal/juggernaut-flux-lora/requests/019f9a27-ecf9-74b2-a43b-7a7928f6e7af/status?logs=false "HTTP/1.1 202 Accepted"
2026-07-25 17:44:41,708 [INFO] httpx: HTTP Request: GET https://queue.fal.run/rundiffusion-fal/juggernaut-flux-lora/requests/019f9a27-ecf9-74b2-a43b-7a7928f6e7af/status?logs=false "HTTP/1.1 202 Accepted"
2026-07-25 17:44:42,066 [INFO] httpx: HTTP Request: GET https://queue.fal.run/rundiffusion-fal/juggernaut-flux-lora/requests/019f9a27-ecf9-74b2-a43b-7a7928f6e7af/status?logs=false "HTTP/1.1 202 Accepted"
2026-07-25 17:44:42,404 [INFO] httpx: HTTP Request: GET https://queue.fal.run/rundiffusion-fal/juggernaut-flux-lora/requests/019f9a27-ecf9-74b2-a43b-7a7928f6e7af/status?logs=false "HTTP/1.1 202 Accepted"
2026-07-25 17:44:42,776 [INFO] httpx: HTTP Request: GET https://queue.fal.run/rundiffusion-fal/juggernaut-flux-lora/requests/019f9a27-ecf9-74b2-a43b-7a7928f6e7af/status?logs=false "HTTP/1.1 202 Accepted"
2026-07-25 17:44:43,137 [INFO] httpx: HTTP Request: GET https://queue.fal.run/rundiffusion-fal/juggernaut-flux-lora/requests/019f9a27-ecf9-74b2-a43b-7a7928f6e7af/status?logs=false "HTTP/1.1 202 Accepted"
2026-07-25 17:44:43,508 [INFO] httpx: HTTP Request: GET https://queue.fal.run/rundiffusion-fal/juggernaut-flux-lora/requests/019f9a27-ecf9-74b2-a43b-7a7928f6e7af/status?logs=false "HTTP/1.1 202 Accepted"
2026-07-25 17:44:43,866 [INFO] httpx: HTTP Request: GET https://queue.fal.run/rundiffusion-fal/juggernaut-flux-lora/requests/019f9a27-ecf9-74b2-a43b-7a7928f6e7af/status?logs=false "HTTP/1.1 202 Accepted"
2026-07-25 17:44:44,210 [INFO] httpx: HTTP Request: GET https://queue.fal.run/rundiffusion-fal/juggernaut-flux-lora/requests/019f9a27-ecf9-74b2-a43b-7a7928f6e7af/status?logs=false "HTTP/1.1 202 Accepted"
2026-07-25 17:44:44,562 [INFO] httpx: HTTP Request: GET https://queue.fal.run/rundiffusion-fal/juggernaut-flux-lora/requests/019f9a27-ecf9-74b2-a43b-7a7928f6e7af/status?logs=false "HTTP/1.1 202 Accepted"
2026-07-25 17:44:44,923 [INFO] httpx: HTTP Request: GET https://queue.fal.run/rundiffusion-fal/juggernaut-flux-lora/requests/019f9a27-ecf9-74b2-a43b-7a7928f6e7af/status?logs=false "HTTP/1.1 202 Accepted"
2026-07-25 17:44:45,285 [INFO] httpx: HTTP Request: GET https://queue.fal.run/rundiffusion-fal/juggernaut-flux-lora/requests/019f9a27-ecf9-74b2-a43b-7a7928f6e7af/status?logs=false "HTTP/1.1 202 Accepted"
2026-07-25 17:44:45,658 [INFO] httpx: HTTP Request: GET https://queue.fal.run/rundiffusion-fal/juggernaut-flux-lora/requests/019f9a27-ecf9-74b2-a43b-7a7928f6e7af/status?logs=false "HTTP/1.1 202 Accepted"
2026-07-25 17:44:46,029 [INFO] httpx: HTTP Request: GET https://queue.fal.run/rundiffusion-fal/juggernaut-flux-lora/requests/019f9a27-ecf9-74b2-a43b-7a7928f6e7af/status?logs=false "HTTP/1.1 202 Accepted"
2026-07-25 17:44:46,385 [INFO] httpx: HTTP Request: GET https://queue.fal.run/rundiffusion-fal/juggernaut-flux-lora/requests/019f9a27-ecf9-74b2-a43b-7a7928f6e7af/status?logs=false "HTTP/1.1 202 Accepted"
2026-07-25 17:44:46,732 [INFO] httpx: HTTP Request: GET https://queue.fal.run/rundiffusion-fal/juggernaut-flux-lora/requests/019f9a27-ecf9-74b2-a43b-7a7928f6e7af/status?logs=false "HTTP/1.1 202 Accepted"
2026-07-25 17:44:47,095 [INFO] httpx: HTTP Request: GET https://queue.fal.run/rundiffusion-fal/juggernaut-flux-lora/requests/019f9a27-ecf9-74b2-a43b-7a7928f6e7af/status?logs=false "HTTP/1.1 202 Accepted"
2026-07-25 17:44:47,459 [INFO] httpx: HTTP Request: GET https://queue.fal.run/rundiffusion-fal/juggernaut-flux-lora/requests/019f9a27-ecf9-74b2-a43b-7a7928f6e7af/status?logs=false "HTTP/1.1 202 Accepted"
2026-07-25 17:44:47,812 [INFO] httpx: HTTP Request: GET https://queue.fal.run/rundiffusion-fal/juggernaut-flux-lora/requests/019f9a27-ecf9-74b2-a43b-7a7928f6e7af/status?logs=false "HTTP/1.1 202 Accepted"
2026-07-25 17:44:48,172 [INFO] httpx: HTTP Request: GET https://queue.fal.run/rundiffusion-fal/juggernaut-flux-lora/requests/019f9a27-ecf9-74b2-a43b-7a7928f6e7af/status?logs=false "HTTP/1.1 202 Accepted"
2026-07-25 17:44:48,515 [INFO] httpx: HTTP Request: GET https://queue.fal.run/rundiffusion-fal/juggernaut-flux-lora/requests/019f9a27-ecf9-74b2-a43b-7a7928f6e7af/status?logs=false "HTTP/1.1 202 Accepted"
2026-07-25 17:44:48,874 [INFO] httpx: HTTP Request: GET https://queue.fal.run/rundiffusion-fal/juggernaut-flux-lora/requests/019f9a27-ecf9-74b2-a43b-7a7928f6e7af/status?logs=false "HTTP/1.1 202 Accepted"
2026-07-25 17:44:49,234 [INFO] httpx: HTTP Request: GET https://queue.fal.run/rundiffusion-fal/juggernaut-flux-lora/requests/019f9a27-ecf9-74b2-a43b-7a7928f6e7af/status?logs=false "HTTP/1.1 202 Accepted"
2026-07-25 17:44:49,594 [INFO] httpx: HTTP Request: GET https://queue.fal.run/rundiffusion-fal/juggernaut-flux-lora/requests/019f9a27-ecf9-74b2-a43b-7a7928f6e7af/status?logs=false "HTTP/1.1 202 Accepted"
2026-07-25 17:44:49,952 [INFO] httpx: HTTP Request: GET https://queue.fal.run/rundiffusion-fal/juggernaut-flux-lora/requests/019f9a27-ecf9-74b2-a43b-7a7928f6e7af/status?logs=false "HTTP/1.1 202 Accepted"
2026-07-25 17:44:50,312 [INFO] httpx: HTTP Request: GET https://queue.fal.run/rundiffusion-fal/juggernaut-flux-lora/requests/019f9a27-ecf9-74b2-a43b-7a7928f6e7af/status?logs=false "HTTP/1.1 202 Accepted"
2026-07-25 17:44:50,673 [INFO] httpx: HTTP Request: GET https://queue.fal.run/rundiffusion-fal/juggernaut-flux-lora/requests/019f9a27-ecf9-74b2-a43b-7a7928f6e7af/status?logs=false "HTTP/1.1 202 Accepted"
2026-07-25 17:44:51,025 [INFO] httpx: HTTP Request: GET https://queue.fal.run/rundiffusion-fal/juggernaut-flux-lora/requests/019f9a27-ecf9-74b2-a43b-7a7928f6e7af/status?logs=false "HTTP/1.1 202 Accepted"
2026-07-25 17:44:51,387 [INFO] httpx: HTTP Request: GET https://queue.fal.run/rundiffusion-fal/juggernaut-flux-lora/requests/019f9a27-ecf9-74b2-a43b-7a7928f6e7af/status?logs=false "HTTP/1.1 202 Accepted"
2026-07-25 17:44:51,750 [INFO] httpx: HTTP Request: GET https://queue.fal.run/rundiffusion-fal/juggernaut-flux-lora/requests/019f9a27-ecf9-74b2-a43b-7a7928f6e7af/status?logs=false "HTTP/1.1 202 Accepted"
2026-07-25 17:44:52,108 [INFO] httpx: HTTP Request: GET https://queue.fal.run/rundiffusion-fal/juggernaut-flux-lora/requests/019f9a27-ecf9-74b2-a43b-7a7928f6e7af/status?logs=false "HTTP/1.1 202 Accepted"
2026-07-25 17:44:52,461 [INFO] httpx: HTTP Request: GET https://queue.fal.run/rundiffusion-fal/juggernaut-flux-lora/requests/019f9a27-ecf9-74b2-a43b-7a7928f6e7af/status?logs=false "HTTP/1.1 202 Accepted"
2026-07-25 17:44:52,820 [INFO] httpx: HTTP Request: GET https://queue.fal.run/rundiffusion-fal/juggernaut-flux-lora/requests/019f9a27-ecf9-74b2-a43b-7a7928f6e7af/status?logs=false "HTTP/1.1 202 Accepted"
2026-07-25 17:44:53,173 [INFO] httpx: HTTP Request: GET https://queue.fal.run/rundiffusion-fal/juggernaut-flux-lora/requests/019f9a27-ecf9-74b2-a43b-7a7928f6e7af/status?logs=false "HTTP/1.1 202 Accepted"
2026-07-25 17:44:53,528 [INFO] httpx: HTTP Request: GET https://queue.fal.run/rundiffusion-fal/juggernaut-flux-lora/requests/019f9a27-ecf9-74b2-a43b-7a7928f6e7af/status?logs=false "HTTP/1.1 202 Accepted"
2026-07-25 17:44:53,888 [INFO] httpx: HTTP Request: GET https://queue.fal.run/rundiffusion-fal/juggernaut-flux-lora/requests/019f9a27-ecf9-74b2-a43b-7a7928f6e7af/status?logs=false "HTTP/1.1 202 Accepted"
2026-07-25 17:44:54,249 [INFO] httpx: HTTP Request: GET https://queue.fal.run/rundiffusion-fal/juggernaut-flux-lora/requests/019f9a27-ecf9-74b2-a43b-7a7928f6e7af/status?logs=false "HTTP/1.1 202 Accepted"
2026-07-25 17:44:54,607 [INFO] httpx: HTTP Request: GET https://queue.fal.run/rundiffusion-fal/juggernaut-flux-lora/requests/019f9a27-ecf9-74b2-a43b-7a7928f6e7af/status?logs=false "HTTP/1.1 202 Accepted"
2026-07-25 17:44:54,962 [INFO] httpx: HTTP Request: GET https://queue.fal.run/rundiffusion-fal/juggernaut-flux-lora/requests/019f9a27-ecf9-74b2-a43b-7a7928f6e7af/status?logs=false "HTTP/1.1 202 Accepted"
2026-07-25 17:44:55,312 [INFO] httpx: HTTP Request: GET https://queue.fal.run/rundiffusion-fal/juggernaut-flux-lora/requests/019f9a27-ecf9-74b2-a43b-7a7928f6e7af/status?logs=false "HTTP/1.1 202 Accepted"
2026-07-25 17:44:55,674 [INFO] httpx: HTTP Request: GET https://queue.fal.run/rundiffusion-fal/juggernaut-flux-lora/requests/019f9a27-ecf9-74b2-a43b-7a7928f6e7af/status?logs=false "HTTP/1.1 202 Accepted"
2026-07-25 17:44:56,034 [INFO] httpx: HTTP Request: GET https://queue.fal.run/rundiffusion-fal/juggernaut-flux-lora/requests/019f9a27-ecf9-74b2-a43b-7a7928f6e7af/status?logs=false "HTTP/1.1 202 Accepted"
2026-07-25 17:44:56,392 [INFO] httpx: HTTP Request: GET https://queue.fal.run/rundiffusion-fal/juggernaut-flux-lora/requests/019f9a27-ecf9-74b2-a43b-7a7928f6e7af/status?logs=false "HTTP/1.1 202 Accepted"
2026-07-25 17:44:56,745 [INFO] httpx: HTTP Request: GET https://queue.fal.run/rundiffusion-fal/juggernaut-flux-lora/requests/019f9a27-ecf9-74b2-a43b-7a7928f6e7af/status?logs=false "HTTP/1.1 202 Accepted"
2026-07-25 17:44:57,106 [INFO] httpx: HTTP Request: GET https://queue.fal.run/rundiffusion-fal/juggernaut-flux-lora/requests/019f9a27-ecf9-74b2-a43b-7a7928f6e7af/status?logs=false "HTTP/1.1 202 Accepted"
2026-07-25 17:44:57,465 [INFO] httpx: HTTP Request: GET https://queue.fal.run/rundiffusion-fal/juggernaut-flux-lora/requests/019f9a27-ecf9-74b2-a43b-7a7928f6e7af/status?logs=false "HTTP/1.1 202 Accepted"
2026-07-25 17:44:57,832 [INFO] httpx: HTTP Request: GET https://queue.fal.run/rundiffusion-fal/juggernaut-flux-lora/requests/019f9a27-ecf9-74b2-a43b-7a7928f6e7af/status?logs=false "HTTP/1.1 202 Accepted"
2026-07-25 17:44:58,187 [INFO] httpx: HTTP Request: GET https://queue.fal.run/rundiffusion-fal/juggernaut-flux-lora/requests/019f9a27-ecf9-74b2-a43b-7a7928f6e7af/status?logs=false "HTTP/1.1 202 Accepted"
2026-07-25 17:44:58,543 [INFO] httpx: HTTP Request: GET https://queue.fal.run/rundiffusion-fal/juggernaut-flux-lora/requests/019f9a27-ecf9-74b2-a43b-7a7928f6e7af/status?logs=false "HTTP/1.1 202 Accepted"
2026-07-25 17:44:58,901 [INFO] httpx: HTTP Request: GET https://queue.fal.run/rundiffusion-fal/juggernaut-flux-lora/requests/019f9a27-ecf9-74b2-a43b-7a7928f6e7af/status?logs=false "HTTP/1.1 202 Accepted"
2026-07-25 17:44:59,258 [INFO] httpx: HTTP Request: GET https://queue.fal.run/rundiffusion-fal/juggernaut-flux-lora/requests/019f9a27-ecf9-74b2-a43b-7a7928f6e7af/status?logs=false "HTTP/1.1 202 Accepted"
2026-07-25 17:44:59,608 [INFO] httpx: HTTP Request: GET https://queue.fal.run/rundiffusion-fal/juggernaut-flux-lora/requests/019f9a27-ecf9-74b2-a43b-7a7928f6e7af/status?logs=false "HTTP/1.1 202 Accepted"
2026-07-25 17:44:59,969 [INFO] httpx: HTTP Request: GET https://queue.fal.run/rundiffusion-fal/juggernaut-flux-lora/requests/019f9a27-ecf9-74b2-a43b-7a7928f6e7af/status?logs=false "HTTP/1.1 202 Accepted"
2026-07-25 17:45:00,321 [INFO] httpx: HTTP Request: GET https://queue.fal.run/rundiffusion-fal/juggernaut-flux-lora/requests/019f9a27-ecf9-74b2-a43b-7a7928f6e7af/status?logs=false "HTTP/1.1 202 Accepted"
2026-07-25 17:45:00,672 [INFO] httpx: HTTP Request: GET https://queue.fal.run/rundiffusion-fal/juggernaut-flux-lora/requests/019f9a27-ecf9-74b2-a43b-7a7928f6e7af/status?logs=false "HTTP/1.1 202 Accepted"
2026-07-25 17:45:01,027 [INFO] httpx: HTTP Request: GET https://queue.fal.run/rundiffusion-fal/juggernaut-flux-lora/requests/019f9a27-ecf9-74b2-a43b-7a7928f6e7af/status?logs=false "HTTP/1.1 202 Accepted"
2026-07-25 17:45:01,375 [INFO] httpx: HTTP Request: GET https://queue.fal.run/rundiffusion-fal/juggernaut-flux-lora/requests/019f9a27-ecf9-74b2-a43b-7a7928f6e7af/status?logs=false "HTTP/1.1 202 Accepted"
2026-07-25 17:45:01,729 [INFO] httpx: HTTP Request: GET https://queue.fal.run/rundiffusion-fal/juggernaut-flux-lora/requests/019f9a27-ecf9-74b2-a43b-7a7928f6e7af/status?logs=false "HTTP/1.1 202 Accepted"
2026-07-25 17:45:02,093 [INFO] httpx: HTTP Request: GET https://queue.fal.run/rundiffusion-fal/juggernaut-flux-lora/requests/019f9a27-ecf9-74b2-a43b-7a7928f6e7af/status?logs=false "HTTP/1.1 202 Accepted"
2026-07-25 17:45:02,455 [INFO] httpx: HTTP Request: GET https://queue.fal.run/rundiffusion-fal/juggernaut-flux-lora/requests/019f9a27-ecf9-74b2-a43b-7a7928f6e7af/status?logs=false "HTTP/1.1 202 Accepted"
2026-07-25 17:45:02,810 [INFO] httpx: HTTP Request: GET https://queue.fal.run/rundiffusion-fal/juggernaut-flux-lora/requests/019f9a27-ecf9-74b2-a43b-7a7928f6e7af/status?logs=false "HTTP/1.1 202 Accepted"
2026-07-25 17:45:03,159 [INFO] httpx: HTTP Request: GET https://queue.fal.run/rundiffusion-fal/juggernaut-flux-lora/requests/019f9a27-ecf9-74b2-a43b-7a7928f6e7af/status?logs=false "HTTP/1.1 202 Accepted"
2026-07-25 17:45:03,519 [INFO] httpx: HTTP Request: GET https://queue.fal.run/rundiffusion-fal/juggernaut-flux-lora/requests/019f9a27-ecf9-74b2-a43b-7a7928f6e7af/status?logs=false "HTTP/1.1 202 Accepted"
2026-07-25 17:45:03,875 [INFO] httpx: HTTP Request: GET https://queue.fal.run/rundiffusion-fal/juggernaut-flux-lora/requests/019f9a27-ecf9-74b2-a43b-7a7928f6e7af/status?logs=false "HTTP/1.1 202 Accepted"
2026-07-25 17:45:04,211 [INFO] httpx: HTTP Request: GET https://queue.fal.run/rundiffusion-fal/juggernaut-flux-lora/requests/019f9a27-ecf9-74b2-a43b-7a7928f6e7af/status?logs=false "HTTP/1.1 202 Accepted"
2026-07-25 17:45:04,563 [INFO] httpx: HTTP Request: GET https://queue.fal.run/rundiffusion-fal/juggernaut-flux-lora/requests/019f9a27-ecf9-74b2-a43b-7a7928f6e7af/status?logs=false "HTTP/1.1 202 Accepted"
2026-07-25 17:45:04,924 [INFO] httpx: HTTP Request: GET https://queue.fal.run/rundiffusion-fal/juggernaut-flux-lora/requests/019f9a27-ecf9-74b2-a43b-7a7928f6e7af/status?logs=false "HTTP/1.1 202 Accepted"
2026-07-25 17:45:05,280 [INFO] httpx: HTTP Request: GET https://queue.fal.run/rundiffusion-fal/juggernaut-flux-lora/requests/019f9a27-ecf9-74b2-a43b-7a7928f6e7af/status?logs=false "HTTP/1.1 202 Accepted"
2026-07-25 17:45:05,660 [INFO] httpx: HTTP Request: GET https://queue.fal.run/rundiffusion-fal/juggernaut-flux-lora/requests/019f9a27-ecf9-74b2-a43b-7a7928f6e7af/status?logs=false "HTTP/1.1 202 Accepted"
2026-07-25 17:45:06,017 [INFO] httpx: HTTP Request: GET https://queue.fal.run/rundiffusion-fal/juggernaut-flux-lora/requests/019f9a27-ecf9-74b2-a43b-7a7928f6e7af/status?logs=false "HTTP/1.1 202 Accepted"
2026-07-25 17:45:06,372 [INFO] httpx: HTTP Request: GET https://queue.fal.run/rundiffusion-fal/juggernaut-flux-lora/requests/019f9a27-ecf9-74b2-a43b-7a7928f6e7af/status?logs=false "HTTP/1.1 202 Accepted"
2026-07-25 17:45:06,740 [INFO] httpx: HTTP Request: GET https://queue.fal.run/rundiffusion-fal/juggernaut-flux-lora/requests/019f9a27-ecf9-74b2-a43b-7a7928f6e7af/status?logs=false "HTTP/1.1 200 OK"
2026-07-25 17:45:06,859 [INFO] httpx: HTTP Request: GET https://queue.fal.run/rundiffusion-fal/juggernaut-flux-lora/requests/019f9a27-ecf9-74b2-a43b-7a7928f6e7af "HTTP/1.1 200 OK"
2026-07-25 17:45:07,622 [INFO] httpx: HTTP Request: GET https://v3b.fal.media/files/b/0aa3b0dc/vjXhrgXiQvB9u2Yo1YHIH.jpg "HTTP/1.1 200 OK"
2026-07-25 17:45:08,113 [INFO] pipeline.image_stage: Image generated in 160.8s
2026-07-25 17:45:08,114 [INFO] pipeline: [post_716df117] QC check (attempt 1)
2026-07-25 17:45:09,779 [INFO] pipeline.qc_stage: QC PASSED: 5 checks, 0 errors, 1 warnings
2026-07-25 17:45:09,780 [INFO] pipeline: [post_716df117] QC passed on attempt 1
2026-07-25 17:45:09,780 [INFO] pipeline: [post_716df117] Publishing to queue
2026-07-25 17:45:09,782 [INFO] pipeline.publish_stage: Queue saved: 2 entries
2026-07-25 17:45:09,783 [INFO] pipeline.publish_stage: Queue entry added: post_716df117 (status=qc_passed)
2026-07-25 17:45:09,783 [INFO] pipeline: [post_716df117] Complete: 163.7s, $0.0500, 3 stages, 0 errors
2026-07-25 19:30:09,338 [INFO] pipeline: Pipeline starting (dry_run=False, stages=['image', 'qc', 'publish'])
2026-07-25 19:30:09,340 [INFO] pipeline: Auto-selected pose: Leaning over a bridge railing, looking down at the water, ha
2026-07-25 19:30:09,340 [INFO] pipeline: Auto-selected camera: Phone-in-frame dual media — person holding a phone recording
2026-07-25 19:30:09,340 [INFO] pipeline: Auto-selected tech: Monochromatic deep blacks, high-contrast B&W with red filter
2026-07-25 19:30:09,340 [INFO] pipeline: [post_d0c16049] Image attempt 1/3
2026-07-25 19:30:09,340 [INFO] pipeline.image_stage: Image stage: seed=777 scene=walking through Soho London at night, neon signs and rain-sl
2026-07-25 19:30:09,795 [INFO] httpx: HTTP Request: POST https://queue.fal.run/rundiffusion-fal/juggernaut-flux-lora "HTTP/1.1 200 OK"
2026-07-25 19:30:09,907 [INFO] httpx: HTTP Request: GET https://queue.fal.run/rundiffusion-fal/juggernaut-flux-lora/requests/019f9a8a-8bb4-72f2-a110-3d25879ee97a/status?logs=false "HTTP/1.1 202 Accepted"
2026-07-25 19:30:10,266 [INFO] httpx: HTTP Request: GET https://queue.fal.run/rundiffusion-fal/juggernaut-flux-lora/requests/019f9a8a-8bb4-72f2-a110-3d25879ee97a/status?logs=false "HTTP/1.1 202 Accepted"
2026-07-25 19:30:10,616 [INFO] httpx: HTTP Request: GET https://queue.fal.run/rundiffusion-fal/juggernaut-flux-lora/requests/019f9a8a-8bb4-72f2-a110-3d25879ee97a/status?logs=false "HTTP/1.1 202 Accepted"
2026-07-25 19:30:10,978 [INFO] httpx: HTTP Request: GET https://queue.fal.run/rundiffusion-fal/juggernaut-flux-lora/requests/019f9a8a-8bb4-72f2-a110-3d25879ee97a/status?logs=false "HTTP/1.1 202 Accepted"
2026-07-25 19:30:11,336 [INFO] httpx: HTTP Request: GET https://queue.fal.run/rundiffusion-fal/juggernaut-flux-lora/requests/019f9a8a-8bb4-72f2-a110-3d25879ee97a/status?logs=false "HTTP/1.1 202 Accepted"
2026-07-25 19:30:11,697 [INFO] httpx: HTTP Request: GET https://queue.fal.run/rundiffusion-fal/juggernaut-flux-lora/requests/019f9a8a-8bb4-72f2-a110-3d25879ee97a/status?logs=false "HTTP/1.1 202 Accepted"
2026-07-25 19:30:12,053 [INFO] httpx: HTTP Request: GET https://queue.fal.run/rundiffusion-fal/juggernaut-flux-lora/requests/019f9a8a-8bb4-72f2-a110-3d25879ee97a/status?logs=false "HTTP/1.1 202 Accepted"
2026-07-25 19:30:12,404 [INFO] httpx: HTTP Request: GET https://queue.fal.run/rundiffusion-fal/juggernaut-flux-lora/requests/019f9a8a-8bb4-72f2-a110-3d25879ee97a/status?logs=false "HTTP/1.1 202 Accepted"
2026-07-25 19:30:12,754 [INFO] httpx: HTTP Request: GET https://queue.fal.run/rundiffusion-fal/juggernaut-flux-lora/requests/019f9a8a-8bb4-72f2-a110-3d25879ee97a/status?logs=false "HTTP/1.1 202 Accepted"
2026-07-25 19:30:13,115 [INFO] httpx: HTTP Request: GET https://queue.fal.run/rundiffusion-fal/juggernaut-flux-lora/requests/019f9a8a-8bb4-72f2-a110-3d25879ee97a/status?logs=false "HTTP/1.1 202 Accepted"
2026-07-25 19:30:13,467 [INFO] httpx: HTTP Request: GET https://queue.fal.run/rundiffusion-fal/juggernaut-flux-lora/requests/019f9a8a-8bb4-72f2-a110-3d25879ee97a/status?logs=false "HTTP/1.1 202 Accepted"
2026-07-25 19:30:13,827 [INFO] httpx: HTTP Request: GET https://queue.fal.run/rundiffusion-fal/juggernaut-flux-lora/requests/019f9a8a-8bb4-72f2-a110-3d25879ee97a/status?logs=false "HTTP/1.1 202 Accepted"
2026-07-25 19:30:14,183 [INFO] httpx: HTTP Request: GET https://queue.fal.run/rundiffusion-fal/juggernaut-flux-lora/requests/019f9a8a-8bb4-72f2-a110-3d25879ee97a/status?logs=false "HTTP/1.1 202 Accepted"
2026-07-25 19:30:14,542 [INFO] httpx: HTTP Request: GET https://queue.fal.run/rundiffusion-fal/juggernaut-flux-lora/requests/019f9a8a-8bb4-72f2-a110-3d25879ee97a/status?logs=false "HTTP/1.1 202 Accepted"
2026-07-25 19:30:14,905 [INFO] httpx: HTTP Request: GET https://queue.fal.run/rundiffusion-fal/juggernaut-flux-lora/requests/019f9a8a-8bb4-72f2-a110-3d25879ee97a/status?logs=false "HTTP/1.1 202 Accepted"
2026-07-25 19:30:15,262 [INFO] httpx: HTTP Request: GET https://queue.fal.run/rundiffusion-fal/juggernaut-flux-lora/requests/019f9a8a-8bb4-72f2-a110-3d25879ee97a/status?logs=false "HTTP/1.1 202 Accepted"
2026-07-25 19:30:15,619 [INFO] httpx: HTTP Request: GET https://queue.fal.run/rundiffusion-fal/juggernaut-flux-lora/requests/019f9a8a-8bb4-72f2-a110-3d25879ee97a/status?logs=false "HTTP/1.1 202 Accepted"
2026-07-25 19:30:15,966 [INFO] httpx: HTTP Request: GET https://queue.fal.run/rundiffusion-fal/juggernaut-flux-lora/requests/019f9a8a-8bb4-72f2-a110-3d25879ee97a/status?logs=false "HTTP/1.1 202 Accepted"
2026-07-25 19:30:16,325 [INFO] httpx: HTTP Request: GET https://queue.fal.run/rundiffusion-fal/juggernaut-flux-lora/requests/019f9a8a-8bb4-72f2-a110-3d25879ee97a/status?logs=false "HTTP/1.1 202 Accepted"
2026-07-25 19:30:16,683 [INFO] httpx: HTTP Request: GET https://queue.fal.run/rundiffusion-fal/juggernaut-flux-lora/requests/019f9a8a-8bb4-72f2-a110-3d25879ee97a/status?logs=false "HTTP/1.1 202 Accepted"
2026-07-25 19:30:17,042 [INFO] httpx: HTTP Request: GET https://queue.fal.run/rundiffusion-fal/juggernaut-flux-lora/requests/019f9a8a-8bb4-72f2-a110-3d25879ee97a/status?logs=false "HTTP/1.1 202 Accepted"
2026-07-25 19:30:17,390 [INFO] httpx: HTTP Request: GET https://queue.fal.run/rundiffusion-fal/juggernaut-flux-lora/requests/019f9a8a-8bb4-72f2-a110-3d25879ee97a/status?logs=false "HTTP/1.1 202 Accepted"
2026-07-25 19:30:17,748 [INFO] httpx: HTTP Request: GET https://queue.fal.run/rundiffusion-fal/juggernaut-flux-lora/requests/019f9a8a-8bb4-72f2-a110-3d25879ee97a/status?logs=false "HTTP/1.1 202 Accepted"
2026-07-25 19:30:18,092 [INFO] httpx: HTTP Request: GET https://queue.fal.run/rundiffusion-fal/juggernaut-flux-lora/requests/019f9a8a-8bb4-72f2-a110-3d25879ee97a/status?logs=false "HTTP/1.1 202 Accepted"
2026-07-25 19:30:18,452 [INFO] httpx: HTTP Request: GET https://queue.fal.run/rundiffusion-fal/juggernaut-flux-lora/requests/019f9a8a-8bb4-72f2-a110-3d25879ee97a/status?logs=false "HTTP/1.1 202 Accepted"
2026-07-25 19:30:18,805 [INFO] httpx: HTTP Request: GET https://queue.fal.run/rundiffusion-fal/juggernaut-flux-lora/requests/019f9a8a-8bb4-72f2-a110-3d25879ee97a/status?logs=false "HTTP/1.1 202 Accepted"
2026-07-25 19:30:19,169 [INFO] httpx: HTTP Request: GET https://queue.fal.run/rundiffusion-fal/juggernaut-flux-lora/requests/019f9a8a-8bb4-72f2-a110-3d25879ee97a/status?logs=false "HTTP/1.1 202 Accepted"
2026-07-25 19:30:19,524 [INFO] httpx: HTTP Request: GET https://queue.fal.run/rundiffusion-fal/juggernaut-flux-lora/requests/019f9a8a-8bb4-72f2-a110-3d25879ee97a/status?logs=false "HTTP/1.1 202 Accepted"
2026-07-25 19:30:19,883 [INFO] httpx: HTTP Request: GET https://queue.fal.run/rundiffusion-fal/juggernaut-flux-lora/requests/019f9a8a-8bb4-72f2-a110-3d25879ee97a/status?logs=false "HTTP/1.1 202 Accepted"
2026-07-25 19:30:20,237 [INFO] httpx: HTTP Request: GET https://queue.fal.run/rundiffusion-fal/juggernaut-flux-lora/requests/019f9a8a-8bb4-72f2-a110-3d25879ee97a/status?logs=false "HTTP/1.1 202 Accepted"
2026-07-25 19:30:20,595 [INFO] httpx: HTTP Request: GET https://queue.fal.run/rundiffusion-fal/juggernaut-flux-lora/requests/019f9a8a-8bb4-72f2-a110-3d25879ee97a/status?logs=false "HTTP/1.1 202 Accepted"
2026-07-25 19:30:20,948 [INFO] httpx: HTTP Request: GET https://queue.fal.run/rundiffusion-fal/juggernaut-flux-lora/requests/019f9a8a-8bb4-72f2-a110-3d25879ee97a/status?logs=false "HTTP/1.1 202 Accepted"
2026-07-25 19:30:21,303 [INFO] httpx: HTTP Request: GET https://queue.fal.run/rundiffusion-fal/juggernaut-flux-lora/requests/019f9a8a-8bb4-72f2-a110-3d25879ee97a/status?logs=false "HTTP/1.1 202 Accepted"
2026-07-25 19:30:21,661 [INFO] httpx: HTTP Request: GET https://queue.fal.run/rundiffusion-fal/juggernaut-flux-lora/requests/019f9a8a-8bb4-72f2-a110-3d25879ee97a/status?logs=false "HTTP/1.1 202 Accepted"
2026-07-25 19:30:22,017 [INFO] httpx: HTTP Request: GET https://queue.fal.run/rundiffusion-fal/juggernaut-flux-lora/requests/019f9a8a-8bb4-72f2-a110-3d25879ee97a/status?logs=false "HTTP/1.1 202 Accepted"
2026-07-25 19:30:22,373 [INFO] httpx: HTTP Request: GET https://queue.fal.run/rundiffusion-fal/juggernaut-flux-lora/requests/019f9a8a-8bb4-72f2-a110-3d25879ee97a/status?logs=false "HTTP/1.1 202 Accepted"
2026-07-25 19:30:22,734 [INFO] httpx: HTTP Request: GET https://queue.fal.run/rundiffusion-fal/juggernaut-flux-lora/requests/019f9a8a-8bb4-72f2-a110-3d25879ee97a/status?logs=false "HTTP/1.1 202 Accepted"
2026-07-25 19:30:23,088 [INFO] httpx: HTTP Request: GET https://queue.fal.run/rundiffusion-fal/juggernaut-flux-lora/requests/019f9a8a-8bb4-72f2-a110-3d25879ee97a/status?logs=false "HTTP/1.1 202 Accepted"
2026-07-25 19:30:23,445 [INFO] httpx: HTTP Request: GET https://queue.fal.run/rundiffusion-fal/juggernaut-flux-lora/requests/019f9a8a-8bb4-72f2-a110-3d25879ee97a/status?logs=false "HTTP/1.1 202 Accepted"
2026-07-25 19:30:23,804 [INFO] httpx: HTTP Request: GET https://queue.fal.run/rundiffusion-fal/juggernaut-flux-lora/requests/019f9a8a-8bb4-72f2-a110-3d25879ee97a/status?logs=false "HTTP/1.1 202 Accepted"
2026-07-25 19:30:24,162 [INFO] httpx: HTTP Request: GET https://queue.fal.run/rundiffusion-fal/juggernaut-flux-lora/requests/019f9a8a-8bb4-72f2-a110-3d25879ee97a/status?logs=false "HTTP/1.1 202 Accepted"
2026-07-25 19:30:24,513 [INFO] httpx: HTTP Request: GET https://queue.fal.run/rundiffusion-fal/juggernaut-flux-lora/requests/019f9a8a-8bb4-72f2-a110-3d25879ee97a/status?logs=false "HTTP/1.1 202 Accepted"
2026-07-25 19:30:24,863 [INFO] httpx: HTTP Request: GET https://queue.fal.run/rundiffusion-fal/juggernaut-flux-lora/requests/019f9a8a-8bb4-72f2-a110-3d25879ee97a/status?logs=false "HTTP/1.1 202 Accepted"
2026-07-25 19:30:25,209 [INFO] httpx: HTTP Request: GET https://queue.fal.run/rundiffusion-fal/juggernaut-flux-lora/requests/019f9a8a-8bb4-72f2-a110-3d25879ee97a/status?logs=false "HTTP/1.1 202 Accepted"
2026-07-25 19:30:25,567 [INFO] httpx: HTTP Request: GET https://queue.fal.run/rundiffusion-fal/juggernaut-flux-lora/requests/019f9a8a-8bb4-72f2-a110-3d25879ee97a/status?logs=false "HTTP/1.1 202 Accepted"
2026-07-25 19:30:25,929 [INFO] httpx: HTTP Request: GET https://queue.fal.run/rundiffusion-fal/juggernaut-flux-lora/requests/019f9a8a-8bb4-72f2-a110-3d25879ee97a/status?logs=false "HTTP/1.1 202 Accepted"
2026-07-25 19:30:26,286 [INFO] httpx: HTTP Request: GET https://queue.fal.run/rundiffusion-fal/juggernaut-flux-lora/requests/019f9a8a-8bb4-72f2-a110-3d25879ee97a/status?logs=false "HTTP/1.1 202 Accepted"
2026-07-25 19:30:26,644 [INFO] httpx: HTTP Request: GET https://queue.fal.run/rundiffusion-fal/juggernaut-flux-lora/requests/019f9a8a-8bb4-72f2-a110-3d25879ee97a/status?logs=false "HTTP/1.1 202 Accepted"
2026-07-25 19:30:27,004 [INFO] httpx: HTTP Request: GET https://queue.fal.run/rundiffusion-fal/juggernaut-flux-lora/requests/019f9a8a-8bb4-72f2-a110-3d25879ee97a/status?logs=false "HTTP/1.1 202 Accepted"
2026-07-25 19:30:27,357 [INFO] httpx: HTTP Request: GET https://queue.fal.run/rundiffusion-fal/juggernaut-flux-lora/requests/019f9a8a-8bb4-72f2-a110-3d25879ee97a/status?logs=false "HTTP/1.1 202 Accepted"
2026-07-25 19:30:27,721 [INFO] httpx: HTTP Request: GET https://queue.fal.run/rundiffusion-fal/juggernaut-flux-lora/requests/019f9a8a-8bb4-72f2-a110-3d25879ee97a/status?logs=false "HTTP/1.1 202 Accepted"
2026-07-25 19:30:28,080 [INFO] httpx: HTTP Request: GET https://queue.fal.run/rundiffusion-fal/juggernaut-flux-lora/requests/019f9a8a-8bb4-72f2-a110-3d25879ee97a/status?logs=false "HTTP/1.1 202 Accepted"
2026-07-25 19:30:28,430 [INFO] httpx: HTTP Request: GET https://queue.fal.run/rundiffusion-fal/juggernaut-flux-lora/requests/019f9a8a-8bb4-72f2-a110-3d25879ee97a/status?logs=false "HTTP/1.1 202 Accepted"
2026-07-25 19:30:28,788 [INFO] httpx: HTTP Request: GET https://queue.fal.run/rundiffusion-fal/juggernaut-flux-lora/requests/019f9a8a-8bb4-72f2-a110-3d25879ee97a/status?logs=false "HTTP/1.1 202 Accepted"
2026-07-25 19:30:29,154 [INFO] httpx: HTTP Request: GET https://queue.fal.run/rundiffusion-fal/juggernaut-flux-lora/requests/019f9a8a-8bb4-72f2-a110-3d25879ee97a/status?logs=false "HTTP/1.1 202 Accepted"
2026-07-25 19:30:29,513 [INFO] httpx: HTTP Request: GET https://queue.fal.run/rundiffusion-fal/juggernaut-flux-lora/requests/019f9a8a-8bb4-72f2-a110-3d25879ee97a/status?logs=false "HTTP/1.1 202 Accepted"
2026-07-25 19:30:29,877 [INFO] httpx: HTTP Request: GET https://queue.fal.run/rundiffusion-fal/juggernaut-flux-lora/requests/019f9a8a-8bb4-72f2-a110-3d25879ee97a/status?logs=false "HTTP/1.1 202 Accepted"
2026-07-25 19:30:30,232 [INFO] httpx: HTTP Request: GET https://queue.fal.run/rundiffusion-fal/juggernaut-flux-lora/requests/019f9a8a-8bb4-72f2-a110-3d25879ee97a/status?logs=false "HTTP/1.1 202 Accepted"
2026-07-25 19:30:30,585 [INFO] httpx: HTTP Request: GET https://queue.fal.run/rundiffusion-fal/juggernaut-flux-lora/requests/019f9a8a-8bb4-72f2-a110-3d25879ee97a/status?logs=false "HTTP/1.1 202 Accepted"
2026-07-25 19:30:30,946 [INFO] httpx: HTTP Request: GET https://queue.fal.run/rundiffusion-fal/juggernaut-flux-lora/requests/019f9a8a-8bb4-72f2-a110-3d25879ee97a/status?logs=false "HTTP/1.1 202 Accepted"
2026-07-25 19:30:31,302 [INFO] httpx: HTTP Request: GET https://queue.fal.run/rundiffusion-fal/juggernaut-flux-lora/requests/019f9a8a-8bb4-72f2-a110-3d25879ee97a/status?logs=false "HTTP/1.1 202 Accepted"
2026-07-25 19:30:31,640 [INFO] httpx: HTTP Request: GET https://queue.fal.run/rundiffusion-fal/juggernaut-flux-lora/requests/019f9a8a-8bb4-72f2-a110-3d25879ee97a/status?logs=false "HTTP/1.1 202 Accepted"
2026-07-25 19:30:31,993 [INFO] httpx: HTTP Request: GET https://queue.fal.run/rundiffusion-fal/juggernaut-flux-lora/requests/019f9a8a-8bb4-72f2-a110-3d25879ee97a/status?logs=false "HTTP/1.1 202 Accepted"
2026-07-25 19:30:32,342 [INFO] httpx: HTTP Request: GET https://queue.fal.run/rundiffusion-fal/juggernaut-flux-lora/requests/019f9a8a-8bb4-72f2-a110-3d25879ee97a/status?logs=false "HTTP/1.1 202 Accepted"
2026-07-25 19:30:32,699 [INFO] httpx: HTTP Request: GET https://queue.fal.run/rundiffusion-fal/juggernaut-flux-lora/requests/019f9a8a-8bb4-72f2-a110-3d25879ee97a/status?logs=false "HTTP/1.1 202 Accepted"
2026-07-25 19:30:33,057 [INFO] httpx: HTTP Request: GET https://queue.fal.run/rundiffusion-fal/juggernaut-flux-lora/requests/019f9a8a-8bb4-72f2-a110-3d25879ee97a/status?logs=false "HTTP/1.1 202 Accepted"
2026-07-25 19:30:33,408 [INFO] httpx: HTTP Request: GET https://queue.fal.run/rundiffusion-fal/juggernaut-flux-lora/requests/019f9a8a-8bb4-72f2-a110-3d25879ee97a/status?logs=false "HTTP/1.1 202 Accepted"
2026-07-25 19:30:33,759 [INFO] httpx: HTTP Request: GET https://queue.fal.run/rundiffusion-fal/juggernaut-flux-lora/requests/019f9a8a-8bb4-72f2-a110-3d25879ee97a/status?logs=false "HTTP/1.1 202 Accepted"
2026-07-25 19:30:34,123 [INFO] httpx: HTTP Request: GET https://queue.fal.run/rundiffusion-fal/juggernaut-flux-lora/requests/019f9a8a-8bb4-72f2-a110-3d25879ee97a/status?logs=false "HTTP/1.1 202 Accepted"
2026-07-25 19:30:34,487 [INFO] httpx: HTTP Request: GET https://queue.fal.run/rundiffusion-fal/juggernaut-flux-lora/requests/019f9a8a-8bb4-72f2-a110-3d25879ee97a/status?logs=false "HTTP/1.1 202 Accepted"
2026-07-25 19:30:34,846 [INFO] httpx: HTTP Request: GET https://queue.fal.run/rundiffusion-fal/juggernaut-flux-lora/requests/019f9a8a-8bb4-72f2-a110-3d25879ee97a/status?logs=false "HTTP/1.1 202 Accepted"
2026-07-25 19:30:35,198 [INFO] httpx: HTTP Request: GET https://queue.fal.run/rundiffusion-fal/juggernaut-flux-lora/requests/019f9a8a-8bb4-72f2-a110-3d25879ee97a/status?logs=false "HTTP/1.1 202 Accepted"
2026-07-25 19:30:35,558 [INFO] httpx: HTTP Request: GET https://queue.fal.run/rundiffusion-fal/juggernaut-flux-lora/requests/019f9a8a-8bb4-72f2-a110-3d25879ee97a/status?logs=false "HTTP/1.1 202 Accepted"
2026-07-25 19:30:35,912 [INFO] httpx: HTTP Request: GET https://queue.fal.run/rundiffusion-fal/juggernaut-flux-lora/requests/019f9a8a-8bb4-72f2-a110-3d25879ee97a/status?logs=false "HTTP/1.1 202 Accepted"
2026-07-25 19:30:36,270 [INFO] httpx: HTTP Request: GET https://queue.fal.run/rundiffusion-fal/juggernaut-flux-lora/requests/019f9a8a-8bb4-72f2-a110-3d25879ee97a/status?logs=false "HTTP/1.1 202 Accepted"
2026-07-25 19:30:36,632 [INFO] httpx: HTTP Request: GET https://queue.fal.run/rundiffusion-fal/juggernaut-flux-lora/requests/019f9a8a-8bb4-72f2-a110-3d25879ee97a/status?logs=false "HTTP/1.1 202 Accepted"
2026-07-25 19:30:36,994 [INFO] httpx: HTTP Request: GET https://queue.fal.run/rundiffusion-fal/juggernaut-flux-lora/requests/019f9a8a-8bb4-72f2-a110-3d25879ee97a/status?logs=false "HTTP/1.1 202 Accepted"
2026-07-25 19:30:37,365 [INFO] httpx: HTTP Request: GET https://queue.fal.run/rundiffusion-fal/juggernaut-flux-lora/requests/019f9a8a-8bb4-72f2-a110-3d25879ee97a/status?logs=false "HTTP/1.1 202 Accepted"
2026-07-25 19:30:37,740 [INFO] httpx: HTTP Request: GET https://queue.fal.run/rundiffusion-fal/juggernaut-flux-lora/requests/019f9a8a-8bb4-72f2-a110-3d25879ee97a/status?logs=false "HTTP/1.1 202 Accepted"
2026-07-25 19:30:38,099 [INFO] httpx: HTTP Request: GET https://queue.fal.run/rundiffusion-fal/juggernaut-flux-lora/requests/019f9a8a-8bb4-72f2-a110-3d25879ee97a/status?logs=false "HTTP/1.1 202 Accepted"
2026-07-25 19:30:38,464 [INFO] httpx: HTTP Request: GET https://queue.fal.run/rundiffusion-fal/juggernaut-flux-lora/requests/019f9a8a-8bb4-72f2-a110-3d25879ee97a/status?logs=false "HTTP/1.1 202 Accepted"
2026-07-25 19:30:38,822 [INFO] httpx: HTTP Request: GET https://queue.fal.run/rundiffusion-fal/juggernaut-flux-lora/requests/019f9a8a-8bb4-72f2-a110-3d25879ee97a/status?logs=false "HTTP/1.1 202 Accepted"
2026-07-25 19:30:39,183 [INFO] httpx: HTTP Request: GET https://queue.fal.run/rundiffusion-fal/juggernaut-flux-lora/requests/019f9a8a-8bb4-72f2-a110-3d25879ee97a/status?logs=false "HTTP/1.1 202 Accepted"
2026-07-25 19:30:39,546 [INFO] httpx: HTTP Request: GET https://queue.fal.run/rundiffusion-fal/juggernaut-flux-lora/requests/019f9a8a-8bb4-72f2-a110-3d25879ee97a/status?logs=false "HTTP/1.1 202 Accepted"
2026-07-25 19:30:39,906 [INFO] httpx: HTTP Request: GET https://queue.fal.run/rundiffusion-fal/juggernaut-flux-lora/requests/019f9a8a-8bb4-72f2-a110-3d25879ee97a/status?logs=false "HTTP/1.1 202 Accepted"
2026-07-25 19:30:40,267 [INFO] httpx: HTTP Request: GET https://queue.fal.run/rundiffusion-fal/juggernaut-flux-lora/requests/019f9a8a-8bb4-72f2-a110-3d25879ee97a/status?logs=false "HTTP/1.1 202 Accepted"
2026-07-25 19:30:40,616 [INFO] httpx: HTTP Request: GET https://queue.fal.run/rundiffusion-fal/juggernaut-flux-lora/requests/019f9a8a-8bb4-72f2-a110-3d25879ee97a/status?logs=false "HTTP/1.1 202 Accepted"
2026-07-25 19:30:40,976 [INFO] httpx: HTTP Request: GET https://queue.fal.run/rundiffusion-fal/juggernaut-flux-lora/requests/019f9a8a-8bb4-72f2-a110-3d25879ee97a/status?logs=false "HTTP/1.1 202 Accepted"
2026-07-25 19:30:41,335 [INFO] httpx: HTTP Request: GET https://queue.fal.run/rundiffusion-fal/juggernaut-flux-lora/requests/019f9a8a-8bb4-72f2-a110-3d25879ee97a/status?logs=false "HTTP/1.1 202 Accepted"
2026-07-25 19:30:41,700 [INFO] httpx: HTTP Request: GET https://queue.fal.run/rundiffusion-fal/juggernaut-flux-lora/requests/019f9a8a-8bb4-72f2-a110-3d25879ee97a/status?logs=false "HTTP/1.1 202 Accepted"
2026-07-25 19:30:42,050 [INFO] httpx: HTTP Request: GET https://queue.fal.run/rundiffusion-fal/juggernaut-flux-lora/requests/019f9a8a-8bb4-72f2-a110-3d25879ee97a/status?logs=false "HTTP/1.1 202 Accepted"
2026-07-25 19:30:42,408 [INFO] httpx: HTTP Request: GET https://queue.fal.run/rundiffusion-fal/juggernaut-flux-lora/requests/019f9a8a-8bb4-72f2-a110-3d25879ee97a/status?logs=false "HTTP/1.1 202 Accepted"
2026-07-25 19:30:42,774 [INFO] httpx: HTTP Request: GET https://queue.fal.run/rundiffusion-fal/juggernaut-flux-lora/requests/019f9a8a-8bb4-72f2-a110-3d25879ee97a/status?logs=false "HTTP/1.1 202 Accepted"
2026-07-25 19:30:43,130 [INFO] httpx: HTTP Request: GET https://queue.fal.run/rundiffusion-fal/juggernaut-flux-lora/requests/019f9a8a-8bb4-72f2-a110-3d25879ee97a/status?logs=false "HTTP/1.1 202 Accepted"
2026-07-25 19:30:43,488 [INFO] httpx: HTTP Request: GET https://queue.fal.run/rundiffusion-fal/juggernaut-flux-lora/requests/019f9a8a-8bb4-72f2-a110-3d25879ee97a/status?logs=false "HTTP/1.1 202 Accepted"
2026-07-25 19:30:43,845 [INFO] httpx: HTTP Request: GET https://queue.fal.run/rundiffusion-fal/juggernaut-flux-lora/requests/019f9a8a-8bb4-72f2-a110-3d25879ee97a/status?logs=false "HTTP/1.1 202 Accepted"
2026-07-25 19:30:44,206 [INFO] httpx: HTTP Request: GET https://queue.fal.run/rundiffusion-fal/juggernaut-flux-lora/requests/019f9a8a-8bb4-72f2-a110-3d25879ee97a/status?logs=false "HTTP/1.1 202 Accepted"
2026-07-25 19:30:44,564 [INFO] httpx: HTTP Request: GET https://queue.fal.run/rundiffusion-fal/juggernaut-flux-lora/requests/019f9a8a-8bb4-72f2-a110-3d25879ee97a/status?logs=false "HTTP/1.1 202 Accepted"
2026-07-25 19:30:44,923 [INFO] httpx: HTTP Request: GET https://queue.fal.run/rundiffusion-fal/juggernaut-flux-lora/requests/019f9a8a-8bb4-72f2-a110-3d25879ee97a/status?logs=false "HTTP/1.1 202 Accepted"
2026-07-25 19:30:45,279 [INFO] httpx: HTTP Request: GET https://queue.fal.run/rundiffusion-fal/juggernaut-flux-lora/requests/019f9a8a-8bb4-72f2-a110-3d25879ee97a/status?logs=false "HTTP/1.1 202 Accepted"
2026-07-25 19:30:45,640 [INFO] httpx: HTTP Request: GET https://queue.fal.run/rundiffusion-fal/juggernaut-flux-lora/requests/019f9a8a-8bb4-72f2-a110-3d25879ee97a/status?logs=false "HTTP/1.1 202 Accepted"
2026-07-25 19:30:46,013 [INFO] httpx: HTTP Request: GET https://queue.fal.run/rundiffusion-fal/juggernaut-flux-lora/requests/019f9a8a-8bb4-72f2-a110-3d25879ee97a/status?logs=false "HTTP/1.1 202 Accepted"
2026-07-25 19:30:46,374 [INFO] httpx: HTTP Request: GET https://queue.fal.run/rundiffusion-fal/juggernaut-flux-lora/requests/019f9a8a-8bb4-72f2-a110-3d25879ee97a/status?logs=false "HTTP/1.1 202 Accepted"
2026-07-25 19:30:46,732 [INFO] httpx: HTTP Request: GET https://queue.fal.run/rundiffusion-fal/juggernaut-flux-lora/requests/019f9a8a-8bb4-72f2-a110-3d25879ee97a/status?logs=false "HTTP/1.1 202 Accepted"
2026-07-25 19:30:47,080 [INFO] httpx: HTTP Request: GET https://queue.fal.run/rundiffusion-fal/juggernaut-flux-lora/requests/019f9a8a-8bb4-72f2-a110-3d25879ee97a/status?logs=false "HTTP/1.1 202 Accepted"
2026-07-25 19:30:47,441 [INFO] httpx: HTTP Request: GET https://queue.fal.run/rundiffusion-fal/juggernaut-flux-lora/requests/019f9a8a-8bb4-72f2-a110-3d25879ee97a/status?logs=false "HTTP/1.1 202 Accepted"
2026-07-25 19:30:47,799 [INFO] httpx: HTTP Request: GET https://queue.fal.run/rundiffusion-fal/juggernaut-flux-lora/requests/019f9a8a-8bb4-72f2-a110-3d25879ee97a/status?logs=false "HTTP/1.1 202 Accepted"
2026-07-25 19:30:48,166 [INFO] httpx: HTTP Request: GET https://queue.fal.run/rundiffusion-fal/juggernaut-flux-lora/requests/019f9a8a-8bb4-72f2-a110-3d25879ee97a/status?logs=false "HTTP/1.1 202 Accepted"
2026-07-25 19:30:48,530 [INFO] httpx: HTTP Request: GET https://queue.fal.run/rundiffusion-fal/juggernaut-flux-lora/requests/019f9a8a-8bb4-72f2-a110-3d25879ee97a/status?logs=false "HTTP/1.1 202 Accepted"
2026-07-25 19:30:48,889 [INFO] httpx: HTTP Request: GET https://queue.fal.run/rundiffusion-fal/juggernaut-flux-lora/requests/019f9a8a-8bb4-72f2-a110-3d25879ee97a/status?logs=false "HTTP/1.1 202 Accepted"
2026-07-25 19:30:49,250 [INFO] httpx: HTTP Request: GET https://queue.fal.run/rundiffusion-fal/juggernaut-flux-lora/requests/019f9a8a-8bb4-72f2-a110-3d25879ee97a/status?logs=false "HTTP/1.1 202 Accepted"
2026-07-25 19:30:49,613 [INFO] httpx: HTTP Request: GET https://queue.fal.run/rundiffusion-fal/juggernaut-flux-lora/requests/019f9a8a-8bb4-72f2-a110-3d25879ee97a/status?logs=false "HTTP/1.1 202 Accepted"
2026-07-25 19:30:49,983 [INFO] httpx: HTTP Request: GET https://queue.fal.run/rundiffusion-fal/juggernaut-flux-lora/requests/019f9a8a-8bb4-72f2-a110-3d25879ee97a/status?logs=false "HTTP/1.1 202 Accepted"
2026-07-25 19:30:50,360 [INFO] httpx: HTTP Request: GET https://queue.fal.run/rundiffusion-fal/juggernaut-flux-lora/requests/019f9a8a-8bb4-72f2-a110-3d25879ee97a/status?logs=false "HTTP/1.1 202 Accepted"
2026-07-25 19:30:50,719 [INFO] httpx: HTTP Request: GET https://queue.fal.run/rundiffusion-fal/juggernaut-flux-lora/requests/019f9a8a-8bb4-72f2-a110-3d25879ee97a/status?logs=false "HTTP/1.1 202 Accepted"
2026-07-25 19:30:51,080 [INFO] httpx: HTTP Request: GET https://queue.fal.run/rundiffusion-fal/juggernaut-flux-lora/requests/019f9a8a-8bb4-72f2-a110-3d25879ee97a/status?logs=false "HTTP/1.1 202 Accepted"
2026-07-25 19:30:51,443 [INFO] httpx: HTTP Request: GET https://queue.fal.run/rundiffusion-fal/juggernaut-flux-lora/requests/019f9a8a-8bb4-72f2-a110-3d25879ee97a/status?logs=false "HTTP/1.1 202 Accepted"
2026-07-25 19:30:51,804 [INFO] httpx: HTTP Request: GET https://queue.fal.run/rundiffusion-fal/juggernaut-flux-lora/requests/019f9a8a-8bb4-72f2-a110-3d25879ee97a/status?logs=false "HTTP/1.1 202 Accepted"
2026-07-25 19:30:52,173 [INFO] httpx: HTTP Request: GET https://queue.fal.run/rundiffusion-fal/juggernaut-flux-lora/requests/019f9a8a-8bb4-72f2-a110-3d25879ee97a/status?logs=false "HTTP/1.1 202 Accepted"
2026-07-25 19:30:52,531 [INFO] httpx: HTTP Request: GET https://queue.fal.run/rundiffusion-fal/juggernaut-flux-lora/requests/019f9a8a-8bb4-72f2-a110-3d25879ee97a/status?logs=false "HTTP/1.1 202 Accepted"
2026-07-25 19:30:52,892 [INFO] httpx: HTTP Request: GET https://queue.fal.run/rundiffusion-fal/juggernaut-flux-lora/requests/019f9a8a-8bb4-72f2-a110-3d25879ee97a/status?logs=false "HTTP/1.1 202 Accepted"
2026-07-25 19:30:53,242 [INFO] httpx: HTTP Request: GET https://queue.fal.run/rundiffusion-fal/juggernaut-flux-lora/requests/019f9a8a-8bb4-72f2-a110-3d25879ee97a/status?logs=false "HTTP/1.1 202 Accepted"
2026-07-25 19:30:53,602 [INFO] httpx: HTTP Request: GET https://queue.fal.run/rundiffusion-fal/juggernaut-flux-lora/requests/019f9a8a-8bb4-72f2-a110-3d25879ee97a/status?logs=false "HTTP/1.1 202 Accepted"
2026-07-25 19:30:53,957 [INFO] httpx: HTTP Request: GET https://queue.fal.run/rundiffusion-fal/juggernaut-flux-lora/requests/019f9a8a-8bb4-72f2-a110-3d25879ee97a/status?logs=false "HTTP/1.1 202 Accepted"
2026-07-25 19:30:54,315 [INFO] httpx: HTTP Request: GET https://queue.fal.run/rundiffusion-fal/juggernaut-flux-lora/requests/019f9a8a-8bb4-72f2-a110-3d25879ee97a/status?logs=false "HTTP/1.1 202 Accepted"
2026-07-25 19:30:54,674 [INFO] httpx: HTTP Request: GET https://queue.fal.run/rundiffusion-fal/juggernaut-flux-lora/requests/019f9a8a-8bb4-72f2-a110-3d25879ee97a/status?logs=false "HTTP/1.1 202 Accepted"
2026-07-25 19:30:55,034 [INFO] httpx: HTTP Request: GET https://queue.fal.run/rundiffusion-fal/juggernaut-flux-lora/requests/019f9a8a-8bb4-72f2-a110-3d25879ee97a/status?logs=false "HTTP/1.1 202 Accepted"
2026-07-25 19:30:55,398 [INFO] httpx: HTTP Request: GET https://queue.fal.run/rundiffusion-fal/juggernaut-flux-lora/requests/019f9a8a-8bb4-72f2-a110-3d25879ee97a/status?logs=false "HTTP/1.1 202 Accepted"
2026-07-25 19:30:55,804 [INFO] httpx: HTTP Request: GET https://queue.fal.run/rundiffusion-fal/juggernaut-flux-lora/requests/019f9a8a-8bb4-72f2-a110-3d25879ee97a/status?logs=false "HTTP/1.1 202 Accepted"
2026-07-25 19:30:56,163 [INFO] httpx: HTTP Request: GET https://queue.fal.run/rundiffusion-fal/juggernaut-flux-lora/requests/019f9a8a-8bb4-72f2-a110-3d25879ee97a/status?logs=false "HTTP/1.1 202 Accepted"
2026-07-25 19:30:56,515 [INFO] httpx: HTTP Request: GET https://queue.fal.run/rundiffusion-fal/juggernaut-flux-lora/requests/019f9a8a-8bb4-72f2-a110-3d25879ee97a/status?logs=false "HTTP/1.1 202 Accepted"
2026-07-25 19:30:56,871 [INFO] httpx: HTTP Request: GET https://queue.fal.run/rundiffusion-fal/juggernaut-flux-lora/requests/019f9a8a-8bb4-72f2-a110-3d25879ee97a/status?logs=false "HTTP/1.1 202 Accepted"
2026-07-25 19:30:57,217 [INFO] httpx: HTTP Request: GET https://queue.fal.run/rundiffusion-fal/juggernaut-flux-lora/requests/019f9a8a-8bb4-72f2-a110-3d25879ee97a/status?logs=false "HTTP/1.1 202 Accepted"
2026-07-25 19:30:57,582 [INFO] httpx: HTTP Request: GET https://queue.fal.run/rundiffusion-fal/juggernaut-flux-lora/requests/019f9a8a-8bb4-72f2-a110-3d25879ee97a/status?logs=false "HTTP/1.1 202 Accepted"
2026-07-25 19:30:57,953 [INFO] httpx: HTTP Request: GET https://queue.fal.run/rundiffusion-fal/juggernaut-flux-lora/requests/019f9a8a-8bb4-72f2-a110-3d25879ee97a/status?logs=false "HTTP/1.1 202 Accepted"
2026-07-25 19:30:58,307 [INFO] httpx: HTTP Request: GET https://queue.fal.run/rundiffusion-fal/juggernaut-flux-lora/requests/019f9a8a-8bb4-72f2-a110-3d25879ee97a/status?logs=false "HTTP/1.1 202 Accepted"
2026-07-25 19:30:58,666 [INFO] httpx: HTTP Request: GET https://queue.fal.run/rundiffusion-fal/juggernaut-flux-lora/requests/019f9a8a-8bb4-72f2-a110-3d25879ee97a/status?logs=false "HTTP/1.1 202 Accepted"
2026-07-25 19:30:59,029 [INFO] httpx: HTTP Request: GET https://queue.fal.run/rundiffusion-fal/juggernaut-flux-lora/requests/019f9a8a-8bb4-72f2-a110-3d25879ee97a/status?logs=false "HTTP/1.1 202 Accepted"
2026-07-25 19:30:59,392 [INFO] httpx: HTTP Request: GET https://queue.fal.run/rundiffusion-fal/juggernaut-flux-lora/requests/019f9a8a-8bb4-72f2-a110-3d25879ee97a/status?logs=false "HTTP/1.1 202 Accepted"
2026-07-25 19:30:59,749 [INFO] httpx: HTTP Request: GET https://queue.fal.run/rundiffusion-fal/juggernaut-flux-lora/requests/019f9a8a-8bb4-72f2-a110-3d25879ee97a/status?logs=false "HTTP/1.1 202 Accepted"
2026-07-25 19:31:00,134 [INFO] httpx: HTTP Request: GET https://queue.fal.run/rundiffusion-fal/juggernaut-flux-lora/requests/019f9a8a-8bb4-72f2-a110-3d25879ee97a/status?logs=false "HTTP/1.1 202 Accepted"
2026-07-25 19:31:00,502 [INFO] httpx: HTTP Request: GET https://queue.fal.run/rundiffusion-fal/juggernaut-flux-lora/requests/019f9a8a-8bb4-72f2-a110-3d25879ee97a/status?logs=false "HTTP/1.1 202 Accepted"
2026-07-25 19:31:00,866 [INFO] httpx: HTTP Request: GET https://queue.fal.run/rundiffusion-fal/juggernaut-flux-lora/requests/019f9a8a-8bb4-72f2-a110-3d25879ee97a/status?logs=false "HTTP/1.1 202 Accepted"
2026-07-25 19:31:01,221 [INFO] httpx: HTTP Request: GET https://queue.fal.run/rundiffusion-fal/juggernaut-flux-lora/requests/019f9a8a-8bb4-72f2-a110-3d25879ee97a/status?logs=false "HTTP/1.1 202 Accepted"
2026-07-25 19:31:01,572 [INFO] httpx: HTTP Request: GET https://queue.fal.run/rundiffusion-fal/juggernaut-flux-lora/requests/019f9a8a-8bb4-72f2-a110-3d25879ee97a/status?logs=false "HTTP/1.1 202 Accepted"
2026-07-25 19:31:01,965 [INFO] httpx: HTTP Request: GET https://queue.fal.run/rundiffusion-fal/juggernaut-flux-lora/requests/019f9a8a-8bb4-72f2-a110-3d25879ee97a/status?logs=false "HTTP/1.1 202 Accepted"
2026-07-25 19:31:02,329 [INFO] httpx: HTTP Request: GET https://queue.fal.run/rundiffusion-fal/juggernaut-flux-lora/requests/019f9a8a-8bb4-72f2-a110-3d25879ee97a/status?logs=false "HTTP/1.1 202 Accepted"
2026-07-25 19:31:02,682 [INFO] httpx: HTTP Request: GET https://queue.fal.run/rundiffusion-fal/juggernaut-flux-lora/requests/019f9a8a-8bb4-72f2-a110-3d25879ee97a/status?logs=false "HTTP/1.1 202 Accepted"
2026-07-25 19:31:03,042 [INFO] httpx: HTTP Request: GET https://queue.fal.run/rundiffusion-fal/juggernaut-flux-lora/requests/019f9a8a-8bb4-72f2-a110-3d25879ee97a/status?logs=false "HTTP/1.1 202 Accepted"
2026-07-25 19:31:03,404 [INFO] httpx: HTTP Request: GET https://queue.fal.run/rundiffusion-fal/juggernaut-flux-lora/requests/019f9a8a-8bb4-72f2-a110-3d25879ee97a/status?logs=false "HTTP/1.1 202 Accepted"
2026-07-25 19:31:03,765 [INFO] httpx: HTTP Request: GET https://queue.fal.run/rundiffusion-fal/juggernaut-flux-lora/requests/019f9a8a-8bb4-72f2-a110-3d25879ee97a/status?logs=false "HTTP/1.1 202 Accepted"
2026-07-25 19:31:04,126 [INFO] httpx: HTTP Request: GET https://queue.fal.run/rundiffusion-fal/juggernaut-flux-lora/requests/019f9a8a-8bb4-72f2-a110-3d25879ee97a/status?logs=false "HTTP/1.1 202 Accepted"
2026-07-25 19:31:04,483 [INFO] httpx: HTTP Request: GET https://queue.fal.run/rundiffusion-fal/juggernaut-flux-lora/requests/019f9a8a-8bb4-72f2-a110-3d25879ee97a/status?logs=false "HTTP/1.1 202 Accepted"
2026-07-25 19:31:04,838 [INFO] httpx: HTTP Request: GET https://queue.fal.run/rundiffusion-fal/juggernaut-flux-lora/requests/019f9a8a-8bb4-72f2-a110-3d25879ee97a/status?logs=false "HTTP/1.1 202 Accepted"
2026-07-25 19:31:05,202 [INFO] httpx: HTTP Request: GET https://queue.fal.run/rundiffusion-fal/juggernaut-flux-lora/requests/019f9a8a-8bb4-72f2-a110-3d25879ee97a/status?logs=false "HTTP/1.1 202 Accepted"
2026-07-25 19:31:05,574 [INFO] httpx: HTTP Request: GET https://queue.fal.run/rundiffusion-fal/juggernaut-flux-lora/requests/019f9a8a-8bb4-72f2-a110-3d25879ee97a/status?logs=false "HTTP/1.1 202 Accepted"
2026-07-25 19:31:05,930 [INFO] httpx: HTTP Request: GET https://queue.fal.run/rundiffusion-fal/juggernaut-flux-lora/requests/019f9a8a-8bb4-72f2-a110-3d25879ee97a/status?logs=false "HTTP/1.1 202 Accepted"
2026-07-25 19:31:06,291 [INFO] httpx: HTTP Request: GET https://queue.fal.run/rundiffusion-fal/juggernaut-flux-lora/requests/019f9a8a-8bb4-72f2-a110-3d25879ee97a/status?logs=false "HTTP/1.1 202 Accepted"
2026-07-25 19:31:06,642 [INFO] httpx: HTTP Request: GET https://queue.fal.run/rundiffusion-fal/juggernaut-flux-lora/requests/019f9a8a-8bb4-72f2-a110-3d25879ee97a/status?logs=false "HTTP/1.1 202 Accepted"
2026-07-25 19:31:06,998 [INFO] httpx: HTTP Request: GET https://queue.fal.run/rundiffusion-fal/juggernaut-flux-lora/requests/019f9a8a-8bb4-72f2-a110-3d25879ee97a/status?logs=false "HTTP/1.1 202 Accepted"
2026-07-25 19:31:07,348 [INFO] httpx: HTTP Request: GET https://queue.fal.run/rundiffusion-fal/juggernaut-flux-lora/requests/019f9a8a-8bb4-72f2-a110-3d25879ee97a/status?logs=false "HTTP/1.1 202 Accepted"
2026-07-25 19:31:07,705 [INFO] httpx: HTTP Request: GET https://queue.fal.run/rundiffusion-fal/juggernaut-flux-lora/requests/019f9a8a-8bb4-72f2-a110-3d25879ee97a/status?logs=false "HTTP/1.1 202 Accepted"
2026-07-25 19:31:08,063 [INFO] httpx: HTTP Request: GET https://queue.fal.run/rundiffusion-fal/juggernaut-flux-lora/requests/019f9a8a-8bb4-72f2-a110-3d25879ee97a/status?logs=false "HTTP/1.1 202 Accepted"
2026-07-25 19:31:08,399 [INFO] httpx: HTTP Request: GET https://queue.fal.run/rundiffusion-fal/juggernaut-flux-lora/requests/019f9a8a-8bb4-72f2-a110-3d25879ee97a/status?logs=false "HTTP/1.1 202 Accepted"
2026-07-25 19:31:08,759 [INFO] httpx: HTTP Request: GET https://queue.fal.run/rundiffusion-fal/juggernaut-flux-lora/requests/019f9a8a-8bb4-72f2-a110-3d25879ee97a/status?logs=false "HTTP/1.1 202 Accepted"
2026-07-25 19:31:09,118 [INFO] httpx: HTTP Request: GET https://queue.fal.run/rundiffusion-fal/juggernaut-flux-lora/requests/019f9a8a-8bb4-72f2-a110-3d25879ee97a/status?logs=false "HTTP/1.1 202 Accepted"
2026-07-25 19:31:09,478 [INFO] httpx: HTTP Request: GET https://queue.fal.run/rundiffusion-fal/juggernaut-flux-lora/requests/019f9a8a-8bb4-72f2-a110-3d25879ee97a/status?logs=false "HTTP/1.1 202 Accepted"
2026-07-25 19:31:09,821 [INFO] httpx: HTTP Request: GET https://queue.fal.run/rundiffusion-fal/juggernaut-flux-lora/requests/019f9a8a-8bb4-72f2-a110-3d25879ee97a/status?logs=false "HTTP/1.1 202 Accepted"
2026-07-25 19:31:10,169 [INFO] httpx: HTTP Request: GET https://queue.fal.run/rundiffusion-fal/juggernaut-flux-lora/requests/019f9a8a-8bb4-72f2-a110-3d25879ee97a/status?logs=false "HTTP/1.1 202 Accepted"
2026-07-25 19:31:10,531 [INFO] httpx: HTTP Request: GET https://queue.fal.run/rundiffusion-fal/juggernaut-flux-lora/requests/019f9a8a-8bb4-72f2-a110-3d25879ee97a/status?logs=false "HTTP/1.1 202 Accepted"
2026-07-25 19:31:10,887 [INFO] httpx: HTTP Request: GET https://queue.fal.run/rundiffusion-fal/juggernaut-flux-lora/requests/019f9a8a-8bb4-72f2-a110-3d25879ee97a/status?logs=false "HTTP/1.1 202 Accepted"
2026-07-25 19:31:11,247 [INFO] httpx: HTTP Request: GET https://queue.fal.run/rundiffusion-fal/juggernaut-flux-lora/requests/019f9a8a-8bb4-72f2-a110-3d25879ee97a/status?logs=false "HTTP/1.1 202 Accepted"
2026-07-25 19:31:11,608 [INFO] httpx: HTTP Request: GET https://queue.fal.run/rundiffusion-fal/juggernaut-flux-lora/requests/019f9a8a-8bb4-72f2-a110-3d25879ee97a/status?logs=false "HTTP/1.1 202 Accepted"
2026-07-25 19:31:11,954 [INFO] httpx: HTTP Request: GET https://queue.fal.run/rundiffusion-fal/juggernaut-flux-lora/requests/019f9a8a-8bb4-72f2-a110-3d25879ee97a/status?logs=false "HTTP/1.1 202 Accepted"
2026-07-25 19:31:12,314 [INFO] httpx: HTTP Request: GET https://queue.fal.run/rundiffusion-fal/juggernaut-flux-lora/requests/019f9a8a-8bb4-72f2-a110-3d25879ee97a/status?logs=false "HTTP/1.1 202 Accepted"
2026-07-25 19:31:12,671 [INFO] httpx: HTTP Request: GET https://queue.fal.run/rundiffusion-fal/juggernaut-flux-lora/requests/019f9a8a-8bb4-72f2-a110-3d25879ee97a/status?logs=false "HTTP/1.1 202 Accepted"
2026-07-25 19:31:13,037 [INFO] httpx: HTTP Request: GET https://queue.fal.run/rundiffusion-fal/juggernaut-flux-lora/requests/019f9a8a-8bb4-72f2-a110-3d25879ee97a/status?logs=false "HTTP/1.1 202 Accepted"
2026-07-25 19:31:13,395 [INFO] httpx: HTTP Request: GET https://queue.fal.run/rundiffusion-fal/juggernaut-flux-lora/requests/019f9a8a-8bb4-72f2-a110-3d25879ee97a/status?logs=false "HTTP/1.1 202 Accepted"
2026-07-25 19:31:13,754 [INFO] httpx: HTTP Request: GET https://queue.fal.run/rundiffusion-fal/juggernaut-flux-lora/requests/019f9a8a-8bb4-72f2-a110-3d25879ee97a/status?logs=false "HTTP/1.1 202 Accepted"
2026-07-25 19:31:14,113 [INFO] httpx: HTTP Request: GET https://queue.fal.run/rundiffusion-fal/juggernaut-flux-lora/requests/019f9a8a-8bb4-72f2-a110-3d25879ee97a/status?logs=false "HTTP/1.1 202 Accepted"
2026-07-25 19:31:14,472 [INFO] httpx: HTTP Request: GET https://queue.fal.run/rundiffusion-fal/juggernaut-flux-lora/requests/019f9a8a-8bb4-72f2-a110-3d25879ee97a/status?logs=false "HTTP/1.1 202 Accepted"
2026-07-25 19:31:14,822 [INFO] httpx: HTTP Request: GET https://queue.fal.run/rundiffusion-fal/juggernaut-flux-lora/requests/019f9a8a-8bb4-72f2-a110-3d25879ee97a/status?logs=false "HTTP/1.1 202 Accepted"
2026-07-25 19:31:15,164 [INFO] httpx: HTTP Request: GET https://queue.fal.run/rundiffusion-fal/juggernaut-flux-lora/requests/019f9a8a-8bb4-72f2-a110-3d25879ee97a/status?logs=false "HTTP/1.1 202 Accepted"
2026-07-25 19:31:15,522 [INFO] httpx: HTTP Request: GET https://queue.fal.run/rundiffusion-fal/juggernaut-flux-lora/requests/019f9a8a-8bb4-72f2-a110-3d25879ee97a/status?logs=false "HTTP/1.1 202 Accepted"
2026-07-25 19:31:15,899 [INFO] httpx: HTTP Request: GET https://queue.fal.run/rundiffusion-fal/juggernaut-flux-lora/requests/019f9a8a-8bb4-72f2-a110-3d25879ee97a/status?logs=false "HTTP/1.1 202 Accepted"
2026-07-25 19:31:16,264 [INFO] httpx: HTTP Request: GET https://queue.fal.run/rundiffusion-fal/juggernaut-flux-lora/requests/019f9a8a-8bb4-72f2-a110-3d25879ee97a/status?logs=false "HTTP/1.1 202 Accepted"
2026-07-25 19:31:16,621 [INFO] httpx: HTTP Request: GET https://queue.fal.run/rundiffusion-fal/juggernaut-flux-lora/requests/019f9a8a-8bb4-72f2-a110-3d25879ee97a/status?logs=false "HTTP/1.1 202 Accepted"
2026-07-25 19:31:16,967 [INFO] httpx: HTTP Request: GET https://queue.fal.run/rundiffusion-fal/juggernaut-flux-lora/requests/019f9a8a-8bb4-72f2-a110-3d25879ee97a/status?logs=false "HTTP/1.1 202 Accepted"
2026-07-25 19:31:17,315 [INFO] httpx: HTTP Request: GET https://queue.fal.run/rundiffusion-fal/juggernaut-flux-lora/requests/019f9a8a-8bb4-72f2-a110-3d25879ee97a/status?logs=false "HTTP/1.1 202 Accepted"
2026-07-25 19:31:17,683 [INFO] httpx: HTTP Request: GET https://queue.fal.run/rundiffusion-fal/juggernaut-flux-lora/requests/019f9a8a-8bb4-72f2-a110-3d25879ee97a/status?logs=false "HTTP/1.1 202 Accepted"
2026-07-25 19:31:18,041 [INFO] httpx: HTTP Request: GET https://queue.fal.run/rundiffusion-fal/juggernaut-flux-lora/requests/019f9a8a-8bb4-72f2-a110-3d25879ee97a/status?logs=false "HTTP/1.1 202 Accepted"
2026-07-25 19:31:18,386 [INFO] httpx: HTTP Request: GET https://queue.fal.run/rundiffusion-fal/juggernaut-flux-lora/requests/019f9a8a-8bb4-72f2-a110-3d25879ee97a/status?logs=false "HTTP/1.1 202 Accepted"
2026-07-25 19:31:18,740 [INFO] httpx: HTTP Request: GET https://queue.fal.run/rundiffusion-fal/juggernaut-flux-lora/requests/019f9a8a-8bb4-72f2-a110-3d25879ee97a/status?logs=false "HTTP/1.1 202 Accepted"
2026-07-25 19:31:19,092 [INFO] httpx: HTTP Request: GET https://queue.fal.run/rundiffusion-fal/juggernaut-flux-lora/requests/019f9a8a-8bb4-72f2-a110-3d25879ee97a/status?logs=false "HTTP/1.1 202 Accepted"
2026-07-25 19:31:19,453 [INFO] httpx: HTTP Request: GET https://queue.fal.run/rundiffusion-fal/juggernaut-flux-lora/requests/019f9a8a-8bb4-72f2-a110-3d25879ee97a/status?logs=false "HTTP/1.1 202 Accepted"
2026-07-25 19:31:19,828 [INFO] httpx: HTTP Request: GET https://queue.fal.run/rundiffusion-fal/juggernaut-flux-lora/requests/019f9a8a-8bb4-72f2-a110-3d25879ee97a/status?logs=false "HTTP/1.1 202 Accepted"
2026-07-25 19:31:20,187 [INFO] httpx: HTTP Request: GET https://queue.fal.run/rundiffusion-fal/juggernaut-flux-lora/requests/019f9a8a-8bb4-72f2-a110-3d25879ee97a/status?logs=false "HTTP/1.1 202 Accepted"
2026-07-25 19:31:20,551 [INFO] httpx: HTTP Request: GET https://queue.fal.run/rundiffusion-fal/juggernaut-flux-lora/requests/019f9a8a-8bb4-72f2-a110-3d25879ee97a/status?logs=false "HTTP/1.1 202 Accepted"
2026-07-25 19:31:20,907 [INFO] httpx: HTTP Request: GET https://queue.fal.run/rundiffusion-fal/juggernaut-flux-lora/requests/019f9a8a-8bb4-72f2-a110-3d25879ee97a/status?logs=false "HTTP/1.1 202 Accepted"
2026-07-25 19:31:21,247 [INFO] httpx: HTTP Request: GET https://queue.fal.run/rundiffusion-fal/juggernaut-flux-lora/requests/019f9a8a-8bb4-72f2-a110-3d25879ee97a/status?logs=false "HTTP/1.1 202 Accepted"
2026-07-25 19:31:21,620 [INFO] httpx: HTTP Request: GET https://queue.fal.run/rundiffusion-fal/juggernaut-flux-lora/requests/019f9a8a-8bb4-72f2-a110-3d25879ee97a/status?logs=false "HTTP/1.1 202 Accepted"
2026-07-25 19:31:21,987 [INFO] httpx: HTTP Request: GET https://queue.fal.run/rundiffusion-fal/juggernaut-flux-lora/requests/019f9a8a-8bb4-72f2-a110-3d25879ee97a/status?logs=false "HTTP/1.1 202 Accepted"
2026-07-25 19:31:22,344 [INFO] httpx: HTTP Request: GET https://queue.fal.run/rundiffusion-fal/juggernaut-flux-lora/requests/019f9a8a-8bb4-72f2-a110-3d25879ee97a/status?logs=false "HTTP/1.1 202 Accepted"
2026-07-25 19:31:22,707 [INFO] httpx: HTTP Request: GET https://queue.fal.run/rundiffusion-fal/juggernaut-flux-lora/requests/019f9a8a-8bb4-72f2-a110-3d25879ee97a/status?logs=false "HTTP/1.1 202 Accepted"
2026-07-25 19:31:23,064 [INFO] httpx: HTTP Request: GET https://queue.fal.run/rundiffusion-fal/juggernaut-flux-lora/requests/019f9a8a-8bb4-72f2-a110-3d25879ee97a/status?logs=false "HTTP/1.1 202 Accepted"
2026-07-25 19:31:23,424 [INFO] httpx: HTTP Request: GET https://queue.fal.run/rundiffusion-fal/juggernaut-flux-lora/requests/019f9a8a-8bb4-72f2-a110-3d25879ee97a/status?logs=false "HTTP/1.1 202 Accepted"
2026-07-25 19:31:23,797 [INFO] httpx: HTTP Request: GET https://queue.fal.run/rundiffusion-fal/juggernaut-flux-lora/requests/019f9a8a-8bb4-72f2-a110-3d25879ee97a/status?logs=false "HTTP/1.1 202 Accepted"
2026-07-25 19:31:24,157 [INFO] httpx: HTTP Request: GET https://queue.fal.run/rundiffusion-fal/juggernaut-flux-lora/requests/019f9a8a-8bb4-72f2-a110-3d25879ee97a/status?logs=false "HTTP/1.1 202 Accepted"
2026-07-25 19:31:24,516 [INFO] httpx: HTTP Request: GET https://queue.fal.run/rundiffusion-fal/juggernaut-flux-lora/requests/019f9a8a-8bb4-72f2-a110-3d25879ee97a/status?logs=false "HTTP/1.1 202 Accepted"
2026-07-25 19:31:24,887 [INFO] httpx: HTTP Request: GET https://queue.fal.run/rundiffusion-fal/juggernaut-flux-lora/requests/019f9a8a-8bb4-72f2-a110-3d25879ee97a/status?logs=false "HTTP/1.1 202 Accepted"
2026-07-25 19:31:25,237 [INFO] httpx: HTTP Request: GET https://queue.fal.run/rundiffusion-fal/juggernaut-flux-lora/requests/019f9a8a-8bb4-72f2-a110-3d25879ee97a/status?logs=false "HTTP/1.1 202 Accepted"
2026-07-25 19:31:25,593 [INFO] httpx: HTTP Request: GET https://queue.fal.run/rundiffusion-fal/juggernaut-flux-lora/requests/019f9a8a-8bb4-72f2-a110-3d25879ee97a/status?logs=false "HTTP/1.1 202 Accepted"
2026-07-25 19:31:25,982 [INFO] httpx: HTTP Request: GET https://queue.fal.run/rundiffusion-fal/juggernaut-flux-lora/requests/019f9a8a-8bb4-72f2-a110-3d25879ee97a/status?logs=false "HTTP/1.1 202 Accepted"
2026-07-25 19:31:26,332 [INFO] httpx: HTTP Request: GET https://queue.fal.run/rundiffusion-fal/juggernaut-flux-lora/requests/019f9a8a-8bb4-72f2-a110-3d25879ee97a/status?logs=false "HTTP/1.1 202 Accepted"
2026-07-25 19:31:26,689 [INFO] httpx: HTTP Request: GET https://queue.fal.run/rundiffusion-fal/juggernaut-flux-lora/requests/019f9a8a-8bb4-72f2-a110-3d25879ee97a/status?logs=false "HTTP/1.1 202 Accepted"
2026-07-25 19:31:27,056 [INFO] httpx: HTTP Request: GET https://queue.fal.run/rundiffusion-fal/juggernaut-flux-lora/requests/019f9a8a-8bb4-72f2-a110-3d25879ee97a/status?logs=false "HTTP/1.1 202 Accepted"
2026-07-25 19:31:27,408 [INFO] httpx: HTTP Request: GET https://queue.fal.run/rundiffusion-fal/juggernaut-flux-lora/requests/019f9a8a-8bb4-72f2-a110-3d25879ee97a/status?logs=false "HTTP/1.1 202 Accepted"
2026-07-25 19:31:27,768 [INFO] httpx: HTTP Request: GET https://queue.fal.run/rundiffusion-fal/juggernaut-flux-lora/requests/019f9a8a-8bb4-72f2-a110-3d25879ee97a/status?logs=false "HTTP/1.1 202 Accepted"
2026-07-25 19:31:28,132 [INFO] httpx: HTTP Request: GET https://queue.fal.run/rundiffusion-fal/juggernaut-flux-lora/requests/019f9a8a-8bb4-72f2-a110-3d25879ee97a/status?logs=false "HTTP/1.1 202 Accepted"
2026-07-25 19:31:28,495 [INFO] httpx: HTTP Request: GET https://queue.fal.run/rundiffusion-fal/juggernaut-flux-lora/requests/019f9a8a-8bb4-72f2-a110-3d25879ee97a/status?logs=false "HTTP/1.1 202 Accepted"
2026-07-25 19:31:28,868 [INFO] httpx: HTTP Request: GET https://queue.fal.run/rundiffusion-fal/juggernaut-flux-lora/requests/019f9a8a-8bb4-72f2-a110-3d25879ee97a/status?logs=false "HTTP/1.1 202 Accepted"
2026-07-25 19:31:29,228 [INFO] httpx: HTTP Request: GET https://queue.fal.run/rundiffusion-fal/juggernaut-flux-lora/requests/019f9a8a-8bb4-72f2-a110-3d25879ee97a/status?logs=false "HTTP/1.1 202 Accepted"
2026-07-25 19:31:29,591 [INFO] httpx: HTTP Request: GET https://queue.fal.run/rundiffusion-fal/juggernaut-flux-lora/requests/019f9a8a-8bb4-72f2-a110-3d25879ee97a/status?logs=false "HTTP/1.1 202 Accepted"
2026-07-25 19:31:29,927 [INFO] httpx: HTTP Request: GET https://queue.fal.run/rundiffusion-fal/juggernaut-flux-lora/requests/019f9a8a-8bb4-72f2-a110-3d25879ee97a/status?logs=false "HTTP/1.1 202 Accepted"
2026-07-25 19:31:30,297 [INFO] httpx: HTTP Request: GET https://queue.fal.run/rundiffusion-fal/juggernaut-flux-lora/requests/019f9a8a-8bb4-72f2-a110-3d25879ee97a/status?logs=false "HTTP/1.1 202 Accepted"
2026-07-25 19:31:30,635 [INFO] httpx: HTTP Request: GET https://queue.fal.run/rundiffusion-fal/juggernaut-flux-lora/requests/019f9a8a-8bb4-72f2-a110-3d25879ee97a/status?logs=false "HTTP/1.1 202 Accepted"
2026-07-25 19:31:30,991 [INFO] httpx: HTTP Request: GET https://queue.fal.run/rundiffusion-fal/juggernaut-flux-lora/requests/019f9a8a-8bb4-72f2-a110-3d25879ee97a/status?logs=false "HTTP/1.1 202 Accepted"
2026-07-25 19:31:31,337 [INFO] httpx: HTTP Request: GET https://queue.fal.run/rundiffusion-fal/juggernaut-flux-lora/requests/019f9a8a-8bb4-72f2-a110-3d25879ee97a/status?logs=false "HTTP/1.1 202 Accepted"
2026-07-25 19:31:31,694 [INFO] httpx: HTTP Request: GET https://queue.fal.run/rundiffusion-fal/juggernaut-flux-lora/requests/019f9a8a-8bb4-72f2-a110-3d25879ee97a/status?logs=false "HTTP/1.1 202 Accepted"
2026-07-25 19:31:32,048 [INFO] httpx: HTTP Request: GET https://queue.fal.run/rundiffusion-fal/juggernaut-flux-lora/requests/019f9a8a-8bb4-72f2-a110-3d25879ee97a/status?logs=false "HTTP/1.1 202 Accepted"
2026-07-25 19:31:32,406 [INFO] httpx: HTTP Request: GET https://queue.fal.run/rundiffusion-fal/juggernaut-flux-lora/requests/019f9a8a-8bb4-72f2-a110-3d25879ee97a/status?logs=false "HTTP/1.1 202 Accepted"
2026-07-25 19:31:32,748 [INFO] httpx: HTTP Request: GET https://queue.fal.run/rundiffusion-fal/juggernaut-flux-lora/requests/019f9a8a-8bb4-72f2-a110-3d25879ee97a/status?logs=false "HTTP/1.1 202 Accepted"
2026-07-25 19:31:33,103 [INFO] httpx: HTTP Request: GET https://queue.fal.run/rundiffusion-fal/juggernaut-flux-lora/requests/019f9a8a-8bb4-72f2-a110-3d25879ee97a/status?logs=false "HTTP/1.1 202 Accepted"
2026-07-25 19:31:33,463 [INFO] httpx: HTTP Request: GET https://queue.fal.run/rundiffusion-fal/juggernaut-flux-lora/requests/019f9a8a-8bb4-72f2-a110-3d25879ee97a/status?logs=false "HTTP/1.1 202 Accepted"
2026-07-25 19:31:33,821 [INFO] httpx: HTTP Request: GET https://queue.fal.run/rundiffusion-fal/juggernaut-flux-lora/requests/019f9a8a-8bb4-72f2-a110-3d25879ee97a/status?logs=false "HTTP/1.1 202 Accepted"
2026-07-25 19:31:34,181 [INFO] httpx: HTTP Request: GET https://queue.fal.run/rundiffusion-fal/juggernaut-flux-lora/requests/019f9a8a-8bb4-72f2-a110-3d25879ee97a/status?logs=false "HTTP/1.1 202 Accepted"
2026-07-25 19:31:34,539 [INFO] httpx: HTTP Request: GET https://queue.fal.run/rundiffusion-fal/juggernaut-flux-lora/requests/019f9a8a-8bb4-72f2-a110-3d25879ee97a/status?logs=false "HTTP/1.1 202 Accepted"
2026-07-25 19:31:34,889 [INFO] httpx: HTTP Request: GET https://queue.fal.run/rundiffusion-fal/juggernaut-flux-lora/requests/019f9a8a-8bb4-72f2-a110-3d25879ee97a/status?logs=false "HTTP/1.1 202 Accepted"
2026-07-25 19:31:35,240 [INFO] httpx: HTTP Request: GET https://queue.fal.run/rundiffusion-fal/juggernaut-flux-lora/requests/019f9a8a-8bb4-72f2-a110-3d25879ee97a/status?logs=false "HTTP/1.1 202 Accepted"
2026-07-25 19:31:35,603 [INFO] httpx: HTTP Request: GET https://queue.fal.run/rundiffusion-fal/juggernaut-flux-lora/requests/019f9a8a-8bb4-72f2-a110-3d25879ee97a/status?logs=false "HTTP/1.1 202 Accepted"
2026-07-25 19:31:35,964 [INFO] httpx: HTTP Request: GET https://queue.fal.run/rundiffusion-fal/juggernaut-flux-lora/requests/019f9a8a-8bb4-72f2-a110-3d25879ee97a/status?logs=false "HTTP/1.1 202 Accepted"
2026-07-25 19:31:36,325 [INFO] httpx: HTTP Request: GET https://queue.fal.run/rundiffusion-fal/juggernaut-flux-lora/requests/019f9a8a-8bb4-72f2-a110-3d25879ee97a/status?logs=false "HTTP/1.1 202 Accepted"
2026-07-25 19:31:36,682 [INFO] httpx: HTTP Request: GET https://queue.fal.run/rundiffusion-fal/juggernaut-flux-lora/requests/019f9a8a-8bb4-72f2-a110-3d25879ee97a/status?logs=false "HTTP/1.1 202 Accepted"
2026-07-25 19:31:37,140 [INFO] httpx: HTTP Request: GET https://queue.fal.run/rundiffusion-fal/juggernaut-flux-lora/requests/019f9a8a-8bb4-72f2-a110-3d25879ee97a/status?logs=false "HTTP/1.1 202 Accepted"
2026-07-25 19:31:37,469 [INFO] httpx: HTTP Request: GET https://queue.fal.run/rundiffusion-fal/juggernaut-flux-lora/requests/019f9a8a-8bb4-72f2-a110-3d25879ee97a/status?logs=false "HTTP/1.1 202 Accepted"
2026-07-25 19:31:37,836 [INFO] httpx: HTTP Request: GET https://queue.fal.run/rundiffusion-fal/juggernaut-flux-lora/requests/019f9a8a-8bb4-72f2-a110-3d25879ee97a/status?logs=false "HTTP/1.1 202 Accepted"
2026-07-25 19:31:38,212 [INFO] httpx: HTTP Request: GET https://queue.fal.run/rundiffusion-fal/juggernaut-flux-lora/requests/019f9a8a-8bb4-72f2-a110-3d25879ee97a/status?logs=false "HTTP/1.1 202 Accepted"
2026-07-25 19:31:38,579 [INFO] httpx: HTTP Request: GET https://queue.fal.run/rundiffusion-fal/juggernaut-flux-lora/requests/019f9a8a-8bb4-72f2-a110-3d25879ee97a/status?logs=false "HTTP/1.1 202 Accepted"
2026-07-25 19:31:38,938 [INFO] httpx: HTTP Request: GET https://queue.fal.run/rundiffusion-fal/juggernaut-flux-lora/requests/019f9a8a-8bb4-72f2-a110-3d25879ee97a/status?logs=false "HTTP/1.1 202 Accepted"
2026-07-25 19:31:39,294 [INFO] httpx: HTTP Request: GET https://queue.fal.run/rundiffusion-fal/juggernaut-flux-lora/requests/019f9a8a-8bb4-72f2-a110-3d25879ee97a/status?logs=false "HTTP/1.1 202 Accepted"
2026-07-25 19:31:39,657 [INFO] httpx: HTTP Request: GET https://queue.fal.run/rundiffusion-fal/juggernaut-flux-lora/requests/019f9a8a-8bb4-72f2-a110-3d25879ee97a/status?logs=false "HTTP/1.1 202 Accepted"
2026-07-25 19:31:40,012 [INFO] httpx: HTTP Request: GET https://queue.fal.run/rundiffusion-fal/juggernaut-flux-lora/requests/019f9a8a-8bb4-72f2-a110-3d25879ee97a/status?logs=false "HTTP/1.1 202 Accepted"
2026-07-25 19:31:40,370 [INFO] httpx: HTTP Request: GET https://queue.fal.run/rundiffusion-fal/juggernaut-flux-lora/requests/019f9a8a-8bb4-72f2-a110-3d25879ee97a/status?logs=false "HTTP/1.1 202 Accepted"
2026-07-25 19:31:40,730 [INFO] httpx: HTTP Request: GET https://queue.fal.run/rundiffusion-fal/juggernaut-flux-lora/requests/019f9a8a-8bb4-72f2-a110-3d25879ee97a/status?logs=false "HTTP/1.1 202 Accepted"
2026-07-25 19:31:41,078 [INFO] httpx: HTTP Request: GET https://queue.fal.run/rundiffusion-fal/juggernaut-flux-lora/requests/019f9a8a-8bb4-72f2-a110-3d25879ee97a/status?logs=false "HTTP/1.1 202 Accepted"
2026-07-25 19:31:41,419 [INFO] httpx: HTTP Request: GET https://queue.fal.run/rundiffusion-fal/juggernaut-flux-lora/requests/019f9a8a-8bb4-72f2-a110-3d25879ee97a/status?logs=false "HTTP/1.1 202 Accepted"
2026-07-25 19:31:41,777 [INFO] httpx: HTTP Request: GET https://queue.fal.run/rundiffusion-fal/juggernaut-flux-lora/requests/019f9a8a-8bb4-72f2-a110-3d25879ee97a/status?logs=false "HTTP/1.1 202 Accepted"
2026-07-25 19:31:42,137 [INFO] httpx: HTTP Request: GET https://queue.fal.run/rundiffusion-fal/juggernaut-flux-lora/requests/019f9a8a-8bb4-72f2-a110-3d25879ee97a/status?logs=false "HTTP/1.1 202 Accepted"
2026-07-25 19:31:42,496 [INFO] httpx: HTTP Request: GET https://queue.fal.run/rundiffusion-fal/juggernaut-flux-lora/requests/019f9a8a-8bb4-72f2-a110-3d25879ee97a/status?logs=false "HTTP/1.1 202 Accepted"
2026-07-25 19:31:42,856 [INFO] httpx: HTTP Request: GET https://queue.fal.run/rundiffusion-fal/juggernaut-flux-lora/requests/019f9a8a-8bb4-72f2-a110-3d25879ee97a/status?logs=false "HTTP/1.1 202 Accepted"
2026-07-25 19:31:43,215 [INFO] httpx: HTTP Request: GET https://queue.fal.run/rundiffusion-fal/juggernaut-flux-lora/requests/019f9a8a-8bb4-72f2-a110-3d25879ee97a/status?logs=false "HTTP/1.1 202 Accepted"
2026-07-25 19:31:43,578 [INFO] httpx: HTTP Request: GET https://queue.fal.run/rundiffusion-fal/juggernaut-flux-lora/requests/019f9a8a-8bb4-72f2-a110-3d25879ee97a/status?logs=false "HTTP/1.1 202 Accepted"
2026-07-25 19:31:43,932 [INFO] httpx: HTTP Request: GET https://queue.fal.run/rundiffusion-fal/juggernaut-flux-lora/requests/019f9a8a-8bb4-72f2-a110-3d25879ee97a/status?logs=false "HTTP/1.1 202 Accepted"
2026-07-25 19:31:44,288 [INFO] httpx: HTTP Request: GET https://queue.fal.run/rundiffusion-fal/juggernaut-flux-lora/requests/019f9a8a-8bb4-72f2-a110-3d25879ee97a/status?logs=false "HTTP/1.1 202 Accepted"
2026-07-25 19:31:44,654 [INFO] httpx: HTTP Request: GET https://queue.fal.run/rundiffusion-fal/juggernaut-flux-lora/requests/019f9a8a-8bb4-72f2-a110-3d25879ee97a/status?logs=false "HTTP/1.1 202 Accepted"
2026-07-25 19:31:45,013 [INFO] httpx: HTTP Request: GET https://queue.fal.run/rundiffusion-fal/juggernaut-flux-lora/requests/019f9a8a-8bb4-72f2-a110-3d25879ee97a/status?logs=false "HTTP/1.1 202 Accepted"
2026-07-25 19:31:45,354 [INFO] httpx: HTTP Request: GET https://queue.fal.run/rundiffusion-fal/juggernaut-flux-lora/requests/019f9a8a-8bb4-72f2-a110-3d25879ee97a/status?logs=false "HTTP/1.1 202 Accepted"
2026-07-25 19:31:45,711 [INFO] httpx: HTTP Request: GET https://queue.fal.run/rundiffusion-fal/juggernaut-flux-lora/requests/019f9a8a-8bb4-72f2-a110-3d25879ee97a/status?logs=false "HTTP/1.1 202 Accepted"
2026-07-25 19:31:46,065 [INFO] httpx: HTTP Request: GET https://queue.fal.run/rundiffusion-fal/juggernaut-flux-lora/requests/019f9a8a-8bb4-72f2-a110-3d25879ee97a/status?logs=false "HTTP/1.1 202 Accepted"
2026-07-25 19:31:46,423 [INFO] httpx: HTTP Request: GET https://queue.fal.run/rundiffusion-fal/juggernaut-flux-lora/requests/019f9a8a-8bb4-72f2-a110-3d25879ee97a/status?logs=false "HTTP/1.1 202 Accepted"
2026-07-25 19:31:46,781 [INFO] httpx: HTTP Request: GET https://queue.fal.run/rundiffusion-fal/juggernaut-flux-lora/requests/019f9a8a-8bb4-72f2-a110-3d25879ee97a/status?logs=false "HTTP/1.1 202 Accepted"
2026-07-25 19:31:47,142 [INFO] httpx: HTTP Request: GET https://queue.fal.run/rundiffusion-fal/juggernaut-flux-lora/requests/019f9a8a-8bb4-72f2-a110-3d25879ee97a/status?logs=false "HTTP/1.1 202 Accepted"
2026-07-25 19:31:47,495 [INFO] httpx: HTTP Request: GET https://queue.fal.run/rundiffusion-fal/juggernaut-flux-lora/requests/019f9a8a-8bb4-72f2-a110-3d25879ee97a/status?logs=false "HTTP/1.1 202 Accepted"
2026-07-25 19:31:47,850 [INFO] httpx: HTTP Request: GET https://queue.fal.run/rundiffusion-fal/juggernaut-flux-lora/requests/019f9a8a-8bb4-72f2-a110-3d25879ee97a/status?logs=false "HTTP/1.1 202 Accepted"
2026-07-25 19:31:48,205 [INFO] httpx: HTTP Request: GET https://queue.fal.run/rundiffusion-fal/juggernaut-flux-lora/requests/019f9a8a-8bb4-72f2-a110-3d25879ee97a/status?logs=false "HTTP/1.1 202 Accepted"
2026-07-25 19:31:48,557 [INFO] httpx: HTTP Request: GET https://queue.fal.run/rundiffusion-fal/juggernaut-flux-lora/requests/019f9a8a-8bb4-72f2-a110-3d25879ee97a/status?logs=false "HTTP/1.1 202 Accepted"
2026-07-25 19:31:48,916 [INFO] httpx: HTTP Request: GET https://queue.fal.run/rundiffusion-fal/juggernaut-flux-lora/requests/019f9a8a-8bb4-72f2-a110-3d25879ee97a/status?logs=false "HTTP/1.1 202 Accepted"
2026-07-25 19:31:49,264 [INFO] httpx: HTTP Request: GET https://queue.fal.run/rundiffusion-fal/juggernaut-flux-lora/requests/019f9a8a-8bb4-72f2-a110-3d25879ee97a/status?logs=false "HTTP/1.1 202 Accepted"
2026-07-25 19:31:49,613 [INFO] httpx: HTTP Request: GET https://queue.fal.run/rundiffusion-fal/juggernaut-flux-lora/requests/019f9a8a-8bb4-72f2-a110-3d25879ee97a/status?logs=false "HTTP/1.1 202 Accepted"
2026-07-25 19:31:49,981 [INFO] httpx: HTTP Request: GET https://queue.fal.run/rundiffusion-fal/juggernaut-flux-lora/requests/019f9a8a-8bb4-72f2-a110-3d25879ee97a/status?logs=false "HTTP/1.1 202 Accepted"
2026-07-25 19:31:50,340 [INFO] httpx: HTTP Request: GET https://queue.fal.run/rundiffusion-fal/juggernaut-flux-lora/requests/019f9a8a-8bb4-72f2-a110-3d25879ee97a/status?logs=false "HTTP/1.1 202 Accepted"
2026-07-25 19:31:50,687 [INFO] httpx: HTTP Request: GET https://queue.fal.run/rundiffusion-fal/juggernaut-flux-lora/requests/019f9a8a-8bb4-72f2-a110-3d25879ee97a/status?logs=false "HTTP/1.1 202 Accepted"
2026-07-25 19:31:51,052 [INFO] httpx: HTTP Request: GET https://queue.fal.run/rundiffusion-fal/juggernaut-flux-lora/requests/019f9a8a-8bb4-72f2-a110-3d25879ee97a/status?logs=false "HTTP/1.1 202 Accepted"
2026-07-25 19:31:51,411 [INFO] httpx: HTTP Request: GET https://queue.fal.run/rundiffusion-fal/juggernaut-flux-lora/requests/019f9a8a-8bb4-72f2-a110-3d25879ee97a/status?logs=false "HTTP/1.1 202 Accepted"
2026-07-25 19:31:51,766 [INFO] httpx: HTTP Request: GET https://queue.fal.run/rundiffusion-fal/juggernaut-flux-lora/requests/019f9a8a-8bb4-72f2-a110-3d25879ee97a/status?logs=false "HTTP/1.1 202 Accepted"
2026-07-25 19:31:52,128 [INFO] httpx: HTTP Request: GET https://queue.fal.run/rundiffusion-fal/juggernaut-flux-lora/requests/019f9a8a-8bb4-72f2-a110-3d25879ee97a/status?logs=false "HTTP/1.1 202 Accepted"
2026-07-25 19:31:52,485 [INFO] httpx: HTTP Request: GET https://queue.fal.run/rundiffusion-fal/juggernaut-flux-lora/requests/019f9a8a-8bb4-72f2-a110-3d25879ee97a/status?logs=false "HTTP/1.1 202 Accepted"
2026-07-25 19:31:52,832 [INFO] httpx: HTTP Request: GET https://queue.fal.run/rundiffusion-fal/juggernaut-flux-lora/requests/019f9a8a-8bb4-72f2-a110-3d25879ee97a/status?logs=false "HTTP/1.1 202 Accepted"
2026-07-25 19:31:53,192 [INFO] httpx: HTTP Request: GET https://queue.fal.run/rundiffusion-fal/juggernaut-flux-lora/requests/019f9a8a-8bb4-72f2-a110-3d25879ee97a/status?logs=false "HTTP/1.1 202 Accepted"
2026-07-25 19:31:53,551 [INFO] httpx: HTTP Request: GET https://queue.fal.run/rundiffusion-fal/juggernaut-flux-lora/requests/019f9a8a-8bb4-72f2-a110-3d25879ee97a/status?logs=false "HTTP/1.1 202 Accepted"
2026-07-25 19:31:53,912 [INFO] httpx: HTTP Request: GET https://queue.fal.run/rundiffusion-fal/juggernaut-flux-lora/requests/019f9a8a-8bb4-72f2-a110-3d25879ee97a/status?logs=false "HTTP/1.1 202 Accepted"
2026-07-25 19:31:54,263 [INFO] httpx: HTTP Request: GET https://queue.fal.run/rundiffusion-fal/juggernaut-flux-lora/requests/019f9a8a-8bb4-72f2-a110-3d25879ee97a/status?logs=false "HTTP/1.1 202 Accepted"
2026-07-25 19:31:54,621 [INFO] httpx: HTTP Request: GET https://queue.fal.run/rundiffusion-fal/juggernaut-flux-lora/requests/019f9a8a-8bb4-72f2-a110-3d25879ee97a/status?logs=false "HTTP/1.1 202 Accepted"
2026-07-25 19:31:54,984 [INFO] httpx: HTTP Request: GET https://queue.fal.run/rundiffusion-fal/juggernaut-flux-lora/requests/019f9a8a-8bb4-72f2-a110-3d25879ee97a/status?logs=false "HTTP/1.1 202 Accepted"
2026-07-25 19:31:55,353 [INFO] httpx: HTTP Request: GET https://queue.fal.run/rundiffusion-fal/juggernaut-flux-lora/requests/019f9a8a-8bb4-72f2-a110-3d25879ee97a/status?logs=false "HTTP/1.1 202 Accepted"
2026-07-25 19:31:55,703 [INFO] httpx: HTTP Request: GET https://queue.fal.run/rundiffusion-fal/juggernaut-flux-lora/requests/019f9a8a-8bb4-72f2-a110-3d25879ee97a/status?logs=false "HTTP/1.1 202 Accepted"
2026-07-25 19:31:56,066 [INFO] httpx: HTTP Request: GET https://queue.fal.run/rundiffusion-fal/juggernaut-flux-lora/requests/019f9a8a-8bb4-72f2-a110-3d25879ee97a/status?logs=false "HTTP/1.1 202 Accepted"
2026-07-25 19:31:56,423 [INFO] httpx: HTTP Request: GET https://queue.fal.run/rundiffusion-fal/juggernaut-flux-lora/requests/019f9a8a-8bb4-72f2-a110-3d25879ee97a/status?logs=false "HTTP/1.1 202 Accepted"
2026-07-25 19:31:56,783 [INFO] httpx: HTTP Request: GET https://queue.fal.run/rundiffusion-fal/juggernaut-flux-lora/requests/019f9a8a-8bb4-72f2-a110-3d25879ee97a/status?logs=false "HTTP/1.1 202 Accepted"
2026-07-25 19:31:57,153 [INFO] httpx: HTTP Request: GET https://queue.fal.run/rundiffusion-fal/juggernaut-flux-lora/requests/019f9a8a-8bb4-72f2-a110-3d25879ee97a/status?logs=false "HTTP/1.1 202 Accepted"
2026-07-25 19:31:57,512 [INFO] httpx: HTTP Request: GET https://queue.fal.run/rundiffusion-fal/juggernaut-flux-lora/requests/019f9a8a-8bb4-72f2-a110-3d25879ee97a/status?logs=false "HTTP/1.1 202 Accepted"
2026-07-25 19:31:57,862 [INFO] httpx: HTTP Request: GET https://queue.fal.run/rundiffusion-fal/juggernaut-flux-lora/requests/019f9a8a-8bb4-72f2-a110-3d25879ee97a/status?logs=false "HTTP/1.1 202 Accepted"
2026-07-25 19:31:58,233 [INFO] httpx: HTTP Request: GET https://queue.fal.run/rundiffusion-fal/juggernaut-flux-lora/requests/019f9a8a-8bb4-72f2-a110-3d25879ee97a/status?logs=false "HTTP/1.1 202 Accepted"
2026-07-25 19:31:58,567 [INFO] httpx: HTTP Request: GET https://queue.fal.run/rundiffusion-fal/juggernaut-flux-lora/requests/019f9a8a-8bb4-72f2-a110-3d25879ee97a/status?logs=false "HTTP/1.1 202 Accepted"
2026-07-25 19:31:58,904 [INFO] httpx: HTTP Request: GET https://queue.fal.run/rundiffusion-fal/juggernaut-flux-lora/requests/019f9a8a-8bb4-72f2-a110-3d25879ee97a/status?logs=false "HTTP/1.1 202 Accepted"
2026-07-25 19:31:59,264 [INFO] httpx: HTTP Request: GET https://queue.fal.run/rundiffusion-fal/juggernaut-flux-lora/requests/019f9a8a-8bb4-72f2-a110-3d25879ee97a/status?logs=false "HTTP/1.1 202 Accepted"
2026-07-25 19:31:59,625 [INFO] httpx: HTTP Request: GET https://queue.fal.run/rundiffusion-fal/juggernaut-flux-lora/requests/019f9a8a-8bb4-72f2-a110-3d25879ee97a/status?logs=false "HTTP/1.1 202 Accepted"
2026-07-25 19:31:59,988 [INFO] httpx: HTTP Request: GET https://queue.fal.run/rundiffusion-fal/juggernaut-flux-lora/requests/019f9a8a-8bb4-72f2-a110-3d25879ee97a/status?logs=false "HTTP/1.1 202 Accepted"
2026-07-25 19:32:00,452 [INFO] httpx: HTTP Request: GET https://queue.fal.run/rundiffusion-fal/juggernaut-flux-lora/requests/019f9a8a-8bb4-72f2-a110-3d25879ee97a/status?logs=false "HTTP/1.1 202 Accepted"
2026-07-25 19:32:00,825 [INFO] httpx: HTTP Request: GET https://queue.fal.run/rundiffusion-fal/juggernaut-flux-lora/requests/019f9a8a-8bb4-72f2-a110-3d25879ee97a/status?logs=false "HTTP/1.1 202 Accepted"
2026-07-25 19:32:01,178 [INFO] httpx: HTTP Request: GET https://queue.fal.run/rundiffusion-fal/juggernaut-flux-lora/requests/019f9a8a-8bb4-72f2-a110-3d25879ee97a/status?logs=false "HTTP/1.1 202 Accepted"
2026-07-25 19:32:01,541 [INFO] httpx: HTTP Request: GET https://queue.fal.run/rundiffusion-fal/juggernaut-flux-lora/requests/019f9a8a-8bb4-72f2-a110-3d25879ee97a/status?logs=false "HTTP/1.1 202 Accepted"
2026-07-25 19:32:01,892 [INFO] httpx: HTTP Request: GET https://queue.fal.run/rundiffusion-fal/juggernaut-flux-lora/requests/019f9a8a-8bb4-72f2-a110-3d25879ee97a/status?logs=false "HTTP/1.1 202 Accepted"
2026-07-25 19:32:02,246 [INFO] httpx: HTTP Request: GET https://queue.fal.run/rundiffusion-fal/juggernaut-flux-lora/requests/019f9a8a-8bb4-72f2-a110-3d25879ee97a/status?logs=false "HTTP/1.1 202 Accepted"
2026-07-25 19:32:02,609 [INFO] httpx: HTTP Request: GET https://queue.fal.run/rundiffusion-fal/juggernaut-flux-lora/requests/019f9a8a-8bb4-72f2-a110-3d25879ee97a/status?logs=false "HTTP/1.1 202 Accepted"
2026-07-25 19:32:02,961 [INFO] httpx: HTTP Request: GET https://queue.fal.run/rundiffusion-fal/juggernaut-flux-lora/requests/019f9a8a-8bb4-72f2-a110-3d25879ee97a/status?logs=false "HTTP/1.1 202 Accepted"
2026-07-25 19:32:03,321 [INFO] httpx: HTTP Request: GET https://queue.fal.run/rundiffusion-fal/juggernaut-flux-lora/requests/019f9a8a-8bb4-72f2-a110-3d25879ee97a/status?logs=false "HTTP/1.1 202 Accepted"
2026-07-25 19:32:03,684 [INFO] httpx: HTTP Request: GET https://queue.fal.run/rundiffusion-fal/juggernaut-flux-lora/requests/019f9a8a-8bb4-72f2-a110-3d25879ee97a/status?logs=false "HTTP/1.1 202 Accepted"
2026-07-25 19:32:04,037 [INFO] httpx: HTTP Request: GET https://queue.fal.run/rundiffusion-fal/juggernaut-flux-lora/requests/019f9a8a-8bb4-72f2-a110-3d25879ee97a/status?logs=false "HTTP/1.1 202 Accepted"
2026-07-25 19:32:04,395 [INFO] httpx: HTTP Request: GET https://queue.fal.run/rundiffusion-fal/juggernaut-flux-lora/requests/019f9a8a-8bb4-72f2-a110-3d25879ee97a/status?logs=false "HTTP/1.1 202 Accepted"
2026-07-25 19:32:04,751 [INFO] httpx: HTTP Request: GET https://queue.fal.run/rundiffusion-fal/juggernaut-flux-lora/requests/019f9a8a-8bb4-72f2-a110-3d25879ee97a/status?logs=false "HTTP/1.1 202 Accepted"
2026-07-25 19:32:05,109 [INFO] httpx: HTTP Request: GET https://queue.fal.run/rundiffusion-fal/juggernaut-flux-lora/requests/019f9a8a-8bb4-72f2-a110-3d25879ee97a/status?logs=false "HTTP/1.1 202 Accepted"
2026-07-25 19:32:05,440 [INFO] httpx: HTTP Request: GET https://queue.fal.run/rundiffusion-fal/juggernaut-flux-lora/requests/019f9a8a-8bb4-72f2-a110-3d25879ee97a/status?logs=false "HTTP/1.1 202 Accepted"
2026-07-25 19:32:05,797 [INFO] httpx: HTTP Request: GET https://queue.fal.run/rundiffusion-fal/juggernaut-flux-lora/requests/019f9a8a-8bb4-72f2-a110-3d25879ee97a/status?logs=false "HTTP/1.1 202 Accepted"
2026-07-25 19:32:06,158 [INFO] httpx: HTTP Request: GET https://queue.fal.run/rundiffusion-fal/juggernaut-flux-lora/requests/019f9a8a-8bb4-72f2-a110-3d25879ee97a/status?logs=false "HTTP/1.1 202 Accepted"
2026-07-25 19:32:06,514 [INFO] httpx: HTTP Request: GET https://queue.fal.run/rundiffusion-fal/juggernaut-flux-lora/requests/019f9a8a-8bb4-72f2-a110-3d25879ee97a/status?logs=false "HTTP/1.1 202 Accepted"
2026-07-25 19:32:06,875 [INFO] httpx: HTTP Request: GET https://queue.fal.run/rundiffusion-fal/juggernaut-flux-lora/requests/019f9a8a-8bb4-72f2-a110-3d25879ee97a/status?logs=false "HTTP/1.1 202 Accepted"
2026-07-25 19:32:07,233 [INFO] httpx: HTTP Request: GET https://queue.fal.run/rundiffusion-fal/juggernaut-flux-lora/requests/019f9a8a-8bb4-72f2-a110-3d25879ee97a/status?logs=false "HTTP/1.1 202 Accepted"
2026-07-25 19:32:07,593 [INFO] httpx: HTTP Request: GET https://queue.fal.run/rundiffusion-fal/juggernaut-flux-lora/requests/019f9a8a-8bb4-72f2-a110-3d25879ee97a/status?logs=false "HTTP/1.1 202 Accepted"
2026-07-25 19:32:07,963 [INFO] httpx: HTTP Request: GET https://queue.fal.run/rundiffusion-fal/juggernaut-flux-lora/requests/019f9a8a-8bb4-72f2-a110-3d25879ee97a/status?logs=false "HTTP/1.1 202 Accepted"
2026-07-25 19:32:08,335 [INFO] httpx: HTTP Request: GET https://queue.fal.run/rundiffusion-fal/juggernaut-flux-lora/requests/019f9a8a-8bb4-72f2-a110-3d25879ee97a/status?logs=false "HTTP/1.1 202 Accepted"
2026-07-25 19:32:08,706 [INFO] httpx: HTTP Request: GET https://queue.fal.run/rundiffusion-fal/juggernaut-flux-lora/requests/019f9a8a-8bb4-72f2-a110-3d25879ee97a/status?logs=false "HTTP/1.1 202 Accepted"
2026-07-25 19:32:09,082 [INFO] httpx: HTTP Request: GET https://queue.fal.run/rundiffusion-fal/juggernaut-flux-lora/requests/019f9a8a-8bb4-72f2-a110-3d25879ee97a/status?logs=false "HTTP/1.1 202 Accepted"
2026-07-25 19:32:09,440 [INFO] httpx: HTTP Request: GET https://queue.fal.run/rundiffusion-fal/juggernaut-flux-lora/requests/019f9a8a-8bb4-72f2-a110-3d25879ee97a/status?logs=false "HTTP/1.1 202 Accepted"
2026-07-25 19:32:09,784 [INFO] httpx: HTTP Request: GET https://queue.fal.run/rundiffusion-fal/juggernaut-flux-lora/requests/019f9a8a-8bb4-72f2-a110-3d25879ee97a/status?logs=false "HTTP/1.1 202 Accepted"
2026-07-25 19:32:10,149 [INFO] httpx: HTTP Request: GET https://queue.fal.run/rundiffusion-fal/juggernaut-flux-lora/requests/019f9a8a-8bb4-72f2-a110-3d25879ee97a/status?logs=false "HTTP/1.1 202 Accepted"
2026-07-25 19:32:10,500 [INFO] httpx: HTTP Request: GET https://queue.fal.run/rundiffusion-fal/juggernaut-flux-lora/requests/019f9a8a-8bb4-72f2-a110-3d25879ee97a/status?logs=false "HTTP/1.1 202 Accepted"
2026-07-25 19:32:10,860 [INFO] httpx: HTTP Request: GET https://queue.fal.run/rundiffusion-fal/juggernaut-flux-lora/requests/019f9a8a-8bb4-72f2-a110-3d25879ee97a/status?logs=false "HTTP/1.1 202 Accepted"
2026-07-25 19:32:11,219 [INFO] httpx: HTTP Request: GET https://queue.fal.run/rundiffusion-fal/juggernaut-flux-lora/requests/019f9a8a-8bb4-72f2-a110-3d25879ee97a/status?logs=false "HTTP/1.1 202 Accepted"
2026-07-25 19:32:11,588 [INFO] httpx: HTTP Request: GET https://queue.fal.run/rundiffusion-fal/juggernaut-flux-lora/requests/019f9a8a-8bb4-72f2-a110-3d25879ee97a/status?logs=false "HTTP/1.1 202 Accepted"
2026-07-25 19:32:11,994 [INFO] httpx: HTTP Request: GET https://queue.fal.run/rundiffusion-fal/juggernaut-flux-lora/requests/019f9a8a-8bb4-72f2-a110-3d25879ee97a/status?logs=false "HTTP/1.1 202 Accepted"
2026-07-25 19:32:12,359 [INFO] httpx: HTTP Request: GET https://queue.fal.run/rundiffusion-fal/juggernaut-flux-lora/requests/019f9a8a-8bb4-72f2-a110-3d25879ee97a/status?logs=false "HTTP/1.1 202 Accepted"
2026-07-25 19:32:12,714 [INFO] httpx: HTTP Request: GET https://queue.fal.run/rundiffusion-fal/juggernaut-flux-lora/requests/019f9a8a-8bb4-72f2-a110-3d25879ee97a/status?logs=false "HTTP/1.1 202 Accepted"
2026-07-25 19:32:13,081 [INFO] httpx: HTTP Request: GET https://queue.fal.run/rundiffusion-fal/juggernaut-flux-lora/requests/019f9a8a-8bb4-72f2-a110-3d25879ee97a/status?logs=false "HTTP/1.1 202 Accepted"
2026-07-25 19:32:13,460 [INFO] httpx: HTTP Request: GET https://queue.fal.run/rundiffusion-fal/juggernaut-flux-lora/requests/019f9a8a-8bb4-72f2-a110-3d25879ee97a/status?logs=false "HTTP/1.1 202 Accepted"
2026-07-25 19:32:13,814 [INFO] httpx: HTTP Request: GET https://queue.fal.run/rundiffusion-fal/juggernaut-flux-lora/requests/019f9a8a-8bb4-72f2-a110-3d25879ee97a/status?logs=false "HTTP/1.1 202 Accepted"
2026-07-25 19:32:14,168 [INFO] httpx: HTTP Request: GET https://queue.fal.run/rundiffusion-fal/juggernaut-flux-lora/requests/019f9a8a-8bb4-72f2-a110-3d25879ee97a/status?logs=false "HTTP/1.1 202 Accepted"
2026-07-25 19:32:14,471 [INFO] httpx: HTTP Request: GET https://queue.fal.run/rundiffusion-fal/juggernaut-flux-lora/requests/019f9a8a-8bb4-72f2-a110-3d25879ee97a/status?logs=false "HTTP/1.1 202 Accepted"
2026-07-25 19:32:14,847 [INFO] httpx: HTTP Request: GET https://queue.fal.run/rundiffusion-fal/juggernaut-flux-lora/requests/019f9a8a-8bb4-72f2-a110-3d25879ee97a/status?logs=false "HTTP/1.1 202 Accepted"
2026-07-25 19:32:15,212 [INFO] httpx: HTTP Request: GET https://queue.fal.run/rundiffusion-fal/juggernaut-flux-lora/requests/019f9a8a-8bb4-72f2-a110-3d25879ee97a/status?logs=false "HTTP/1.1 202 Accepted"
2026-07-25 19:32:15,571 [INFO] httpx: HTTP Request: GET https://queue.fal.run/rundiffusion-fal/juggernaut-flux-lora/requests/019f9a8a-8bb4-72f2-a110-3d25879ee97a/status?logs=false "HTTP/1.1 202 Accepted"
2026-07-25 19:32:15,905 [INFO] httpx: HTTP Request: GET https://queue.fal.run/rundiffusion-fal/juggernaut-flux-lora/requests/019f9a8a-8bb4-72f2-a110-3d25879ee97a/status?logs=false "HTTP/1.1 202 Accepted"
2026-07-25 19:32:16,268 [INFO] httpx: HTTP Request: GET https://queue.fal.run/rundiffusion-fal/juggernaut-flux-lora/requests/019f9a8a-8bb4-72f2-a110-3d25879ee97a/status?logs=false "HTTP/1.1 202 Accepted"
2026-07-25 19:32:16,648 [INFO] httpx: HTTP Request: GET https://queue.fal.run/rundiffusion-fal/juggernaut-flux-lora/requests/019f9a8a-8bb4-72f2-a110-3d25879ee97a/status?logs=false "HTTP/1.1 202 Accepted"
2026-07-25 19:32:17,008 [INFO] httpx: HTTP Request: GET https://queue.fal.run/rundiffusion-fal/juggernaut-flux-lora/requests/019f9a8a-8bb4-72f2-a110-3d25879ee97a/status?logs=false "HTTP/1.1 202 Accepted"
2026-07-25 19:32:17,352 [INFO] httpx: HTTP Request: GET https://queue.fal.run/rundiffusion-fal/juggernaut-flux-lora/requests/019f9a8a-8bb4-72f2-a110-3d25879ee97a/status?logs=false "HTTP/1.1 202 Accepted"
2026-07-25 19:32:17,694 [INFO] httpx: HTTP Request: GET https://queue.fal.run/rundiffusion-fal/juggernaut-flux-lora/requests/019f9a8a-8bb4-72f2-a110-3d25879ee97a/status?logs=false "HTTP/1.1 202 Accepted"
2026-07-25 19:32:18,049 [INFO] httpx: HTTP Request: GET https://queue.fal.run/rundiffusion-fal/juggernaut-flux-lora/requests/019f9a8a-8bb4-72f2-a110-3d25879ee97a/status?logs=false "HTTP/1.1 202 Accepted"
2026-07-25 19:32:18,410 [INFO] httpx: HTTP Request: GET https://queue.fal.run/rundiffusion-fal/juggernaut-flux-lora/requests/019f9a8a-8bb4-72f2-a110-3d25879ee97a/status?logs=false "HTTP/1.1 202 Accepted"
2026-07-25 19:32:18,780 [INFO] httpx: HTTP Request: GET https://queue.fal.run/rundiffusion-fal/juggernaut-flux-lora/requests/019f9a8a-8bb4-72f2-a110-3d25879ee97a/status?logs=false "HTTP/1.1 202 Accepted"
2026-07-25 19:32:19,133 [INFO] httpx: HTTP Request: GET https://queue.fal.run/rundiffusion-fal/juggernaut-flux-lora/requests/019f9a8a-8bb4-72f2-a110-3d25879ee97a/status?logs=false "HTTP/1.1 202 Accepted"
2026-07-25 19:32:19,495 [INFO] httpx: HTTP Request: GET https://queue.fal.run/rundiffusion-fal/juggernaut-flux-lora/requests/019f9a8a-8bb4-72f2-a110-3d25879ee97a/status?logs=false "HTTP/1.1 202 Accepted"
2026-07-25 19:32:19,851 [INFO] httpx: HTTP Request: GET https://queue.fal.run/rundiffusion-fal/juggernaut-flux-lora/requests/019f9a8a-8bb4-72f2-a110-3d25879ee97a/status?logs=false "HTTP/1.1 202 Accepted"
2026-07-25 19:32:20,210 [INFO] httpx: HTTP Request: GET https://queue.fal.run/rundiffusion-fal/juggernaut-flux-lora/requests/019f9a8a-8bb4-72f2-a110-3d25879ee97a/status?logs=false "HTTP/1.1 202 Accepted"
2026-07-25 19:32:20,576 [INFO] httpx: HTTP Request: GET https://queue.fal.run/rundiffusion-fal/juggernaut-flux-lora/requests/019f9a8a-8bb4-72f2-a110-3d25879ee97a/status?logs=false "HTTP/1.1 202 Accepted"
2026-07-25 19:32:20,921 [INFO] httpx: HTTP Request: GET https://queue.fal.run/rundiffusion-fal/juggernaut-flux-lora/requests/019f9a8a-8bb4-72f2-a110-3d25879ee97a/status?logs=false "HTTP/1.1 202 Accepted"
2026-07-25 19:32:21,273 [INFO] httpx: HTTP Request: GET https://queue.fal.run/rundiffusion-fal/juggernaut-flux-lora/requests/019f9a8a-8bb4-72f2-a110-3d25879ee97a/status?logs=false "HTTP/1.1 202 Accepted"
2026-07-25 19:32:21,633 [INFO] httpx: HTTP Request: GET https://queue.fal.run/rundiffusion-fal/juggernaut-flux-lora/requests/019f9a8a-8bb4-72f2-a110-3d25879ee97a/status?logs=false "HTTP/1.1 202 Accepted"
2026-07-25 19:32:21,992 [INFO] httpx: HTTP Request: GET https://queue.fal.run/rundiffusion-fal/juggernaut-flux-lora/requests/019f9a8a-8bb4-72f2-a110-3d25879ee97a/status?logs=false "HTTP/1.1 202 Accepted"
2026-07-25 19:32:22,349 [INFO] httpx: HTTP Request: GET https://queue.fal.run/rundiffusion-fal/juggernaut-flux-lora/requests/019f9a8a-8bb4-72f2-a110-3d25879ee97a/status?logs=false "HTTP/1.1 202 Accepted"
2026-07-25 19:32:22,697 [INFO] httpx: HTTP Request: GET https://queue.fal.run/rundiffusion-fal/juggernaut-flux-lora/requests/019f9a8a-8bb4-72f2-a110-3d25879ee97a/status?logs=false "HTTP/1.1 202 Accepted"
2026-07-25 19:32:23,057 [INFO] httpx: HTTP Request: GET https://queue.fal.run/rundiffusion-fal/juggernaut-flux-lora/requests/019f9a8a-8bb4-72f2-a110-3d25879ee97a/status?logs=false "HTTP/1.1 202 Accepted"
2026-07-25 19:32:23,414 [INFO] httpx: HTTP Request: GET https://queue.fal.run/rundiffusion-fal/juggernaut-flux-lora/requests/019f9a8a-8bb4-72f2-a110-3d25879ee97a/status?logs=false "HTTP/1.1 202 Accepted"
2026-07-25 19:32:23,774 [INFO] httpx: HTTP Request: GET https://queue.fal.run/rundiffusion-fal/juggernaut-flux-lora/requests/019f9a8a-8bb4-72f2-a110-3d25879ee97a/status?logs=false "HTTP/1.1 202 Accepted"
2026-07-25 19:32:24,127 [INFO] httpx: HTTP Request: GET https://queue.fal.run/rundiffusion-fal/juggernaut-flux-lora/requests/019f9a8a-8bb4-72f2-a110-3d25879ee97a/status?logs=false "HTTP/1.1 202 Accepted"
2026-07-25 19:32:24,482 [INFO] httpx: HTTP Request: GET https://queue.fal.run/rundiffusion-fal/juggernaut-flux-lora/requests/019f9a8a-8bb4-72f2-a110-3d25879ee97a/status?logs=false "HTTP/1.1 202 Accepted"
2026-07-25 19:32:24,839 [INFO] httpx: HTTP Request: GET https://queue.fal.run/rundiffusion-fal/juggernaut-flux-lora/requests/019f9a8a-8bb4-72f2-a110-3d25879ee97a/status?logs=false "HTTP/1.1 202 Accepted"
2026-07-25 19:32:25,197 [INFO] httpx: HTTP Request: GET https://queue.fal.run/rundiffusion-fal/juggernaut-flux-lora/requests/019f9a8a-8bb4-72f2-a110-3d25879ee97a/status?logs=false "HTTP/1.1 202 Accepted"
2026-07-25 19:32:25,558 [INFO] httpx: HTTP Request: GET https://queue.fal.run/rundiffusion-fal/juggernaut-flux-lora/requests/019f9a8a-8bb4-72f2-a110-3d25879ee97a/status?logs=false "HTTP/1.1 202 Accepted"
2026-07-25 19:32:25,896 [INFO] httpx: HTTP Request: GET https://queue.fal.run/rundiffusion-fal/juggernaut-flux-lora/requests/019f9a8a-8bb4-72f2-a110-3d25879ee97a/status?logs=false "HTTP/1.1 202 Accepted"
2026-07-25 19:32:26,256 [INFO] httpx: HTTP Request: GET https://queue.fal.run/rundiffusion-fal/juggernaut-flux-lora/requests/019f9a8a-8bb4-72f2-a110-3d25879ee97a/status?logs=false "HTTP/1.1 202 Accepted"
2026-07-25 19:32:26,690 [INFO] httpx: HTTP Request: GET https://queue.fal.run/rundiffusion-fal/juggernaut-flux-lora/requests/019f9a8a-8bb4-72f2-a110-3d25879ee97a/status?logs=false "HTTP/1.1 202 Accepted"
2026-07-25 19:32:27,049 [INFO] httpx: HTTP Request: GET https://queue.fal.run/rundiffusion-fal/juggernaut-flux-lora/requests/019f9a8a-8bb4-72f2-a110-3d25879ee97a/status?logs=false "HTTP/1.1 202 Accepted"
2026-07-25 19:32:27,409 [INFO] httpx: HTTP Request: GET https://queue.fal.run/rundiffusion-fal/juggernaut-flux-lora/requests/019f9a8a-8bb4-72f2-a110-3d25879ee97a/status?logs=false "HTTP/1.1 202 Accepted"
2026-07-25 19:32:27,766 [INFO] httpx: HTTP Request: GET https://queue.fal.run/rundiffusion-fal/juggernaut-flux-lora/requests/019f9a8a-8bb4-72f2-a110-3d25879ee97a/status?logs=false "HTTP/1.1 202 Accepted"
2026-07-25 19:32:28,074 [INFO] httpx: HTTP Request: GET https://queue.fal.run/rundiffusion-fal/juggernaut-flux-lora/requests/019f9a8a-8bb4-72f2-a110-3d25879ee97a/status?logs=false "HTTP/1.1 202 Accepted"
2026-07-25 19:32:28,442 [INFO] httpx: HTTP Request: GET https://queue.fal.run/rundiffusion-fal/juggernaut-flux-lora/requests/019f9a8a-8bb4-72f2-a110-3d25879ee97a/status?logs=false "HTTP/1.1 202 Accepted"
2026-07-25 19:32:28,811 [INFO] httpx: HTTP Request: GET https://queue.fal.run/rundiffusion-fal/juggernaut-flux-lora/requests/019f9a8a-8bb4-72f2-a110-3d25879ee97a/status?logs=false "HTTP/1.1 202 Accepted"
2026-07-25 19:32:29,170 [INFO] httpx: HTTP Request: GET https://queue.fal.run/rundiffusion-fal/juggernaut-flux-lora/requests/019f9a8a-8bb4-72f2-a110-3d25879ee97a/status?logs=false "HTTP/1.1 202 Accepted"
2026-07-25 19:32:29,537 [INFO] httpx: HTTP Request: GET https://queue.fal.run/rundiffusion-fal/juggernaut-flux-lora/requests/019f9a8a-8bb4-72f2-a110-3d25879ee97a/status?logs=false "HTTP/1.1 202 Accepted"
2026-07-25 19:32:29,900 [INFO] httpx: HTTP Request: GET https://queue.fal.run/rundiffusion-fal/juggernaut-flux-lora/requests/019f9a8a-8bb4-72f2-a110-3d25879ee97a/status?logs=false "HTTP/1.1 202 Accepted"
2026-07-25 19:32:30,260 [INFO] httpx: HTTP Request: GET https://queue.fal.run/rundiffusion-fal/juggernaut-flux-lora/requests/019f9a8a-8bb4-72f2-a110-3d25879ee97a/status?logs=false "HTTP/1.1 202 Accepted"
2026-07-25 19:32:30,610 [INFO] httpx: HTTP Request: GET https://queue.fal.run/rundiffusion-fal/juggernaut-flux-lora/requests/019f9a8a-8bb4-72f2-a110-3d25879ee97a/status?logs=false "HTTP/1.1 202 Accepted"
2026-07-25 19:32:30,968 [INFO] httpx: HTTP Request: GET https://queue.fal.run/rundiffusion-fal/juggernaut-flux-lora/requests/019f9a8a-8bb4-72f2-a110-3d25879ee97a/status?logs=false "HTTP/1.1 202 Accepted"
2026-07-25 19:32:31,337 [INFO] httpx: HTTP Request: GET https://queue.fal.run/rundiffusion-fal/juggernaut-flux-lora/requests/019f9a8a-8bb4-72f2-a110-3d25879ee97a/status?logs=false "HTTP/1.1 202 Accepted"
2026-07-25 19:32:31,699 [INFO] httpx: HTTP Request: GET https://queue.fal.run/rundiffusion-fal/juggernaut-flux-lora/requests/019f9a8a-8bb4-72f2-a110-3d25879ee97a/status?logs=false "HTTP/1.1 202 Accepted"
2026-07-25 19:32:32,052 [INFO] httpx: HTTP Request: GET https://queue.fal.run/rundiffusion-fal/juggernaut-flux-lora/requests/019f9a8a-8bb4-72f2-a110-3d25879ee97a/status?logs=false "HTTP/1.1 202 Accepted"
2026-07-25 19:32:32,416 [INFO] httpx: HTTP Request: GET https://queue.fal.run/rundiffusion-fal/juggernaut-flux-lora/requests/019f9a8a-8bb4-72f2-a110-3d25879ee97a/status?logs=false "HTTP/1.1 202 Accepted"
2026-07-25 19:32:32,774 [INFO] httpx: HTTP Request: GET https://queue.fal.run/rundiffusion-fal/juggernaut-flux-lora/requests/019f9a8a-8bb4-72f2-a110-3d25879ee97a/status?logs=false "HTTP/1.1 202 Accepted"
2026-07-25 19:32:33,137 [INFO] httpx: HTTP Request: GET https://queue.fal.run/rundiffusion-fal/juggernaut-flux-lora/requests/019f9a8a-8bb4-72f2-a110-3d25879ee97a/status?logs=false "HTTP/1.1 202 Accepted"
2026-07-25 19:32:33,496 [INFO] httpx: HTTP Request: GET https://queue.fal.run/rundiffusion-fal/juggernaut-flux-lora/requests/019f9a8a-8bb4-72f2-a110-3d25879ee97a/status?logs=false "HTTP/1.1 202 Accepted"
2026-07-25 19:32:33,852 [INFO] httpx: HTTP Request: GET https://queue.fal.run/rundiffusion-fal/juggernaut-flux-lora/requests/019f9a8a-8bb4-72f2-a110-3d25879ee97a/status?logs=false "HTTP/1.1 202 Accepted"
2026-07-25 19:32:34,210 [INFO] httpx: HTTP Request: GET https://queue.fal.run/rundiffusion-fal/juggernaut-flux-lora/requests/019f9a8a-8bb4-72f2-a110-3d25879ee97a/status?logs=false "HTTP/1.1 202 Accepted"
2026-07-25 19:32:34,569 [INFO] httpx: HTTP Request: GET https://queue.fal.run/rundiffusion-fal/juggernaut-flux-lora/requests/019f9a8a-8bb4-72f2-a110-3d25879ee97a/status?logs=false "HTTP/1.1 202 Accepted"
2026-07-25 19:32:34,940 [INFO] httpx: HTTP Request: GET https://queue.fal.run/rundiffusion-fal/juggernaut-flux-lora/requests/019f9a8a-8bb4-72f2-a110-3d25879ee97a/status?logs=false "HTTP/1.1 202 Accepted"
2026-07-25 19:32:35,303 [INFO] httpx: HTTP Request: GET https://queue.fal.run/rundiffusion-fal/juggernaut-flux-lora/requests/019f9a8a-8bb4-72f2-a110-3d25879ee97a/status?logs=false "HTTP/1.1 202 Accepted"
2026-07-25 19:32:35,658 [INFO] httpx: HTTP Request: GET https://queue.fal.run/rundiffusion-fal/juggernaut-flux-lora/requests/019f9a8a-8bb4-72f2-a110-3d25879ee97a/status?logs=false "HTTP/1.1 202 Accepted"
2026-07-25 19:32:36,020 [INFO] httpx: HTTP Request: GET https://queue.fal.run/rundiffusion-fal/juggernaut-flux-lora/requests/019f9a8a-8bb4-72f2-a110-3d25879ee97a/status?logs=false "HTTP/1.1 202 Accepted"
2026-07-25 19:32:36,368 [INFO] httpx: HTTP Request: GET https://queue.fal.run/rundiffusion-fal/juggernaut-flux-lora/requests/019f9a8a-8bb4-72f2-a110-3d25879ee97a/status?logs=false "HTTP/1.1 202 Accepted"
2026-07-25 19:32:36,729 [INFO] httpx: HTTP Request: GET https://queue.fal.run/rundiffusion-fal/juggernaut-flux-lora/requests/019f9a8a-8bb4-72f2-a110-3d25879ee97a/status?logs=false "HTTP/1.1 202 Accepted"
2026-07-25 19:32:37,100 [INFO] httpx: HTTP Request: GET https://queue.fal.run/rundiffusion-fal/juggernaut-flux-lora/requests/019f9a8a-8bb4-72f2-a110-3d25879ee97a/status?logs=false "HTTP/1.1 202 Accepted"
2026-07-25 19:32:37,458 [INFO] httpx: HTTP Request: GET https://queue.fal.run/rundiffusion-fal/juggernaut-flux-lora/requests/019f9a8a-8bb4-72f2-a110-3d25879ee97a/status?logs=false "HTTP/1.1 202 Accepted"
2026-07-25 19:32:37,823 [INFO] httpx: HTTP Request: GET https://queue.fal.run/rundiffusion-fal/juggernaut-flux-lora/requests/019f9a8a-8bb4-72f2-a110-3d25879ee97a/status?logs=false "HTTP/1.1 202 Accepted"
2026-07-25 19:32:38,143 [INFO] httpx: HTTP Request: GET https://queue.fal.run/rundiffusion-fal/juggernaut-flux-lora/requests/019f9a8a-8bb4-72f2-a110-3d25879ee97a/status?logs=false "HTTP/1.1 202 Accepted"
2026-07-25 19:32:38,502 [INFO] httpx: HTTP Request: GET https://queue.fal.run/rundiffusion-fal/juggernaut-flux-lora/requests/019f9a8a-8bb4-72f2-a110-3d25879ee97a/status?logs=false "HTTP/1.1 202 Accepted"
2026-07-25 19:32:38,864 [INFO] httpx: HTTP Request: GET https://queue.fal.run/rundiffusion-fal/juggernaut-flux-lora/requests/019f9a8a-8bb4-72f2-a110-3d25879ee97a/status?logs=false "HTTP/1.1 202 Accepted"
2026-07-25 19:32:39,224 [INFO] httpx: HTTP Request: GET https://queue.fal.run/rundiffusion-fal/juggernaut-flux-lora/requests/019f9a8a-8bb4-72f2-a110-3d25879ee97a/status?logs=false "HTTP/1.1 202 Accepted"
2026-07-25 19:32:39,579 [INFO] httpx: HTTP Request: GET https://queue.fal.run/rundiffusion-fal/juggernaut-flux-lora/requests/019f9a8a-8bb4-72f2-a110-3d25879ee97a/status?logs=false "HTTP/1.1 202 Accepted"
2026-07-25 19:32:39,946 [INFO] httpx: HTTP Request: GET https://queue.fal.run/rundiffusion-fal/juggernaut-flux-lora/requests/019f9a8a-8bb4-72f2-a110-3d25879ee97a/status?logs=false "HTTP/1.1 202 Accepted"
2026-07-25 19:32:40,296 [INFO] httpx: HTTP Request: GET https://queue.fal.run/rundiffusion-fal/juggernaut-flux-lora/requests/019f9a8a-8bb4-72f2-a110-3d25879ee97a/status?logs=false "HTTP/1.1 202 Accepted"
2026-07-25 19:32:40,652 [INFO] httpx: HTTP Request: GET https://queue.fal.run/rundiffusion-fal/juggernaut-flux-lora/requests/019f9a8a-8bb4-72f2-a110-3d25879ee97a/status?logs=false "HTTP/1.1 202 Accepted"
2026-07-25 19:32:41,015 [INFO] httpx: HTTP Request: GET https://queue.fal.run/rundiffusion-fal/juggernaut-flux-lora/requests/019f9a8a-8bb4-72f2-a110-3d25879ee97a/status?logs=false "HTTP/1.1 202 Accepted"
2026-07-25 19:32:41,385 [INFO] httpx: HTTP Request: GET https://queue.fal.run/rundiffusion-fal/juggernaut-flux-lora/requests/019f9a8a-8bb4-72f2-a110-3d25879ee97a/status?logs=false "HTTP/1.1 202 Accepted"
2026-07-25 19:32:41,742 [INFO] httpx: HTTP Request: GET https://queue.fal.run/rundiffusion-fal/juggernaut-flux-lora/requests/019f9a8a-8bb4-72f2-a110-3d25879ee97a/status?logs=false "HTTP/1.1 202 Accepted"
2026-07-25 19:32:42,100 [INFO] httpx: HTTP Request: GET https://queue.fal.run/rundiffusion-fal/juggernaut-flux-lora/requests/019f9a8a-8bb4-72f2-a110-3d25879ee97a/status?logs=false "HTTP/1.1 202 Accepted"
2026-07-25 19:32:42,460 [INFO] httpx: HTTP Request: GET https://queue.fal.run/rundiffusion-fal/juggernaut-flux-lora/requests/019f9a8a-8bb4-72f2-a110-3d25879ee97a/status?logs=false "HTTP/1.1 202 Accepted"
2026-07-25 19:32:42,817 [INFO] httpx: HTTP Request: GET https://queue.fal.run/rundiffusion-fal/juggernaut-flux-lora/requests/019f9a8a-8bb4-72f2-a110-3d25879ee97a/status?logs=false "HTTP/1.1 202 Accepted"
2026-07-25 19:32:43,174 [INFO] httpx: HTTP Request: GET https://queue.fal.run/rundiffusion-fal/juggernaut-flux-lora/requests/019f9a8a-8bb4-72f2-a110-3d25879ee97a/status?logs=false "HTTP/1.1 202 Accepted"
2026-07-25 19:32:43,516 [INFO] httpx: HTTP Request: GET https://queue.fal.run/rundiffusion-fal/juggernaut-flux-lora/requests/019f9a8a-8bb4-72f2-a110-3d25879ee97a/status?logs=false "HTTP/1.1 202 Accepted"
2026-07-25 19:32:43,865 [INFO] httpx: HTTP Request: GET https://queue.fal.run/rundiffusion-fal/juggernaut-flux-lora/requests/019f9a8a-8bb4-72f2-a110-3d25879ee97a/status?logs=false "HTTP/1.1 202 Accepted"
2026-07-25 19:32:44,225 [INFO] httpx: HTTP Request: GET https://queue.fal.run/rundiffusion-fal/juggernaut-flux-lora/requests/019f9a8a-8bb4-72f2-a110-3d25879ee97a/status?logs=false "HTTP/1.1 202 Accepted"
2026-07-25 19:32:44,584 [INFO] httpx: HTTP Request: GET https://queue.fal.run/rundiffusion-fal/juggernaut-flux-lora/requests/019f9a8a-8bb4-72f2-a110-3d25879ee97a/status?logs=false "HTTP/1.1 202 Accepted"
2026-07-25 19:32:44,932 [INFO] httpx: HTTP Request: GET https://queue.fal.run/rundiffusion-fal/juggernaut-flux-lora/requests/019f9a8a-8bb4-72f2-a110-3d25879ee97a/status?logs=false "HTTP/1.1 202 Accepted"
2026-07-25 19:32:45,275 [INFO] httpx: HTTP Request: GET https://queue.fal.run/rundiffusion-fal/juggernaut-flux-lora/requests/019f9a8a-8bb4-72f2-a110-3d25879ee97a/status?logs=false "HTTP/1.1 202 Accepted"
2026-07-25 19:32:45,609 [INFO] httpx: HTTP Request: GET https://queue.fal.run/rundiffusion-fal/juggernaut-flux-lora/requests/019f9a8a-8bb4-72f2-a110-3d25879ee97a/status?logs=false "HTTP/1.1 202 Accepted"
2026-07-25 19:32:45,960 [INFO] httpx: HTTP Request: GET https://queue.fal.run/rundiffusion-fal/juggernaut-flux-lora/requests/019f9a8a-8bb4-72f2-a110-3d25879ee97a/status?logs=false "HTTP/1.1 202 Accepted"
2026-07-25 19:32:46,319 [INFO] httpx: HTTP Request: GET https://queue.fal.run/rundiffusion-fal/juggernaut-flux-lora/requests/019f9a8a-8bb4-72f2-a110-3d25879ee97a/status?logs=false "HTTP/1.1 202 Accepted"
2026-07-25 19:32:46,676 [INFO] httpx: HTTP Request: GET https://queue.fal.run/rundiffusion-fal/juggernaut-flux-lora/requests/019f9a8a-8bb4-72f2-a110-3d25879ee97a/status?logs=false "HTTP/1.1 202 Accepted"
2026-07-25 19:32:47,040 [INFO] httpx: HTTP Request: GET https://queue.fal.run/rundiffusion-fal/juggernaut-flux-lora/requests/019f9a8a-8bb4-72f2-a110-3d25879ee97a/status?logs=false "HTTP/1.1 202 Accepted"
2026-07-25 19:32:47,400 [INFO] httpx: HTTP Request: GET https://queue.fal.run/rundiffusion-fal/juggernaut-flux-lora/requests/019f9a8a-8bb4-72f2-a110-3d25879ee97a/status?logs=false "HTTP/1.1 202 Accepted"
2026-07-25 19:32:47,755 [INFO] httpx: HTTP Request: GET https://queue.fal.run/rundiffusion-fal/juggernaut-flux-lora/requests/019f9a8a-8bb4-72f2-a110-3d25879ee97a/status?logs=false "HTTP/1.1 202 Accepted"
2026-07-25 19:32:48,110 [INFO] httpx: HTTP Request: GET https://queue.fal.run/rundiffusion-fal/juggernaut-flux-lora/requests/019f9a8a-8bb4-72f2-a110-3d25879ee97a/status?logs=false "HTTP/1.1 202 Accepted"
2026-07-25 19:32:48,469 [INFO] httpx: HTTP Request: GET https://queue.fal.run/rundiffusion-fal/juggernaut-flux-lora/requests/019f9a8a-8bb4-72f2-a110-3d25879ee97a/status?logs=false "HTTP/1.1 202 Accepted"
2026-07-25 19:32:48,832 [INFO] httpx: HTTP Request: GET https://queue.fal.run/rundiffusion-fal/juggernaut-flux-lora/requests/019f9a8a-8bb4-72f2-a110-3d25879ee97a/status?logs=false "HTTP/1.1 202 Accepted"
2026-07-25 19:32:49,188 [INFO] httpx: HTTP Request: GET https://queue.fal.run/rundiffusion-fal/juggernaut-flux-lora/requests/019f9a8a-8bb4-72f2-a110-3d25879ee97a/status?logs=false "HTTP/1.1 202 Accepted"
2026-07-25 19:32:49,548 [INFO] httpx: HTTP Request: GET https://queue.fal.run/rundiffusion-fal/juggernaut-flux-lora/requests/019f9a8a-8bb4-72f2-a110-3d25879ee97a/status?logs=false "HTTP/1.1 202 Accepted"
2026-07-25 19:32:49,902 [INFO] httpx: HTTP Request: GET https://queue.fal.run/rundiffusion-fal/juggernaut-flux-lora/requests/019f9a8a-8bb4-72f2-a110-3d25879ee97a/status?logs=false "HTTP/1.1 202 Accepted"
2026-07-25 19:32:50,258 [INFO] httpx: HTTP Request: GET https://queue.fal.run/rundiffusion-fal/juggernaut-flux-lora/requests/019f9a8a-8bb4-72f2-a110-3d25879ee97a/status?logs=false "HTTP/1.1 202 Accepted"
2026-07-25 19:32:50,622 [INFO] httpx: HTTP Request: GET https://queue.fal.run/rundiffusion-fal/juggernaut-flux-lora/requests/019f9a8a-8bb4-72f2-a110-3d25879ee97a/status?logs=false "HTTP/1.1 202 Accepted"
2026-07-25 19:32:50,982 [INFO] httpx: HTTP Request: GET https://queue.fal.run/rundiffusion-fal/juggernaut-flux-lora/requests/019f9a8a-8bb4-72f2-a110-3d25879ee97a/status?logs=false "HTTP/1.1 202 Accepted"
2026-07-25 19:32:51,347 [INFO] httpx: HTTP Request: GET https://queue.fal.run/rundiffusion-fal/juggernaut-flux-lora/requests/019f9a8a-8bb4-72f2-a110-3d25879ee97a/status?logs=false "HTTP/1.1 202 Accepted"
2026-07-25 19:32:51,699 [INFO] httpx: HTTP Request: GET https://queue.fal.run/rundiffusion-fal/juggernaut-flux-lora/requests/019f9a8a-8bb4-72f2-a110-3d25879ee97a/status?logs=false "HTTP/1.1 202 Accepted"
2026-07-25 19:32:52,055 [INFO] httpx: HTTP Request: GET https://queue.fal.run/rundiffusion-fal/juggernaut-flux-lora/requests/019f9a8a-8bb4-72f2-a110-3d25879ee97a/status?logs=false "HTTP/1.1 202 Accepted"
2026-07-25 19:32:52,401 [INFO] httpx: HTTP Request: GET https://queue.fal.run/rundiffusion-fal/juggernaut-flux-lora/requests/019f9a8a-8bb4-72f2-a110-3d25879ee97a/status?logs=false "HTTP/1.1 202 Accepted"
2026-07-25 19:32:52,753 [INFO] httpx: HTTP Request: GET https://queue.fal.run/rundiffusion-fal/juggernaut-flux-lora/requests/019f9a8a-8bb4-72f2-a110-3d25879ee97a/status?logs=false "HTTP/1.1 202 Accepted"
2026-07-25 19:32:53,110 [INFO] httpx: HTTP Request: GET https://queue.fal.run/rundiffusion-fal/juggernaut-flux-lora/requests/019f9a8a-8bb4-72f2-a110-3d25879ee97a/status?logs=false "HTTP/1.1 202 Accepted"
2026-07-25 19:32:53,505 [INFO] httpx: HTTP Request: GET https://queue.fal.run/rundiffusion-fal/juggernaut-flux-lora/requests/019f9a8a-8bb4-72f2-a110-3d25879ee97a/status?logs=false "HTTP/1.1 202 Accepted"
2026-07-25 19:32:53,867 [INFO] httpx: HTTP Request: GET https://queue.fal.run/rundiffusion-fal/juggernaut-flux-lora/requests/019f9a8a-8bb4-72f2-a110-3d25879ee97a/status?logs=false "HTTP/1.1 202 Accepted"
2026-07-25 19:32:54,225 [INFO] httpx: HTTP Request: GET https://queue.fal.run/rundiffusion-fal/juggernaut-flux-lora/requests/019f9a8a-8bb4-72f2-a110-3d25879ee97a/status?logs=false "HTTP/1.1 202 Accepted"
2026-07-25 19:32:54,548 [INFO] httpx: HTTP Request: GET https://queue.fal.run/rundiffusion-fal/juggernaut-flux-lora/requests/019f9a8a-8bb4-72f2-a110-3d25879ee97a/status?logs=false "HTTP/1.1 202 Accepted"
2026-07-25 19:32:54,940 [INFO] httpx: HTTP Request: GET https://queue.fal.run/rundiffusion-fal/juggernaut-flux-lora/requests/019f9a8a-8bb4-72f2-a110-3d25879ee97a/status?logs=false "HTTP/1.1 202 Accepted"
2026-07-25 19:32:55,288 [INFO] httpx: HTTP Request: GET https://queue.fal.run/rundiffusion-fal/juggernaut-flux-lora/requests/019f9a8a-8bb4-72f2-a110-3d25879ee97a/status?logs=false "HTTP/1.1 202 Accepted"
2026-07-25 19:32:55,651 [INFO] httpx: HTTP Request: GET https://queue.fal.run/rundiffusion-fal/juggernaut-flux-lora/requests/019f9a8a-8bb4-72f2-a110-3d25879ee97a/status?logs=false "HTTP/1.1 202 Accepted"
2026-07-25 19:32:56,014 [INFO] httpx: HTTP Request: GET https://queue.fal.run/rundiffusion-fal/juggernaut-flux-lora/requests/019f9a8a-8bb4-72f2-a110-3d25879ee97a/status?logs=false "HTTP/1.1 202 Accepted"
2026-07-25 19:32:56,381 [INFO] httpx: HTTP Request: GET https://queue.fal.run/rundiffusion-fal/juggernaut-flux-lora/requests/019f9a8a-8bb4-72f2-a110-3d25879ee97a/status?logs=false "HTTP/1.1 202 Accepted"
2026-07-25 19:32:56,740 [INFO] httpx: HTTP Request: GET https://queue.fal.run/rundiffusion-fal/juggernaut-flux-lora/requests/019f9a8a-8bb4-72f2-a110-3d25879ee97a/status?logs=false "HTTP/1.1 202 Accepted"
2026-07-25 19:32:57,091 [INFO] httpx: HTTP Request: GET https://queue.fal.run/rundiffusion-fal/juggernaut-flux-lora/requests/019f9a8a-8bb4-72f2-a110-3d25879ee97a/status?logs=false "HTTP/1.1 202 Accepted"
2026-07-25 19:32:57,450 [INFO] httpx: HTTP Request: GET https://queue.fal.run/rundiffusion-fal/juggernaut-flux-lora/requests/019f9a8a-8bb4-72f2-a110-3d25879ee97a/status?logs=false "HTTP/1.1 202 Accepted"
2026-07-25 19:32:57,804 [INFO] httpx: HTTP Request: GET https://queue.fal.run/rundiffusion-fal/juggernaut-flux-lora/requests/019f9a8a-8bb4-72f2-a110-3d25879ee97a/status?logs=false "HTTP/1.1 202 Accepted"
2026-07-25 19:32:58,157 [INFO] httpx: HTTP Request: GET https://queue.fal.run/rundiffusion-fal/juggernaut-flux-lora/requests/019f9a8a-8bb4-72f2-a110-3d25879ee97a/status?logs=false "HTTP/1.1 202 Accepted"
2026-07-25 19:32:58,513 [INFO] httpx: HTTP Request: GET https://queue.fal.run/rundiffusion-fal/juggernaut-flux-lora/requests/019f9a8a-8bb4-72f2-a110-3d25879ee97a/status?logs=false "HTTP/1.1 202 Accepted"
2026-07-25 19:32:58,856 [INFO] httpx: HTTP Request: GET https://queue.fal.run/rundiffusion-fal/juggernaut-flux-lora/requests/019f9a8a-8bb4-72f2-a110-3d25879ee97a/status?logs=false "HTTP/1.1 202 Accepted"
2026-07-25 19:32:59,205 [INFO] httpx: HTTP Request: GET https://queue.fal.run/rundiffusion-fal/juggernaut-flux-lora/requests/019f9a8a-8bb4-72f2-a110-3d25879ee97a/status?logs=false "HTTP/1.1 202 Accepted"
2026-07-25 19:32:59,567 [INFO] httpx: HTTP Request: GET https://queue.fal.run/rundiffusion-fal/juggernaut-flux-lora/requests/019f9a8a-8bb4-72f2-a110-3d25879ee97a/status?logs=false "HTTP/1.1 202 Accepted"
2026-07-25 19:32:59,922 [INFO] httpx: HTTP Request: GET https://queue.fal.run/rundiffusion-fal/juggernaut-flux-lora/requests/019f9a8a-8bb4-72f2-a110-3d25879ee97a/status?logs=false "HTTP/1.1 202 Accepted"
2026-07-25 19:33:00,288 [INFO] httpx: HTTP Request: GET https://queue.fal.run/rundiffusion-fal/juggernaut-flux-lora/requests/019f9a8a-8bb4-72f2-a110-3d25879ee97a/status?logs=false "HTTP/1.1 202 Accepted"
2026-07-25 19:33:00,650 [INFO] httpx: HTTP Request: GET https://queue.fal.run/rundiffusion-fal/juggernaut-flux-lora/requests/019f9a8a-8bb4-72f2-a110-3d25879ee97a/status?logs=false "HTTP/1.1 202 Accepted"
2026-07-25 19:33:01,016 [INFO] httpx: HTTP Request: GET https://queue.fal.run/rundiffusion-fal/juggernaut-flux-lora/requests/019f9a8a-8bb4-72f2-a110-3d25879ee97a/status?logs=false "HTTP/1.1 202 Accepted"
2026-07-25 19:33:01,361 [INFO] httpx: HTTP Request: GET https://queue.fal.run/rundiffusion-fal/juggernaut-flux-lora/requests/019f9a8a-8bb4-72f2-a110-3d25879ee97a/status?logs=false "HTTP/1.1 202 Accepted"
2026-07-25 19:33:01,737 [INFO] httpx: HTTP Request: GET https://queue.fal.run/rundiffusion-fal/juggernaut-flux-lora/requests/019f9a8a-8bb4-72f2-a110-3d25879ee97a/status?logs=false "HTTP/1.1 202 Accepted"
2026-07-25 19:33:02,082 [INFO] httpx: HTTP Request: GET https://queue.fal.run/rundiffusion-fal/juggernaut-flux-lora/requests/019f9a8a-8bb4-72f2-a110-3d25879ee97a/status?logs=false "HTTP/1.1 202 Accepted"
2026-07-25 19:33:02,440 [INFO] httpx: HTTP Request: GET https://queue.fal.run/rundiffusion-fal/juggernaut-flux-lora/requests/019f9a8a-8bb4-72f2-a110-3d25879ee97a/status?logs=false "HTTP/1.1 202 Accepted"
2026-07-25 19:33:02,803 [INFO] httpx: HTTP Request: GET https://queue.fal.run/rundiffusion-fal/juggernaut-flux-lora/requests/019f9a8a-8bb4-72f2-a110-3d25879ee97a/status?logs=false "HTTP/1.1 202 Accepted"
2026-07-25 19:33:03,164 [INFO] httpx: HTTP Request: GET https://queue.fal.run/rundiffusion-fal/juggernaut-flux-lora/requests/019f9a8a-8bb4-72f2-a110-3d25879ee97a/status?logs=false "HTTP/1.1 202 Accepted"
2026-07-25 19:33:03,525 [INFO] httpx: HTTP Request: GET https://queue.fal.run/rundiffusion-fal/juggernaut-flux-lora/requests/019f9a8a-8bb4-72f2-a110-3d25879ee97a/status?logs=false "HTTP/1.1 202 Accepted"
2026-07-25 19:33:03,884 [INFO] httpx: HTTP Request: GET https://queue.fal.run/rundiffusion-fal/juggernaut-flux-lora/requests/019f9a8a-8bb4-72f2-a110-3d25879ee97a/status?logs=false "HTTP/1.1 202 Accepted"
2026-07-25 19:33:04,235 [INFO] httpx: HTTP Request: GET https://queue.fal.run/rundiffusion-fal/juggernaut-flux-lora/requests/019f9a8a-8bb4-72f2-a110-3d25879ee97a/status?logs=false "HTTP/1.1 202 Accepted"
2026-07-25 19:33:04,591 [INFO] httpx: HTTP Request: GET https://queue.fal.run/rundiffusion-fal/juggernaut-flux-lora/requests/019f9a8a-8bb4-72f2-a110-3d25879ee97a/status?logs=false "HTTP/1.1 202 Accepted"
2026-07-25 19:33:04,956 [INFO] httpx: HTTP Request: GET https://queue.fal.run/rundiffusion-fal/juggernaut-flux-lora/requests/019f9a8a-8bb4-72f2-a110-3d25879ee97a/status?logs=false "HTTP/1.1 202 Accepted"
2026-07-25 19:33:05,312 [INFO] httpx: HTTP Request: GET https://queue.fal.run/rundiffusion-fal/juggernaut-flux-lora/requests/019f9a8a-8bb4-72f2-a110-3d25879ee97a/status?logs=false "HTTP/1.1 202 Accepted"
2026-07-25 19:33:05,668 [INFO] httpx: HTTP Request: GET https://queue.fal.run/rundiffusion-fal/juggernaut-flux-lora/requests/019f9a8a-8bb4-72f2-a110-3d25879ee97a/status?logs=false "HTTP/1.1 202 Accepted"
2026-07-25 19:33:06,026 [INFO] httpx: HTTP Request: GET https://queue.fal.run/rundiffusion-fal/juggernaut-flux-lora/requests/019f9a8a-8bb4-72f2-a110-3d25879ee97a/status?logs=false "HTTP/1.1 202 Accepted"
2026-07-25 19:33:06,367 [INFO] httpx: HTTP Request: GET https://queue.fal.run/rundiffusion-fal/juggernaut-flux-lora/requests/019f9a8a-8bb4-72f2-a110-3d25879ee97a/status?logs=false "HTTP/1.1 202 Accepted"
2026-07-25 19:33:06,729 [INFO] httpx: HTTP Request: GET https://queue.fal.run/rundiffusion-fal/juggernaut-flux-lora/requests/019f9a8a-8bb4-72f2-a110-3d25879ee97a/status?logs=false "HTTP/1.1 202 Accepted"
2026-07-25 19:33:07,083 [INFO] httpx: HTTP Request: GET https://queue.fal.run/rundiffusion-fal/juggernaut-flux-lora/requests/019f9a8a-8bb4-72f2-a110-3d25879ee97a/status?logs=false "HTTP/1.1 202 Accepted"
2026-07-25 19:33:07,444 [INFO] httpx: HTTP Request: GET https://queue.fal.run/rundiffusion-fal/juggernaut-flux-lora/requests/019f9a8a-8bb4-72f2-a110-3d25879ee97a/status?logs=false "HTTP/1.1 202 Accepted"
2026-07-25 19:33:07,792 [INFO] httpx: HTTP Request: GET https://queue.fal.run/rundiffusion-fal/juggernaut-flux-lora/requests/019f9a8a-8bb4-72f2-a110-3d25879ee97a/status?logs=false "HTTP/1.1 202 Accepted"
2026-07-25 19:33:08,157 [INFO] httpx: HTTP Request: GET https://queue.fal.run/rundiffusion-fal/juggernaut-flux-lora/requests/019f9a8a-8bb4-72f2-a110-3d25879ee97a/status?logs=false "HTTP/1.1 202 Accepted"
2026-07-25 19:33:08,517 [INFO] httpx: HTTP Request: GET https://queue.fal.run/rundiffusion-fal/juggernaut-flux-lora/requests/019f9a8a-8bb4-72f2-a110-3d25879ee97a/status?logs=false "HTTP/1.1 202 Accepted"
2026-07-25 19:33:08,875 [INFO] httpx: HTTP Request: GET https://queue.fal.run/rundiffusion-fal/juggernaut-flux-lora/requests/019f9a8a-8bb4-72f2-a110-3d25879ee97a/status?logs=false "HTTP/1.1 202 Accepted"
2026-07-25 19:33:09,233 [INFO] httpx: HTTP Request: GET https://queue.fal.run/rundiffusion-fal/juggernaut-flux-lora/requests/019f9a8a-8bb4-72f2-a110-3d25879ee97a/status?logs=false "HTTP/1.1 202 Accepted"
2026-07-25 19:33:09,584 [INFO] httpx: HTTP Request: GET https://queue.fal.run/rundiffusion-fal/juggernaut-flux-lora/requests/019f9a8a-8bb4-72f2-a110-3d25879ee97a/status?logs=false "HTTP/1.1 202 Accepted"
2026-07-25 19:33:09,942 [INFO] httpx: HTTP Request: GET https://queue.fal.run/rundiffusion-fal/juggernaut-flux-lora/requests/019f9a8a-8bb4-72f2-a110-3d25879ee97a/status?logs=false "HTTP/1.1 202 Accepted"
2026-07-25 19:33:10,299 [INFO] httpx: HTTP Request: GET https://queue.fal.run/rundiffusion-fal/juggernaut-flux-lora/requests/019f9a8a-8bb4-72f2-a110-3d25879ee97a/status?logs=false "HTTP/1.1 202 Accepted"
2026-07-25 19:33:10,660 [INFO] httpx: HTTP Request: GET https://queue.fal.run/rundiffusion-fal/juggernaut-flux-lora/requests/019f9a8a-8bb4-72f2-a110-3d25879ee97a/status?logs=false "HTTP/1.1 202 Accepted"
2026-07-25 19:33:11,027 [INFO] httpx: HTTP Request: GET https://queue.fal.run/rundiffusion-fal/juggernaut-flux-lora/requests/019f9a8a-8bb4-72f2-a110-3d25879ee97a/status?logs=false "HTTP/1.1 202 Accepted"
2026-07-25 19:33:11,383 [INFO] httpx: HTTP Request: GET https://queue.fal.run/rundiffusion-fal/juggernaut-flux-lora/requests/019f9a8a-8bb4-72f2-a110-3d25879ee97a/status?logs=false "HTTP/1.1 202 Accepted"
2026-07-25 19:33:11,739 [INFO] httpx: HTTP Request: GET https://queue.fal.run/rundiffusion-fal/juggernaut-flux-lora/requests/019f9a8a-8bb4-72f2-a110-3d25879ee97a/status?logs=false "HTTP/1.1 202 Accepted"
2026-07-25 19:33:12,098 [INFO] httpx: HTTP Request: GET https://queue.fal.run/rundiffusion-fal/juggernaut-flux-lora/requests/019f9a8a-8bb4-72f2-a110-3d25879ee97a/status?logs=false "HTTP/1.1 202 Accepted"
2026-07-25 19:33:12,450 [INFO] httpx: HTTP Request: GET https://queue.fal.run/rundiffusion-fal/juggernaut-flux-lora/requests/019f9a8a-8bb4-72f2-a110-3d25879ee97a/status?logs=false "HTTP/1.1 202 Accepted"
2026-07-25 19:33:12,805 [INFO] httpx: HTTP Request: GET https://queue.fal.run/rundiffusion-fal/juggernaut-flux-lora/requests/019f9a8a-8bb4-72f2-a110-3d25879ee97a/status?logs=false "HTTP/1.1 202 Accepted"
2026-07-25 19:33:13,169 [INFO] httpx: HTTP Request: GET https://queue.fal.run/rundiffusion-fal/juggernaut-flux-lora/requests/019f9a8a-8bb4-72f2-a110-3d25879ee97a/status?logs=false "HTTP/1.1 202 Accepted"
2026-07-25 19:33:13,528 [INFO] httpx: HTTP Request: GET https://queue.fal.run/rundiffusion-fal/juggernaut-flux-lora/requests/019f9a8a-8bb4-72f2-a110-3d25879ee97a/status?logs=false "HTTP/1.1 202 Accepted"
2026-07-25 19:33:13,891 [INFO] httpx: HTTP Request: GET https://queue.fal.run/rundiffusion-fal/juggernaut-flux-lora/requests/019f9a8a-8bb4-72f2-a110-3d25879ee97a/status?logs=false "HTTP/1.1 202 Accepted"
2026-07-25 19:33:14,251 [INFO] httpx: HTTP Request: GET https://queue.fal.run/rundiffusion-fal/juggernaut-flux-lora/requests/019f9a8a-8bb4-72f2-a110-3d25879ee97a/status?logs=false "HTTP/1.1 202 Accepted"
2026-07-25 19:33:14,663 [INFO] httpx: HTTP Request: GET https://queue.fal.run/rundiffusion-fal/juggernaut-flux-lora/requests/019f9a8a-8bb4-72f2-a110-3d25879ee97a/status?logs=false "HTTP/1.1 202 Accepted"
2026-07-25 19:33:15,030 [INFO] httpx: HTTP Request: GET https://queue.fal.run/rundiffusion-fal/juggernaut-flux-lora/requests/019f9a8a-8bb4-72f2-a110-3d25879ee97a/status?logs=false "HTTP/1.1 202 Accepted"
2026-07-25 19:33:15,386 [INFO] httpx: HTTP Request: GET https://queue.fal.run/rundiffusion-fal/juggernaut-flux-lora/requests/019f9a8a-8bb4-72f2-a110-3d25879ee97a/status?logs=false "HTTP/1.1 202 Accepted"
2026-07-25 19:33:15,749 [INFO] httpx: HTTP Request: GET https://queue.fal.run/rundiffusion-fal/juggernaut-flux-lora/requests/019f9a8a-8bb4-72f2-a110-3d25879ee97a/status?logs=false "HTTP/1.1 202 Accepted"
2026-07-25 19:33:16,106 [INFO] httpx: HTTP Request: GET https://queue.fal.run/rundiffusion-fal/juggernaut-flux-lora/requests/019f9a8a-8bb4-72f2-a110-3d25879ee97a/status?logs=false "HTTP/1.1 202 Accepted"
2026-07-25 19:33:16,465 [INFO] httpx: HTTP Request: GET https://queue.fal.run/rundiffusion-fal/juggernaut-flux-lora/requests/019f9a8a-8bb4-72f2-a110-3d25879ee97a/status?logs=false "HTTP/1.1 202 Accepted"
2026-07-25 19:33:16,827 [INFO] httpx: HTTP Request: GET https://queue.fal.run/rundiffusion-fal/juggernaut-flux-lora/requests/019f9a8a-8bb4-72f2-a110-3d25879ee97a/status?logs=false "HTTP/1.1 202 Accepted"
2026-07-25 19:33:17,180 [INFO] httpx: HTTP Request: GET https://queue.fal.run/rundiffusion-fal/juggernaut-flux-lora/requests/019f9a8a-8bb4-72f2-a110-3d25879ee97a/status?logs=false "HTTP/1.1 202 Accepted"
2026-07-25 19:33:17,540 [INFO] httpx: HTTP Request: GET https://queue.fal.run/rundiffusion-fal/juggernaut-flux-lora/requests/019f9a8a-8bb4-72f2-a110-3d25879ee97a/status?logs=false "HTTP/1.1 202 Accepted"
2026-07-25 19:33:17,887 [INFO] httpx: HTTP Request: GET https://queue.fal.run/rundiffusion-fal/juggernaut-flux-lora/requests/019f9a8a-8bb4-72f2-a110-3d25879ee97a/status?logs=false "HTTP/1.1 202 Accepted"
2026-07-25 19:33:18,237 [INFO] httpx: HTTP Request: GET https://queue.fal.run/rundiffusion-fal/juggernaut-flux-lora/requests/019f9a8a-8bb4-72f2-a110-3d25879ee97a/status?logs=false "HTTP/1.1 202 Accepted"
2026-07-25 19:33:18,602 [INFO] httpx: HTTP Request: GET https://queue.fal.run/rundiffusion-fal/juggernaut-flux-lora/requests/019f9a8a-8bb4-72f2-a110-3d25879ee97a/status?logs=false "HTTP/1.1 202 Accepted"
2026-07-25 19:33:18,970 [INFO] httpx: HTTP Request: GET https://queue.fal.run/rundiffusion-fal/juggernaut-flux-lora/requests/019f9a8a-8bb4-72f2-a110-3d25879ee97a/status?logs=false "HTTP/1.1 202 Accepted"
2026-07-25 19:33:19,328 [INFO] httpx: HTTP Request: GET https://queue.fal.run/rundiffusion-fal/juggernaut-flux-lora/requests/019f9a8a-8bb4-72f2-a110-3d25879ee97a/status?logs=false "HTTP/1.1 202 Accepted"
2026-07-25 19:33:19,690 [INFO] httpx: HTTP Request: GET https://queue.fal.run/rundiffusion-fal/juggernaut-flux-lora/requests/019f9a8a-8bb4-72f2-a110-3d25879ee97a/status?logs=false "HTTP/1.1 202 Accepted"
2026-07-25 19:33:20,051 [INFO] httpx: HTTP Request: GET https://queue.fal.run/rundiffusion-fal/juggernaut-flux-lora/requests/019f9a8a-8bb4-72f2-a110-3d25879ee97a/status?logs=false "HTTP/1.1 202 Accepted"
2026-07-25 19:33:20,411 [INFO] httpx: HTTP Request: GET https://queue.fal.run/rundiffusion-fal/juggernaut-flux-lora/requests/019f9a8a-8bb4-72f2-a110-3d25879ee97a/status?logs=false "HTTP/1.1 202 Accepted"
2026-07-25 19:33:20,775 [INFO] httpx: HTTP Request: GET https://queue.fal.run/rundiffusion-fal/juggernaut-flux-lora/requests/019f9a8a-8bb4-72f2-a110-3d25879ee97a/status?logs=false "HTTP/1.1 202 Accepted"
2026-07-25 19:33:21,133 [INFO] httpx: HTTP Request: GET https://queue.fal.run/rundiffusion-fal/juggernaut-flux-lora/requests/019f9a8a-8bb4-72f2-a110-3d25879ee97a/status?logs=false "HTTP/1.1 202 Accepted"
2026-07-25 19:33:21,552 [INFO] httpx: HTTP Request: GET https://queue.fal.run/rundiffusion-fal/juggernaut-flux-lora/requests/019f9a8a-8bb4-72f2-a110-3d25879ee97a/status?logs=false "HTTP/1.1 202 Accepted"
2026-07-25 19:33:21,937 [INFO] httpx: HTTP Request: GET https://queue.fal.run/rundiffusion-fal/juggernaut-flux-lora/requests/019f9a8a-8bb4-72f2-a110-3d25879ee97a/status?logs=false "HTTP/1.1 202 Accepted"
2026-07-25 19:33:22,291 [INFO] httpx: HTTP Request: GET https://queue.fal.run/rundiffusion-fal/juggernaut-flux-lora/requests/019f9a8a-8bb4-72f2-a110-3d25879ee97a/status?logs=false "HTTP/1.1 202 Accepted"
2026-07-25 19:33:22,642 [INFO] httpx: HTTP Request: GET https://queue.fal.run/rundiffusion-fal/juggernaut-flux-lora/requests/019f9a8a-8bb4-72f2-a110-3d25879ee97a/status?logs=false "HTTP/1.1 202 Accepted"
2026-07-25 19:33:23,003 [INFO] httpx: HTTP Request: GET https://queue.fal.run/rundiffusion-fal/juggernaut-flux-lora/requests/019f9a8a-8bb4-72f2-a110-3d25879ee97a/status?logs=false "HTTP/1.1 202 Accepted"
2026-07-25 19:33:23,369 [INFO] httpx: HTTP Request: GET https://queue.fal.run/rundiffusion-fal/juggernaut-flux-lora/requests/019f9a8a-8bb4-72f2-a110-3d25879ee97a/status?logs=false "HTTP/1.1 202 Accepted"
2026-07-25 19:33:23,736 [INFO] httpx: HTTP Request: GET https://queue.fal.run/rundiffusion-fal/juggernaut-flux-lora/requests/019f9a8a-8bb4-72f2-a110-3d25879ee97a/status?logs=false "HTTP/1.1 202 Accepted"
2026-07-25 19:33:24,107 [INFO] httpx: HTTP Request: GET https://queue.fal.run/rundiffusion-fal/juggernaut-flux-lora/requests/019f9a8a-8bb4-72f2-a110-3d25879ee97a/status?logs=false "HTTP/1.1 202 Accepted"
2026-07-25 19:33:24,447 [INFO] httpx: HTTP Request: GET https://queue.fal.run/rundiffusion-fal/juggernaut-flux-lora/requests/019f9a8a-8bb4-72f2-a110-3d25879ee97a/status?logs=false "HTTP/1.1 202 Accepted"
2026-07-25 19:33:24,807 [INFO] httpx: HTTP Request: GET https://queue.fal.run/rundiffusion-fal/juggernaut-flux-lora/requests/019f9a8a-8bb4-72f2-a110-3d25879ee97a/status?logs=false "HTTP/1.1 202 Accepted"
2026-07-25 19:33:25,165 [INFO] httpx: HTTP Request: GET https://queue.fal.run/rundiffusion-fal/juggernaut-flux-lora/requests/019f9a8a-8bb4-72f2-a110-3d25879ee97a/status?logs=false "HTTP/1.1 202 Accepted"
2026-07-25 19:33:25,525 [INFO] httpx: HTTP Request: GET https://queue.fal.run/rundiffusion-fal/juggernaut-flux-lora/requests/019f9a8a-8bb4-72f2-a110-3d25879ee97a/status?logs=false "HTTP/1.1 202 Accepted"
2026-07-25 19:33:25,893 [INFO] httpx: HTTP Request: GET https://queue.fal.run/rundiffusion-fal/juggernaut-flux-lora/requests/019f9a8a-8bb4-72f2-a110-3d25879ee97a/status?logs=false "HTTP/1.1 202 Accepted"
2026-07-25 19:33:26,240 [INFO] httpx: HTTP Request: GET https://queue.fal.run/rundiffusion-fal/juggernaut-flux-lora/requests/019f9a8a-8bb4-72f2-a110-3d25879ee97a/status?logs=false "HTTP/1.1 202 Accepted"
2026-07-25 19:33:26,593 [INFO] httpx: HTTP Request: GET https://queue.fal.run/rundiffusion-fal/juggernaut-flux-lora/requests/019f9a8a-8bb4-72f2-a110-3d25879ee97a/status?logs=false "HTTP/1.1 202 Accepted"
2026-07-25 19:33:26,951 [INFO] httpx: HTTP Request: GET https://queue.fal.run/rundiffusion-fal/juggernaut-flux-lora/requests/019f9a8a-8bb4-72f2-a110-3d25879ee97a/status?logs=false "HTTP/1.1 202 Accepted"
2026-07-25 19:33:27,319 [INFO] httpx: HTTP Request: GET https://queue.fal.run/rundiffusion-fal/juggernaut-flux-lora/requests/019f9a8a-8bb4-72f2-a110-3d25879ee97a/status?logs=false "HTTP/1.1 202 Accepted"
2026-07-25 19:33:27,683 [INFO] httpx: HTTP Request: GET https://queue.fal.run/rundiffusion-fal/juggernaut-flux-lora/requests/019f9a8a-8bb4-72f2-a110-3d25879ee97a/status?logs=false "HTTP/1.1 200 OK"
2026-07-25 19:33:27,792 [INFO] httpx: HTTP Request: GET https://queue.fal.run/rundiffusion-fal/juggernaut-flux-lora/requests/019f9a8a-8bb4-72f2-a110-3d25879ee97a "HTTP/1.1 200 OK"
2026-07-25 19:33:28,445 [INFO] httpx: HTTP Request: GET https://v3b.fal.media/files/b/0aa3b357/lqTDnwI1IWXJ-3POgoUXN.jpg "HTTP/1.1 200 OK"
2026-07-25 19:33:28,823 [INFO] pipeline.image_stage: Image generated in 198.4s
2026-07-25 19:33:28,824 [INFO] pipeline: [post_d0c16049] QC check (attempt 1)
2026-07-25 19:33:30,821 [INFO] pipeline.qc_stage: QC PASSED: 5 checks, 0 errors, 2 warnings
2026-07-25 19:33:30,821 [INFO] pipeline: [post_d0c16049] QC passed on attempt 1
2026-07-25 19:33:30,821 [INFO] pipeline: [post_d0c16049] Publishing to queue
2026-07-25 19:33:30,826 [INFO] pipeline.publish_stage: Queue saved: 3 entries
2026-07-25 19:33:30,826 [INFO] pipeline.publish_stage: Queue entry added: post_d0c16049 (status=qc_passed)
2026-07-25 19:33:30,826 [INFO] pipeline: [post_d0c16049] Complete: 201.5s, $0.0500, 3 stages, 0 errors
2026-07-25 19:36:20,053 [INFO] pipeline: Pipeline starting (dry_run=False, stages=['image', 'qc', 'publish'])
2026-07-25 19:36:20,055 [INFO] pipeline: Auto-selected tech: Ultra-wide lens distortion correction off, raw spherical edg
2026-07-25 19:36:20,056 [INFO] pipeline: [post_bda446a6] Image attempt 1/3
2026-07-25 19:36:20,056 [INFO] pipeline.image_stage: Image stage: seed=999 scene=walking through Soho London at night, neon signs and rain-sl
2026-07-25 19:36:20,490 [INFO] httpx: HTTP Request: POST https://queue.fal.run/rundiffusion-fal/juggernaut-flux-lora "HTTP/1.1 200 OK"
2026-07-25 19:36:20,605 [INFO] httpx: HTTP Request: GET https://queue.fal.run/rundiffusion-fal/juggernaut-flux-lora/requests/019f9a90-33b6-76b3-ad76-bd4a2db14f54/status?logs=false "HTTP/1.1 202 Accepted"
2026-07-25 19:36:20,967 [INFO] httpx: HTTP Request: GET https://queue.fal.run/rundiffusion-fal/juggernaut-flux-lora/requests/019f9a90-33b6-76b3-ad76-bd4a2db14f54/status?logs=false "HTTP/1.1 202 Accepted"
2026-07-25 19:36:21,317 [INFO] httpx: HTTP Request: GET https://queue.fal.run/rundiffusion-fal/juggernaut-flux-lora/requests/019f9a90-33b6-76b3-ad76-bd4a2db14f54/status?logs=false "HTTP/1.1 202 Accepted"
2026-07-25 19:36:21,696 [INFO] httpx: HTTP Request: GET https://queue.fal.run/rundiffusion-fal/juggernaut-flux-lora/requests/019f9a90-33b6-76b3-ad76-bd4a2db14f54/status?logs=false "HTTP/1.1 202 Accepted"
2026-07-25 19:36:22,056 [INFO] httpx: HTTP Request: GET https://queue.fal.run/rundiffusion-fal/juggernaut-flux-lora/requests/019f9a90-33b6-76b3-ad76-bd4a2db14f54/status?logs=false "HTTP/1.1 202 Accepted"
2026-07-25 19:36:22,417 [INFO] httpx: HTTP Request: GET https://queue.fal.run/rundiffusion-fal/juggernaut-flux-lora/requests/019f9a90-33b6-76b3-ad76-bd4a2db14f54/status?logs=false "HTTP/1.1 202 Accepted"
2026-07-25 19:36:22,796 [INFO] httpx: HTTP Request: GET https://queue.fal.run/rundiffusion-fal/juggernaut-flux-lora/requests/019f9a90-33b6-76b3-ad76-bd4a2db14f54/status?logs=false "HTTP/1.1 202 Accepted"
2026-07-25 19:36:23,160 [INFO] httpx: HTTP Request: GET https://queue.fal.run/rundiffusion-fal/juggernaut-flux-lora/requests/019f9a90-33b6-76b3-ad76-bd4a2db14f54/status?logs=false "HTTP/1.1 202 Accepted"
2026-07-25 19:36:23,521 [INFO] httpx: HTTP Request: GET https://queue.fal.run/rundiffusion-fal/juggernaut-flux-lora/requests/019f9a90-33b6-76b3-ad76-bd4a2db14f54/status?logs=false "HTTP/1.1 202 Accepted"
2026-07-25 19:36:23,883 [INFO] httpx: HTTP Request: GET https://queue.fal.run/rundiffusion-fal/juggernaut-flux-lora/requests/019f9a90-33b6-76b3-ad76-bd4a2db14f54/status?logs=false "HTTP/1.1 202 Accepted"
2026-07-25 19:36:24,238 [INFO] httpx: HTTP Request: GET https://queue.fal.run/rundiffusion-fal/juggernaut-flux-lora/requests/019f9a90-33b6-76b3-ad76-bd4a2db14f54/status?logs=false "HTTP/1.1 202 Accepted"
2026-07-25 19:36:24,454 [INFO] httpx: HTTP Request: GET https://queue.fal.run/rundiffusion-fal/juggernaut-flux-lora/requests/019f9a90-33b6-76b3-ad76-bd4a2db14f54/status?logs=false "HTTP/1.1 202 Accepted"
2026-07-25 19:36:24,700 [INFO] httpx: HTTP Request: GET https://queue.fal.run/rundiffusion-fal/juggernaut-flux-lora/requests/019f9a90-33b6-76b3-ad76-bd4a2db14f54/status?logs=false "HTTP/1.1 202 Accepted"
2026-07-25 19:36:25,007 [INFO] httpx: HTTP Request: GET https://queue.fal.run/rundiffusion-fal/juggernaut-flux-lora/requests/019f9a90-33b6-76b3-ad76-bd4a2db14f54/status?logs=false "HTTP/1.1 202 Accepted"
2026-07-25 19:36:25,375 [INFO] httpx: HTTP Request: GET https://queue.fal.run/rundiffusion-fal/juggernaut-flux-lora/requests/019f9a90-33b6-76b3-ad76-bd4a2db14f54/status?logs=false "HTTP/1.1 202 Accepted"
2026-07-25 19:36:25,736 [INFO] httpx: HTTP Request: GET https://queue.fal.run/rundiffusion-fal/juggernaut-flux-lora/requests/019f9a90-33b6-76b3-ad76-bd4a2db14f54/status?logs=false "HTTP/1.1 202 Accepted"
2026-07-25 19:36:26,101 [INFO] httpx: HTTP Request: GET https://queue.fal.run/rundiffusion-fal/juggernaut-flux-lora/requests/019f9a90-33b6-76b3-ad76-bd4a2db14f54/status?logs=false "HTTP/1.1 202 Accepted"
2026-07-25 19:36:26,460 [INFO] httpx: HTTP Request: GET https://queue.fal.run/rundiffusion-fal/juggernaut-flux-lora/requests/019f9a90-33b6-76b3-ad76-bd4a2db14f54/status?logs=false "HTTP/1.1 202 Accepted"
2026-07-25 19:36:26,818 [INFO] httpx: HTTP Request: GET https://queue.fal.run/rundiffusion-fal/juggernaut-flux-lora/requests/019f9a90-33b6-76b3-ad76-bd4a2db14f54/status?logs=false "HTTP/1.1 202 Accepted"
2026-07-25 19:36:27,189 [INFO] httpx: HTTP Request: GET https://queue.fal.run/rundiffusion-fal/juggernaut-flux-lora/requests/019f9a90-33b6-76b3-ad76-bd4a2db14f54/status?logs=false "HTTP/1.1 202 Accepted"
2026-07-25 19:36:27,551 [INFO] httpx: HTTP Request: GET https://queue.fal.run/rundiffusion-fal/juggernaut-flux-lora/requests/019f9a90-33b6-76b3-ad76-bd4a2db14f54/status?logs=false "HTTP/1.1 202 Accepted"
2026-07-25 19:36:27,912 [INFO] httpx: HTTP Request: GET https://queue.fal.run/rundiffusion-fal/juggernaut-flux-lora/requests/019f9a90-33b6-76b3-ad76-bd4a2db14f54/status?logs=false "HTTP/1.1 202 Accepted"
2026-07-25 19:36:28,279 [INFO] httpx: HTTP Request: GET https://queue.fal.run/rundiffusion-fal/juggernaut-flux-lora/requests/019f9a90-33b6-76b3-ad76-bd4a2db14f54/status?logs=false "HTTP/1.1 202 Accepted"
2026-07-25 19:36:28,626 [INFO] httpx: HTTP Request: GET https://queue.fal.run/rundiffusion-fal/juggernaut-flux-lora/requests/019f9a90-33b6-76b3-ad76-bd4a2db14f54/status?logs=false "HTTP/1.1 202 Accepted"
2026-07-25 19:36:28,990 [INFO] httpx: HTTP Request: GET https://queue.fal.run/rundiffusion-fal/juggernaut-flux-lora/requests/019f9a90-33b6-76b3-ad76-bd4a2db14f54/status?logs=false "HTTP/1.1 202 Accepted"
2026-07-25 19:36:29,353 [INFO] httpx: HTTP Request: GET https://queue.fal.run/rundiffusion-fal/juggernaut-flux-lora/requests/019f9a90-33b6-76b3-ad76-bd4a2db14f54/status?logs=false "HTTP/1.1 202 Accepted"
2026-07-25 19:36:29,704 [INFO] httpx: HTTP Request: GET https://queue.fal.run/rundiffusion-fal/juggernaut-flux-lora/requests/019f9a90-33b6-76b3-ad76-bd4a2db14f54/status?logs=false "HTTP/1.1 202 Accepted"
2026-07-25 19:36:30,067 [INFO] httpx: HTTP Request: GET https://queue.fal.run/rundiffusion-fal/juggernaut-flux-lora/requests/019f9a90-33b6-76b3-ad76-bd4a2db14f54/status?logs=false "HTTP/1.1 202 Accepted"
2026-07-25 19:36:30,434 [INFO] httpx: HTTP Request: GET https://queue.fal.run/rundiffusion-fal/juggernaut-flux-lora/requests/019f9a90-33b6-76b3-ad76-bd4a2db14f54/status?logs=false "HTTP/1.1 202 Accepted"
2026-07-25 19:36:30,789 [INFO] httpx: HTTP Request: GET https://queue.fal.run/rundiffusion-fal/juggernaut-flux-lora/requests/019f9a90-33b6-76b3-ad76-bd4a2db14f54/status?logs=false "HTTP/1.1 202 Accepted"
2026-07-25 19:36:31,143 [INFO] httpx: HTTP Request: GET https://queue.fal.run/rundiffusion-fal/juggernaut-flux-lora/requests/019f9a90-33b6-76b3-ad76-bd4a2db14f54/status?logs=false "HTTP/1.1 202 Accepted"
2026-07-25 19:36:31,495 [INFO] httpx: HTTP Request: GET https://queue.fal.run/rundiffusion-fal/juggernaut-flux-lora/requests/019f9a90-33b6-76b3-ad76-bd4a2db14f54/status?logs=false "HTTP/1.1 202 Accepted"
2026-07-25 19:36:31,852 [INFO] httpx: HTTP Request: GET https://queue.fal.run/rundiffusion-fal/juggernaut-flux-lora/requests/019f9a90-33b6-76b3-ad76-bd4a2db14f54/status?logs=false "HTTP/1.1 202 Accepted"
2026-07-25 19:36:32,216 [INFO] httpx: HTTP Request: GET https://queue.fal.run/rundiffusion-fal/juggernaut-flux-lora/requests/019f9a90-33b6-76b3-ad76-bd4a2db14f54/status?logs=false "HTTP/1.1 202 Accepted"
2026-07-25 19:36:32,607 [INFO] httpx: HTTP Request: GET https://queue.fal.run/rundiffusion-fal/juggernaut-flux-lora/requests/019f9a90-33b6-76b3-ad76-bd4a2db14f54/status?logs=false "HTTP/1.1 202 Accepted"
2026-07-25 19:36:32,969 [INFO] httpx: HTTP Request: GET https://queue.fal.run/rundiffusion-fal/juggernaut-flux-lora/requests/019f9a90-33b6-76b3-ad76-bd4a2db14f54/status?logs=false "HTTP/1.1 202 Accepted"
2026-07-25 19:36:33,324 [INFO] httpx: HTTP Request: GET https://queue.fal.run/rundiffusion-fal/juggernaut-flux-lora/requests/019f9a90-33b6-76b3-ad76-bd4a2db14f54/status?logs=false "HTTP/1.1 202 Accepted"
2026-07-25 19:36:33,685 [INFO] httpx: HTTP Request: GET https://queue.fal.run/rundiffusion-fal/juggernaut-flux-lora/requests/019f9a90-33b6-76b3-ad76-bd4a2db14f54/status?logs=false "HTTP/1.1 202 Accepted"
2026-07-25 19:36:34,051 [INFO] httpx: HTTP Request: GET https://queue.fal.run/rundiffusion-fal/juggernaut-flux-lora/requests/019f9a90-33b6-76b3-ad76-bd4a2db14f54/status?logs=false "HTTP/1.1 202 Accepted"
2026-07-25 19:36:34,414 [INFO] httpx: HTTP Request: GET https://queue.fal.run/rundiffusion-fal/juggernaut-flux-lora/requests/019f9a90-33b6-76b3-ad76-bd4a2db14f54/status?logs=false "HTTP/1.1 202 Accepted"
2026-07-25 19:36:34,775 [INFO] httpx: HTTP Request: GET https://queue.fal.run/rundiffusion-fal/juggernaut-flux-lora/requests/019f9a90-33b6-76b3-ad76-bd4a2db14f54/status?logs=false "HTTP/1.1 202 Accepted"
2026-07-25 19:36:35,135 [INFO] httpx: HTTP Request: GET https://queue.fal.run/rundiffusion-fal/juggernaut-flux-lora/requests/019f9a90-33b6-76b3-ad76-bd4a2db14f54/status?logs=false "HTTP/1.1 202 Accepted"
2026-07-25 19:36:35,493 [INFO] httpx: HTTP Request: GET https://queue.fal.run/rundiffusion-fal/juggernaut-flux-lora/requests/019f9a90-33b6-76b3-ad76-bd4a2db14f54/status?logs=false "HTTP/1.1 202 Accepted"
2026-07-25 19:36:35,854 [INFO] httpx: HTTP Request: GET https://queue.fal.run/rundiffusion-fal/juggernaut-flux-lora/requests/019f9a90-33b6-76b3-ad76-bd4a2db14f54/status?logs=false "HTTP/1.1 202 Accepted"
2026-07-25 19:36:36,216 [INFO] httpx: HTTP Request: GET https://queue.fal.run/rundiffusion-fal/juggernaut-flux-lora/requests/019f9a90-33b6-76b3-ad76-bd4a2db14f54/status?logs=false "HTTP/1.1 202 Accepted"
2026-07-25 19:36:36,576 [INFO] httpx: HTTP Request: GET https://queue.fal.run/rundiffusion-fal/juggernaut-flux-lora/requests/019f9a90-33b6-76b3-ad76-bd4a2db14f54/status?logs=false "HTTP/1.1 202 Accepted"
2026-07-25 19:36:36,935 [INFO] httpx: HTTP Request: GET https://queue.fal.run/rundiffusion-fal/juggernaut-flux-lora/requests/019f9a90-33b6-76b3-ad76-bd4a2db14f54/status?logs=false "HTTP/1.1 202 Accepted"
2026-07-25 19:36:37,264 [INFO] httpx: HTTP Request: GET https://queue.fal.run/rundiffusion-fal/juggernaut-flux-lora/requests/019f9a90-33b6-76b3-ad76-bd4a2db14f54/status?logs=false "HTTP/1.1 202 Accepted"
2026-07-25 19:36:37,626 [INFO] httpx: HTTP Request: GET https://queue.fal.run/rundiffusion-fal/juggernaut-flux-lora/requests/019f9a90-33b6-76b3-ad76-bd4a2db14f54/status?logs=false "HTTP/1.1 202 Accepted"
2026-07-25 19:36:37,989 [INFO] httpx: HTTP Request: GET https://queue.fal.run/rundiffusion-fal/juggernaut-flux-lora/requests/019f9a90-33b6-76b3-ad76-bd4a2db14f54/status?logs=false "HTTP/1.1 202 Accepted"
2026-07-25 19:36:38,355 [INFO] httpx: HTTP Request: GET https://queue.fal.run/rundiffusion-fal/juggernaut-flux-lora/requests/019f9a90-33b6-76b3-ad76-bd4a2db14f54/status?logs=false "HTTP/1.1 202 Accepted"
2026-07-25 19:36:38,717 [INFO] httpx: HTTP Request: GET https://queue.fal.run/rundiffusion-fal/juggernaut-flux-lora/requests/019f9a90-33b6-76b3-ad76-bd4a2db14f54/status?logs=false "HTTP/1.1 202 Accepted"
2026-07-25 19:36:39,079 [INFO] httpx: HTTP Request: GET https://queue.fal.run/rundiffusion-fal/juggernaut-flux-lora/requests/019f9a90-33b6-76b3-ad76-bd4a2db14f54/status?logs=false "HTTP/1.1 202 Accepted"
2026-07-25 19:36:39,438 [INFO] httpx: HTTP Request: GET https://queue.fal.run/rundiffusion-fal/juggernaut-flux-lora/requests/019f9a90-33b6-76b3-ad76-bd4a2db14f54/status?logs=false "HTTP/1.1 202 Accepted"
2026-07-25 19:36:39,796 [INFO] httpx: HTTP Request: GET https://queue.fal.run/rundiffusion-fal/juggernaut-flux-lora/requests/019f9a90-33b6-76b3-ad76-bd4a2db14f54/status?logs=false "HTTP/1.1 202 Accepted"
2026-07-25 19:36:40,155 [INFO] httpx: HTTP Request: GET https://queue.fal.run/rundiffusion-fal/juggernaut-flux-lora/requests/019f9a90-33b6-76b3-ad76-bd4a2db14f54/status?logs=false "HTTP/1.1 202 Accepted"
2026-07-25 19:36:40,521 [INFO] httpx: HTTP Request: GET https://queue.fal.run/rundiffusion-fal/juggernaut-flux-lora/requests/019f9a90-33b6-76b3-ad76-bd4a2db14f54/status?logs=false "HTTP/1.1 202 Accepted"
2026-07-25 19:36:40,887 [INFO] httpx: HTTP Request: GET https://queue.fal.run/rundiffusion-fal/juggernaut-flux-lora/requests/019f9a90-33b6-76b3-ad76-bd4a2db14f54/status?logs=false "HTTP/1.1 202 Accepted"
2026-07-25 19:36:41,247 [INFO] httpx: HTTP Request: GET https://queue.fal.run/rundiffusion-fal/juggernaut-flux-lora/requests/019f9a90-33b6-76b3-ad76-bd4a2db14f54/status?logs=false "HTTP/1.1 202 Accepted"
2026-07-25 19:36:41,597 [INFO] httpx: HTTP Request: GET https://queue.fal.run/rundiffusion-fal/juggernaut-flux-lora/requests/019f9a90-33b6-76b3-ad76-bd4a2db14f54/status?logs=false "HTTP/1.1 202 Accepted"
2026-07-25 19:36:41,959 [INFO] httpx: HTTP Request: GET https://queue.fal.run/rundiffusion-fal/juggernaut-flux-lora/requests/019f9a90-33b6-76b3-ad76-bd4a2db14f54/status?logs=false "HTTP/1.1 202 Accepted"
2026-07-25 19:36:42,313 [INFO] httpx: HTTP Request: GET https://queue.fal.run/rundiffusion-fal/juggernaut-flux-lora/requests/019f9a90-33b6-76b3-ad76-bd4a2db14f54/status?logs=false "HTTP/1.1 202 Accepted"
2026-07-25 19:36:42,670 [INFO] httpx: HTTP Request: GET https://queue.fal.run/rundiffusion-fal/juggernaut-flux-lora/requests/019f9a90-33b6-76b3-ad76-bd4a2db14f54/status?logs=false "HTTP/1.1 202 Accepted"
2026-07-25 19:36:43,028 [INFO] httpx: HTTP Request: GET https://queue.fal.run/rundiffusion-fal/juggernaut-flux-lora/requests/019f9a90-33b6-76b3-ad76-bd4a2db14f54/status?logs=false "HTTP/1.1 202 Accepted"
2026-07-25 19:36:43,394 [INFO] httpx: HTTP Request: GET https://queue.fal.run/rundiffusion-fal/juggernaut-flux-lora/requests/019f9a90-33b6-76b3-ad76-bd4a2db14f54/status?logs=false "HTTP/1.1 202 Accepted"
2026-07-25 19:36:43,761 [INFO] httpx: HTTP Request: GET https://queue.fal.run/rundiffusion-fal/juggernaut-flux-lora/requests/019f9a90-33b6-76b3-ad76-bd4a2db14f54/status?logs=false "HTTP/1.1 202 Accepted"
2026-07-25 19:36:44,122 [INFO] httpx: HTTP Request: GET https://queue.fal.run/rundiffusion-fal/juggernaut-flux-lora/requests/019f9a90-33b6-76b3-ad76-bd4a2db14f54/status?logs=false "HTTP/1.1 202 Accepted"
2026-07-25 19:36:44,480 [INFO] httpx: HTTP Request: GET https://queue.fal.run/rundiffusion-fal/juggernaut-flux-lora/requests/019f9a90-33b6-76b3-ad76-bd4a2db14f54/status?logs=false "HTTP/1.1 202 Accepted"
2026-07-25 19:36:44,849 [INFO] httpx: HTTP Request: GET https://queue.fal.run/rundiffusion-fal/juggernaut-flux-lora/requests/019f9a90-33b6-76b3-ad76-bd4a2db14f54/status?logs=false "HTTP/1.1 202 Accepted"
2026-07-25 19:36:45,212 [INFO] httpx: HTTP Request: GET https://queue.fal.run/rundiffusion-fal/juggernaut-flux-lora/requests/019f9a90-33b6-76b3-ad76-bd4a2db14f54/status?logs=false "HTTP/1.1 202 Accepted"
2026-07-25 19:36:45,547 [INFO] httpx: HTTP Request: GET https://queue.fal.run/rundiffusion-fal/juggernaut-flux-lora/requests/019f9a90-33b6-76b3-ad76-bd4a2db14f54/status?logs=false "HTTP/1.1 202 Accepted"
2026-07-25 19:36:45,891 [INFO] httpx: HTTP Request: GET https://queue.fal.run/rundiffusion-fal/juggernaut-flux-lora/requests/019f9a90-33b6-76b3-ad76-bd4a2db14f54/status?logs=false "HTTP/1.1 202 Accepted"
2026-07-25 19:36:46,260 [INFO] httpx: HTTP Request: GET https://queue.fal.run/rundiffusion-fal/juggernaut-flux-lora/requests/019f9a90-33b6-76b3-ad76-bd4a2db14f54/status?logs=false "HTTP/1.1 202 Accepted"
2026-07-25 19:36:46,621 [INFO] httpx: HTTP Request: GET https://queue.fal.run/rundiffusion-fal/juggernaut-flux-lora/requests/019f9a90-33b6-76b3-ad76-bd4a2db14f54/status?logs=false "HTTP/1.1 202 Accepted"
2026-07-25 19:36:46,946 [INFO] httpx: HTTP Request: GET https://queue.fal.run/rundiffusion-fal/juggernaut-flux-lora/requests/019f9a90-33b6-76b3-ad76-bd4a2db14f54/status?logs=false "HTTP/1.1 202 Accepted"
2026-07-25 19:36:47,298 [INFO] httpx: HTTP Request: GET https://queue.fal.run/rundiffusion-fal/juggernaut-flux-lora/requests/019f9a90-33b6-76b3-ad76-bd4a2db14f54/status?logs=false "HTTP/1.1 202 Accepted"
2026-07-25 19:36:47,659 [INFO] httpx: HTTP Request: GET https://queue.fal.run/rundiffusion-fal/juggernaut-flux-lora/requests/019f9a90-33b6-76b3-ad76-bd4a2db14f54/status?logs=false "HTTP/1.1 202 Accepted"
2026-07-25 19:36:48,014 [INFO] httpx: HTTP Request: GET https://queue.fal.run/rundiffusion-fal/juggernaut-flux-lora/requests/019f9a90-33b6-76b3-ad76-bd4a2db14f54/status?logs=false "HTTP/1.1 202 Accepted"
2026-07-25 19:36:48,367 [INFO] httpx: HTTP Request: GET https://queue.fal.run/rundiffusion-fal/juggernaut-flux-lora/requests/019f9a90-33b6-76b3-ad76-bd4a2db14f54/status?logs=false "HTTP/1.1 202 Accepted"
2026-07-25 19:36:48,722 [INFO] httpx: HTTP Request: GET https://queue.fal.run/rundiffusion-fal/juggernaut-flux-lora/requests/019f9a90-33b6-76b3-ad76-bd4a2db14f54/status?logs=false "HTTP/1.1 202 Accepted"
2026-07-25 19:36:49,085 [INFO] httpx: HTTP Request: GET https://queue.fal.run/rundiffusion-fal/juggernaut-flux-lora/requests/019f9a90-33b6-76b3-ad76-bd4a2db14f54/status?logs=false "HTTP/1.1 202 Accepted"
2026-07-25 19:36:49,448 [INFO] httpx: HTTP Request: GET https://queue.fal.run/rundiffusion-fal/juggernaut-flux-lora/requests/019f9a90-33b6-76b3-ad76-bd4a2db14f54/status?logs=false "HTTP/1.1 202 Accepted"
2026-07-25 19:36:49,813 [INFO] httpx: HTTP Request: GET https://queue.fal.run/rundiffusion-fal/juggernaut-flux-lora/requests/019f9a90-33b6-76b3-ad76-bd4a2db14f54/status?logs=false "HTTP/1.1 202 Accepted"
2026-07-25 19:36:50,179 [INFO] httpx: HTTP Request: GET https://queue.fal.run/rundiffusion-fal/juggernaut-flux-lora/requests/019f9a90-33b6-76b3-ad76-bd4a2db14f54/status?logs=false "HTTP/1.1 202 Accepted"
2026-07-25 19:36:50,531 [INFO] httpx: HTTP Request: GET https://queue.fal.run/rundiffusion-fal/juggernaut-flux-lora/requests/019f9a90-33b6-76b3-ad76-bd4a2db14f54/status?logs=false "HTTP/1.1 202 Accepted"
2026-07-25 19:36:50,895 [INFO] httpx: HTTP Request: GET https://queue.fal.run/rundiffusion-fal/juggernaut-flux-lora/requests/019f9a90-33b6-76b3-ad76-bd4a2db14f54/status?logs=false "HTTP/1.1 202 Accepted"
2026-07-25 19:36:51,257 [INFO] httpx: HTTP Request: GET https://queue.fal.run/rundiffusion-fal/juggernaut-flux-lora/requests/019f9a90-33b6-76b3-ad76-bd4a2db14f54/status?logs=false "HTTP/1.1 202 Accepted"
2026-07-25 19:36:51,615 [INFO] httpx: HTTP Request: GET https://queue.fal.run/rundiffusion-fal/juggernaut-flux-lora/requests/019f9a90-33b6-76b3-ad76-bd4a2db14f54/status?logs=false "HTTP/1.1 202 Accepted"
2026-07-25 19:36:51,979 [INFO] httpx: HTTP Request: GET https://queue.fal.run/rundiffusion-fal/juggernaut-flux-lora/requests/019f9a90-33b6-76b3-ad76-bd4a2db14f54/status?logs=false "HTTP/1.1 202 Accepted"
2026-07-25 19:36:52,346 [INFO] httpx: HTTP Request: GET https://queue.fal.run/rundiffusion-fal/juggernaut-flux-lora/requests/019f9a90-33b6-76b3-ad76-bd4a2db14f54/status?logs=false "HTTP/1.1 202 Accepted"
2026-07-25 19:36:52,712 [INFO] httpx: HTTP Request: GET https://queue.fal.run/rundiffusion-fal/juggernaut-flux-lora/requests/019f9a90-33b6-76b3-ad76-bd4a2db14f54/status?logs=false "HTTP/1.1 202 Accepted"
2026-07-25 19:36:53,073 [INFO] httpx: HTTP Request: GET https://queue.fal.run/rundiffusion-fal/juggernaut-flux-lora/requests/019f9a90-33b6-76b3-ad76-bd4a2db14f54/status?logs=false "HTTP/1.1 202 Accepted"
2026-07-25 19:36:53,434 [INFO] httpx: HTTP Request: GET https://queue.fal.run/rundiffusion-fal/juggernaut-flux-lora/requests/019f9a90-33b6-76b3-ad76-bd4a2db14f54/status?logs=false "HTTP/1.1 202 Accepted"
2026-07-25 19:36:53,796 [INFO] httpx: HTTP Request: GET https://queue.fal.run/rundiffusion-fal/juggernaut-flux-lora/requests/019f9a90-33b6-76b3-ad76-bd4a2db14f54/status?logs=false "HTTP/1.1 202 Accepted"
2026-07-25 19:36:54,164 [INFO] httpx: HTTP Request: GET https://queue.fal.run/rundiffusion-fal/juggernaut-flux-lora/requests/019f9a90-33b6-76b3-ad76-bd4a2db14f54/status?logs=false "HTTP/1.1 202 Accepted"
2026-07-25 19:36:54,529 [INFO] httpx: HTTP Request: GET https://queue.fal.run/rundiffusion-fal/juggernaut-flux-lora/requests/019f9a90-33b6-76b3-ad76-bd4a2db14f54/status?logs=false "HTTP/1.1 202 Accepted"
2026-07-25 19:36:54,888 [INFO] httpx: HTTP Request: GET https://queue.fal.run/rundiffusion-fal/juggernaut-flux-lora/requests/019f9a90-33b6-76b3-ad76-bd4a2db14f54/status?logs=false "HTTP/1.1 202 Accepted"
2026-07-25 19:36:55,247 [INFO] httpx: HTTP Request: GET https://queue.fal.run/rundiffusion-fal/juggernaut-flux-lora/requests/019f9a90-33b6-76b3-ad76-bd4a2db14f54/status?logs=false "HTTP/1.1 202 Accepted"
2026-07-25 19:36:55,613 [INFO] httpx: HTTP Request: GET https://queue.fal.run/rundiffusion-fal/juggernaut-flux-lora/requests/019f9a90-33b6-76b3-ad76-bd4a2db14f54/status?logs=false "HTTP/1.1 202 Accepted"
2026-07-25 19:36:55,969 [INFO] httpx: HTTP Request: GET https://queue.fal.run/rundiffusion-fal/juggernaut-flux-lora/requests/019f9a90-33b6-76b3-ad76-bd4a2db14f54/status?logs=false "HTTP/1.1 202 Accepted"
2026-07-25 19:36:56,333 [INFO] httpx: HTTP Request: GET https://queue.fal.run/rundiffusion-fal/juggernaut-flux-lora/requests/019f9a90-33b6-76b3-ad76-bd4a2db14f54/status?logs=false "HTTP/1.1 202 Accepted"
2026-07-25 19:36:56,701 [INFO] httpx: HTTP Request: GET https://queue.fal.run/rundiffusion-fal/juggernaut-flux-lora/requests/019f9a90-33b6-76b3-ad76-bd4a2db14f54/status?logs=false "HTTP/1.1 202 Accepted"
2026-07-25 19:36:57,062 [INFO] httpx: HTTP Request: GET https://queue.fal.run/rundiffusion-fal/juggernaut-flux-lora/requests/019f9a90-33b6-76b3-ad76-bd4a2db14f54/status?logs=false "HTTP/1.1 202 Accepted"
2026-07-25 19:36:57,404 [INFO] httpx: HTTP Request: GET https://queue.fal.run/rundiffusion-fal/juggernaut-flux-lora/requests/019f9a90-33b6-76b3-ad76-bd4a2db14f54/status?logs=false "HTTP/1.1 202 Accepted"
2026-07-25 19:36:57,772 [INFO] httpx: HTTP Request: GET https://queue.fal.run/rundiffusion-fal/juggernaut-flux-lora/requests/019f9a90-33b6-76b3-ad76-bd4a2db14f54/status?logs=false "HTTP/1.1 202 Accepted"
2026-07-25 19:36:58,129 [INFO] httpx: HTTP Request: GET https://queue.fal.run/rundiffusion-fal/juggernaut-flux-lora/requests/019f9a90-33b6-76b3-ad76-bd4a2db14f54/status?logs=false "HTTP/1.1 202 Accepted"
2026-07-25 19:36:58,454 [INFO] httpx: HTTP Request: GET https://queue.fal.run/rundiffusion-fal/juggernaut-flux-lora/requests/019f9a90-33b6-76b3-ad76-bd4a2db14f54/status?logs=false "HTTP/1.1 202 Accepted"
2026-07-25 19:36:58,807 [INFO] httpx: HTTP Request: GET https://queue.fal.run/rundiffusion-fal/juggernaut-flux-lora/requests/019f9a90-33b6-76b3-ad76-bd4a2db14f54/status?logs=false "HTTP/1.1 202 Accepted"
2026-07-25 19:36:59,156 [INFO] httpx: HTTP Request: GET https://queue.fal.run/rundiffusion-fal/juggernaut-flux-lora/requests/019f9a90-33b6-76b3-ad76-bd4a2db14f54/status?logs=false "HTTP/1.1 202 Accepted"
2026-07-25 19:36:59,520 [INFO] httpx: HTTP Request: GET https://queue.fal.run/rundiffusion-fal/juggernaut-flux-lora/requests/019f9a90-33b6-76b3-ad76-bd4a2db14f54/status?logs=false "HTTP/1.1 202 Accepted"
2026-07-25 19:36:59,878 [INFO] httpx: HTTP Request: GET https://queue.fal.run/rundiffusion-fal/juggernaut-flux-lora/requests/019f9a90-33b6-76b3-ad76-bd4a2db14f54/status?logs=false "HTTP/1.1 202 Accepted"
2026-07-25 19:37:00,238 [INFO] httpx: HTTP Request: GET https://queue.fal.run/rundiffusion-fal/juggernaut-flux-lora/requests/019f9a90-33b6-76b3-ad76-bd4a2db14f54/status?logs=false "HTTP/1.1 202 Accepted"
2026-07-25 19:37:00,602 [INFO] httpx: HTTP Request: GET https://queue.fal.run/rundiffusion-fal/juggernaut-flux-lora/requests/019f9a90-33b6-76b3-ad76-bd4a2db14f54/status?logs=false "HTTP/1.1 202 Accepted"
2026-07-25 19:37:00,954 [INFO] httpx: HTTP Request: GET https://queue.fal.run/rundiffusion-fal/juggernaut-flux-lora/requests/019f9a90-33b6-76b3-ad76-bd4a2db14f54/status?logs=false "HTTP/1.1 202 Accepted"
2026-07-25 19:37:01,305 [INFO] httpx: HTTP Request: GET https://queue.fal.run/rundiffusion-fal/juggernaut-flux-lora/requests/019f9a90-33b6-76b3-ad76-bd4a2db14f54/status?logs=false "HTTP/1.1 202 Accepted"
2026-07-25 19:37:01,520 [INFO] httpx: HTTP Request: GET https://queue.fal.run/rundiffusion-fal/juggernaut-flux-lora/requests/019f9a90-33b6-76b3-ad76-bd4a2db14f54/status?logs=false "HTTP/1.1 202 Accepted"
2026-07-25 19:37:01,877 [INFO] httpx: HTTP Request: GET https://queue.fal.run/rundiffusion-fal/juggernaut-flux-lora/requests/019f9a90-33b6-76b3-ad76-bd4a2db14f54/status?logs=false "HTTP/1.1 202 Accepted"
2026-07-25 19:37:02,236 [INFO] httpx: HTTP Request: GET https://queue.fal.run/rundiffusion-fal/juggernaut-flux-lora/requests/019f9a90-33b6-76b3-ad76-bd4a2db14f54/status?logs=false "HTTP/1.1 202 Accepted"
2026-07-25 19:37:02,632 [INFO] httpx: HTTP Request: GET https://queue.fal.run/rundiffusion-fal/juggernaut-flux-lora/requests/019f9a90-33b6-76b3-ad76-bd4a2db14f54/status?logs=false "HTTP/1.1 202 Accepted"
2026-07-25 19:37:02,996 [INFO] httpx: HTTP Request: GET https://queue.fal.run/rundiffusion-fal/juggernaut-flux-lora/requests/019f9a90-33b6-76b3-ad76-bd4a2db14f54/status?logs=false "HTTP/1.1 202 Accepted"
2026-07-25 19:37:03,355 [INFO] httpx: HTTP Request: GET https://queue.fal.run/rundiffusion-fal/juggernaut-flux-lora/requests/019f9a90-33b6-76b3-ad76-bd4a2db14f54/status?logs=false "HTTP/1.1 202 Accepted"
2026-07-25 19:37:03,720 [INFO] httpx: HTTP Request: GET https://queue.fal.run/rundiffusion-fal/juggernaut-flux-lora/requests/019f9a90-33b6-76b3-ad76-bd4a2db14f54/status?logs=false "HTTP/1.1 202 Accepted"
2026-07-25 19:37:04,077 [INFO] httpx: HTTP Request: GET https://queue.fal.run/rundiffusion-fal/juggernaut-flux-lora/requests/019f9a90-33b6-76b3-ad76-bd4a2db14f54/status?logs=false "HTTP/1.1 202 Accepted"
2026-07-25 19:37:04,325 [INFO] httpx: HTTP Request: GET https://queue.fal.run/rundiffusion-fal/juggernaut-flux-lora/requests/019f9a90-33b6-76b3-ad76-bd4a2db14f54/status?logs=false "HTTP/1.1 202 Accepted"
2026-07-25 19:37:04,651 [INFO] httpx: HTTP Request: GET https://queue.fal.run/rundiffusion-fal/juggernaut-flux-lora/requests/019f9a90-33b6-76b3-ad76-bd4a2db14f54/status?logs=false "HTTP/1.1 202 Accepted"
2026-07-25 19:37:05,013 [INFO] httpx: HTTP Request: GET https://queue.fal.run/rundiffusion-fal/juggernaut-flux-lora/requests/019f9a90-33b6-76b3-ad76-bd4a2db14f54/status?logs=false "HTTP/1.1 202 Accepted"
2026-07-25 19:37:05,364 [INFO] httpx: HTTP Request: GET https://queue.fal.run/rundiffusion-fal/juggernaut-flux-lora/requests/019f9a90-33b6-76b3-ad76-bd4a2db14f54/status?logs=false "HTTP/1.1 202 Accepted"
2026-07-25 19:37:05,727 [INFO] httpx: HTTP Request: GET https://queue.fal.run/rundiffusion-fal/juggernaut-flux-lora/requests/019f9a90-33b6-76b3-ad76-bd4a2db14f54/status?logs=false "HTTP/1.1 202 Accepted"
2026-07-25 19:37:06,090 [INFO] httpx: HTTP Request: GET https://queue.fal.run/rundiffusion-fal/juggernaut-flux-lora/requests/019f9a90-33b6-76b3-ad76-bd4a2db14f54/status?logs=false "HTTP/1.1 202 Accepted"
2026-07-25 19:37:06,451 [INFO] httpx: HTTP Request: GET https://queue.fal.run/rundiffusion-fal/juggernaut-flux-lora/requests/019f9a90-33b6-76b3-ad76-bd4a2db14f54/status?logs=false "HTTP/1.1 202 Accepted"
2026-07-25 19:37:06,796 [INFO] httpx: HTTP Request: GET https://queue.fal.run/rundiffusion-fal/juggernaut-flux-lora/requests/019f9a90-33b6-76b3-ad76-bd4a2db14f54/status?logs=false "HTTP/1.1 202 Accepted"
2026-07-25 19:37:07,151 [INFO] httpx: HTTP Request: GET https://queue.fal.run/rundiffusion-fal/juggernaut-flux-lora/requests/019f9a90-33b6-76b3-ad76-bd4a2db14f54/status?logs=false "HTTP/1.1 202 Accepted"
2026-07-25 19:37:07,503 [INFO] httpx: HTTP Request: GET https://queue.fal.run/rundiffusion-fal/juggernaut-flux-lora/requests/019f9a90-33b6-76b3-ad76-bd4a2db14f54/status?logs=false "HTTP/1.1 202 Accepted"
2026-07-25 19:37:07,863 [INFO] httpx: HTTP Request: GET https://queue.fal.run/rundiffusion-fal/juggernaut-flux-lora/requests/019f9a90-33b6-76b3-ad76-bd4a2db14f54/status?logs=false "HTTP/1.1 202 Accepted"
2026-07-25 19:37:08,232 [INFO] httpx: HTTP Request: GET https://queue.fal.run/rundiffusion-fal/juggernaut-flux-lora/requests/019f9a90-33b6-76b3-ad76-bd4a2db14f54/status?logs=false "HTTP/1.1 202 Accepted"
2026-07-25 19:37:08,594 [INFO] httpx: HTTP Request: GET https://queue.fal.run/rundiffusion-fal/juggernaut-flux-lora/requests/019f9a90-33b6-76b3-ad76-bd4a2db14f54/status?logs=false "HTTP/1.1 202 Accepted"
2026-07-25 19:37:08,940 [INFO] httpx: HTTP Request: GET https://queue.fal.run/rundiffusion-fal/juggernaut-flux-lora/requests/019f9a90-33b6-76b3-ad76-bd4a2db14f54/status?logs=false "HTTP/1.1 202 Accepted"
2026-07-25 19:37:09,295 [INFO] httpx: HTTP Request: GET https://queue.fal.run/rundiffusion-fal/juggernaut-flux-lora/requests/019f9a90-33b6-76b3-ad76-bd4a2db14f54/status?logs=false "HTTP/1.1 202 Accepted"
2026-07-25 19:37:09,660 [INFO] httpx: HTTP Request: GET https://queue.fal.run/rundiffusion-fal/juggernaut-flux-lora/requests/019f9a90-33b6-76b3-ad76-bd4a2db14f54/status?logs=false "HTTP/1.1 202 Accepted"
2026-07-25 19:37:10,024 [INFO] httpx: HTTP Request: GET https://queue.fal.run/rundiffusion-fal/juggernaut-flux-lora/requests/019f9a90-33b6-76b3-ad76-bd4a2db14f54/status?logs=false "HTTP/1.1 202 Accepted"
2026-07-25 19:37:10,385 [INFO] httpx: HTTP Request: GET https://queue.fal.run/rundiffusion-fal/juggernaut-flux-lora/requests/019f9a90-33b6-76b3-ad76-bd4a2db14f54/status?logs=false "HTTP/1.1 202 Accepted"
2026-07-25 19:37:10,750 [INFO] httpx: HTTP Request: GET https://queue.fal.run/rundiffusion-fal/juggernaut-flux-lora/requests/019f9a90-33b6-76b3-ad76-bd4a2db14f54/status?logs=false "HTTP/1.1 202 Accepted"
2026-07-25 19:37:11,111 [INFO] httpx: HTTP Request: GET https://queue.fal.run/rundiffusion-fal/juggernaut-flux-lora/requests/019f9a90-33b6-76b3-ad76-bd4a2db14f54/status?logs=false "HTTP/1.1 202 Accepted"
2026-07-25 19:37:11,475 [INFO] httpx: HTTP Request: GET https://queue.fal.run/rundiffusion-fal/juggernaut-flux-lora/requests/019f9a90-33b6-76b3-ad76-bd4a2db14f54/status?logs=false "HTTP/1.1 202 Accepted"
2026-07-25 19:37:11,837 [INFO] httpx: HTTP Request: GET https://queue.fal.run/rundiffusion-fal/juggernaut-flux-lora/requests/019f9a90-33b6-76b3-ad76-bd4a2db14f54/status?logs=false "HTTP/1.1 202 Accepted"
2026-07-25 19:37:12,196 [INFO] httpx: HTTP Request: GET https://queue.fal.run/rundiffusion-fal/juggernaut-flux-lora/requests/019f9a90-33b6-76b3-ad76-bd4a2db14f54/status?logs=false "HTTP/1.1 202 Accepted"
2026-07-25 19:37:12,550 [INFO] httpx: HTTP Request: GET https://queue.fal.run/rundiffusion-fal/juggernaut-flux-lora/requests/019f9a90-33b6-76b3-ad76-bd4a2db14f54/status?logs=false "HTTP/1.1 202 Accepted"
2026-07-25 19:37:12,916 [INFO] httpx: HTTP Request: GET https://queue.fal.run/rundiffusion-fal/juggernaut-flux-lora/requests/019f9a90-33b6-76b3-ad76-bd4a2db14f54/status?logs=false "HTTP/1.1 202 Accepted"
2026-07-25 19:37:13,278 [INFO] httpx: HTTP Request: GET https://queue.fal.run/rundiffusion-fal/juggernaut-flux-lora/requests/019f9a90-33b6-76b3-ad76-bd4a2db14f54/status?logs=false "HTTP/1.1 202 Accepted"
2026-07-25 19:37:13,638 [INFO] httpx: HTTP Request: GET https://queue.fal.run/rundiffusion-fal/juggernaut-flux-lora/requests/019f9a90-33b6-76b3-ad76-bd4a2db14f54/status?logs=false "HTTP/1.1 202 Accepted"
2026-07-25 19:37:14,009 [INFO] httpx: HTTP Request: GET https://queue.fal.run/rundiffusion-fal/juggernaut-flux-lora/requests/019f9a90-33b6-76b3-ad76-bd4a2db14f54/status?logs=false "HTTP/1.1 202 Accepted"
2026-07-25 19:37:14,368 [INFO] httpx: HTTP Request: GET https://queue.fal.run/rundiffusion-fal/juggernaut-flux-lora/requests/019f9a90-33b6-76b3-ad76-bd4a2db14f54/status?logs=false "HTTP/1.1 202 Accepted"
2026-07-25 19:37:14,724 [INFO] httpx: HTTP Request: GET https://queue.fal.run/rundiffusion-fal/juggernaut-flux-lora/requests/019f9a90-33b6-76b3-ad76-bd4a2db14f54/status?logs=false "HTTP/1.1 202 Accepted"
2026-07-25 19:37:15,077 [INFO] httpx: HTTP Request: GET https://queue.fal.run/rundiffusion-fal/juggernaut-flux-lora/requests/019f9a90-33b6-76b3-ad76-bd4a2db14f54/status?logs=false "HTTP/1.1 202 Accepted"
2026-07-25 19:37:15,439 [INFO] httpx: HTTP Request: GET https://queue.fal.run/rundiffusion-fal/juggernaut-flux-lora/requests/019f9a90-33b6-76b3-ad76-bd4a2db14f54/status?logs=false "HTTP/1.1 202 Accepted"
2026-07-25 19:37:15,809 [INFO] httpx: HTTP Request: GET https://queue.fal.run/rundiffusion-fal/juggernaut-flux-lora/requests/019f9a90-33b6-76b3-ad76-bd4a2db14f54/status?logs=false "HTTP/1.1 202 Accepted"
2026-07-25 19:37:16,179 [INFO] httpx: HTTP Request: GET https://queue.fal.run/rundiffusion-fal/juggernaut-flux-lora/requests/019f9a90-33b6-76b3-ad76-bd4a2db14f54/status?logs=false "HTTP/1.1 202 Accepted"
2026-07-25 19:37:16,548 [INFO] httpx: HTTP Request: GET https://queue.fal.run/rundiffusion-fal/juggernaut-flux-lora/requests/019f9a90-33b6-76b3-ad76-bd4a2db14f54/status?logs=false "HTTP/1.1 202 Accepted"
2026-07-25 19:37:16,896 [INFO] httpx: HTTP Request: GET https://queue.fal.run/rundiffusion-fal/juggernaut-flux-lora/requests/019f9a90-33b6-76b3-ad76-bd4a2db14f54/status?logs=false "HTTP/1.1 202 Accepted"
2026-07-25 19:37:17,247 [INFO] httpx: HTTP Request: GET https://queue.fal.run/rundiffusion-fal/juggernaut-flux-lora/requests/019f9a90-33b6-76b3-ad76-bd4a2db14f54/status?logs=false "HTTP/1.1 202 Accepted"
2026-07-25 19:37:17,613 [INFO] httpx: HTTP Request: GET https://queue.fal.run/rundiffusion-fal/juggernaut-flux-lora/requests/019f9a90-33b6-76b3-ad76-bd4a2db14f54/status?logs=false "HTTP/1.1 202 Accepted"
2026-07-25 19:37:17,983 [INFO] httpx: HTTP Request: GET https://queue.fal.run/rundiffusion-fal/juggernaut-flux-lora/requests/019f9a90-33b6-76b3-ad76-bd4a2db14f54/status?logs=false "HTTP/1.1 202 Accepted"
2026-07-25 19:37:18,329 [INFO] httpx: HTTP Request: GET https://queue.fal.run/rundiffusion-fal/juggernaut-flux-lora/requests/019f9a90-33b6-76b3-ad76-bd4a2db14f54/status?logs=false "HTTP/1.1 202 Accepted"
2026-07-25 19:37:18,689 [INFO] httpx: HTTP Request: GET https://queue.fal.run/rundiffusion-fal/juggernaut-flux-lora/requests/019f9a90-33b6-76b3-ad76-bd4a2db14f54/status?logs=false "HTTP/1.1 202 Accepted"
2026-07-25 19:37:19,049 [INFO] httpx: HTTP Request: GET https://queue.fal.run/rundiffusion-fal/juggernaut-flux-lora/requests/019f9a90-33b6-76b3-ad76-bd4a2db14f54/status?logs=false "HTTP/1.1 202 Accepted"
2026-07-25 19:37:19,411 [INFO] httpx: HTTP Request: GET https://queue.fal.run/rundiffusion-fal/juggernaut-flux-lora/requests/019f9a90-33b6-76b3-ad76-bd4a2db14f54/status?logs=false "HTTP/1.1 202 Accepted"
2026-07-25 19:37:19,778 [INFO] httpx: HTTP Request: GET https://queue.fal.run/rundiffusion-fal/juggernaut-flux-lora/requests/019f9a90-33b6-76b3-ad76-bd4a2db14f54/status?logs=false "HTTP/1.1 202 Accepted"
2026-07-25 19:37:20,139 [INFO] httpx: HTTP Request: GET https://queue.fal.run/rundiffusion-fal/juggernaut-flux-lora/requests/019f9a90-33b6-76b3-ad76-bd4a2db14f54/status?logs=false "HTTP/1.1 202 Accepted"
2026-07-25 19:37:20,500 [INFO] httpx: HTTP Request: GET https://queue.fal.run/rundiffusion-fal/juggernaut-flux-lora/requests/019f9a90-33b6-76b3-ad76-bd4a2db14f54/status?logs=false "HTTP/1.1 202 Accepted"
2026-07-25 19:37:20,865 [INFO] httpx: HTTP Request: GET https://queue.fal.run/rundiffusion-fal/juggernaut-flux-lora/requests/019f9a90-33b6-76b3-ad76-bd4a2db14f54/status?logs=false "HTTP/1.1 202 Accepted"
2026-07-25 19:37:21,222 [INFO] httpx: HTTP Request: GET https://queue.fal.run/rundiffusion-fal/juggernaut-flux-lora/requests/019f9a90-33b6-76b3-ad76-bd4a2db14f54/status?logs=false "HTTP/1.1 202 Accepted"
2026-07-25 19:37:21,577 [INFO] httpx: HTTP Request: GET https://queue.fal.run/rundiffusion-fal/juggernaut-flux-lora/requests/019f9a90-33b6-76b3-ad76-bd4a2db14f54/status?logs=false "HTTP/1.1 202 Accepted"
2026-07-25 19:37:21,938 [INFO] httpx: HTTP Request: GET https://queue.fal.run/rundiffusion-fal/juggernaut-flux-lora/requests/019f9a90-33b6-76b3-ad76-bd4a2db14f54/status?logs=false "HTTP/1.1 202 Accepted"
2026-07-25 19:37:22,299 [INFO] httpx: HTTP Request: GET https://queue.fal.run/rundiffusion-fal/juggernaut-flux-lora/requests/019f9a90-33b6-76b3-ad76-bd4a2db14f54/status?logs=false "HTTP/1.1 202 Accepted"
2026-07-25 19:37:22,652 [INFO] httpx: HTTP Request: GET https://queue.fal.run/rundiffusion-fal/juggernaut-flux-lora/requests/019f9a90-33b6-76b3-ad76-bd4a2db14f54/status?logs=false "HTTP/1.1 202 Accepted"
2026-07-25 19:37:23,014 [INFO] httpx: HTTP Request: GET https://queue.fal.run/rundiffusion-fal/juggernaut-flux-lora/requests/019f9a90-33b6-76b3-ad76-bd4a2db14f54/status?logs=false "HTTP/1.1 202 Accepted"
2026-07-25 19:37:23,370 [INFO] httpx: HTTP Request: GET https://queue.fal.run/rundiffusion-fal/juggernaut-flux-lora/requests/019f9a90-33b6-76b3-ad76-bd4a2db14f54/status?logs=false "HTTP/1.1 202 Accepted"
2026-07-25 19:37:23,734 [INFO] httpx: HTTP Request: GET https://queue.fal.run/rundiffusion-fal/juggernaut-flux-lora/requests/019f9a90-33b6-76b3-ad76-bd4a2db14f54/status?logs=false "HTTP/1.1 202 Accepted"
2026-07-25 19:37:24,100 [INFO] httpx: HTTP Request: GET https://queue.fal.run/rundiffusion-fal/juggernaut-flux-lora/requests/019f9a90-33b6-76b3-ad76-bd4a2db14f54/status?logs=false "HTTP/1.1 202 Accepted"
2026-07-25 19:37:24,456 [INFO] httpx: HTTP Request: GET https://queue.fal.run/rundiffusion-fal/juggernaut-flux-lora/requests/019f9a90-33b6-76b3-ad76-bd4a2db14f54/status?logs=false "HTTP/1.1 202 Accepted"
2026-07-25 19:37:24,806 [INFO] httpx: HTTP Request: GET https://queue.fal.run/rundiffusion-fal/juggernaut-flux-lora/requests/019f9a90-33b6-76b3-ad76-bd4a2db14f54/status?logs=false "HTTP/1.1 202 Accepted"
2026-07-25 19:37:25,179 [INFO] httpx: HTTP Request: GET https://queue.fal.run/rundiffusion-fal/juggernaut-flux-lora/requests/019f9a90-33b6-76b3-ad76-bd4a2db14f54/status?logs=false "HTTP/1.1 202 Accepted"
2026-07-25 19:37:25,540 [INFO] httpx: HTTP Request: GET https://queue.fal.run/rundiffusion-fal/juggernaut-flux-lora/requests/019f9a90-33b6-76b3-ad76-bd4a2db14f54/status?logs=false "HTTP/1.1 202 Accepted"
2026-07-25 19:37:25,903 [INFO] httpx: HTTP Request: GET https://queue.fal.run/rundiffusion-fal/juggernaut-flux-lora/requests/019f9a90-33b6-76b3-ad76-bd4a2db14f54/status?logs=false "HTTP/1.1 202 Accepted"
2026-07-25 19:37:26,264 [INFO] httpx: HTTP Request: GET https://queue.fal.run/rundiffusion-fal/juggernaut-flux-lora/requests/019f9a90-33b6-76b3-ad76-bd4a2db14f54/status?logs=false "HTTP/1.1 202 Accepted"
2026-07-25 19:37:26,626 [INFO] httpx: HTTP Request: GET https://queue.fal.run/rundiffusion-fal/juggernaut-flux-lora/requests/019f9a90-33b6-76b3-ad76-bd4a2db14f54/status?logs=false "HTTP/1.1 202 Accepted"
2026-07-25 19:37:26,972 [INFO] httpx: HTTP Request: GET https://queue.fal.run/rundiffusion-fal/juggernaut-flux-lora/requests/019f9a90-33b6-76b3-ad76-bd4a2db14f54/status?logs=false "HTTP/1.1 202 Accepted"
2026-07-25 19:37:27,333 [INFO] httpx: HTTP Request: GET https://queue.fal.run/rundiffusion-fal/juggernaut-flux-lora/requests/019f9a90-33b6-76b3-ad76-bd4a2db14f54/status?logs=false "HTTP/1.1 202 Accepted"
2026-07-25 19:37:27,693 [INFO] httpx: HTTP Request: GET https://queue.fal.run/rundiffusion-fal/juggernaut-flux-lora/requests/019f9a90-33b6-76b3-ad76-bd4a2db14f54/status?logs=false "HTTP/1.1 202 Accepted"
2026-07-25 19:37:28,048 [INFO] httpx: HTTP Request: GET https://queue.fal.run/rundiffusion-fal/juggernaut-flux-lora/requests/019f9a90-33b6-76b3-ad76-bd4a2db14f54/status?logs=false "HTTP/1.1 202 Accepted"
2026-07-25 19:37:28,414 [INFO] httpx: HTTP Request: GET https://queue.fal.run/rundiffusion-fal/juggernaut-flux-lora/requests/019f9a90-33b6-76b3-ad76-bd4a2db14f54/status?logs=false "HTTP/1.1 202 Accepted"
2026-07-25 19:37:29,098 [INFO] httpx: HTTP Request: GET https://queue.fal.run/rundiffusion-fal/juggernaut-flux-lora/requests/019f9a90-33b6-76b3-ad76-bd4a2db14f54/status?logs=false "HTTP/1.1 202 Accepted"
2026-07-25 19:37:29,459 [INFO] httpx: HTTP Request: GET https://queue.fal.run/rundiffusion-fal/juggernaut-flux-lora/requests/019f9a90-33b6-76b3-ad76-bd4a2db14f54/status?logs=false "HTTP/1.1 202 Accepted"
2026-07-25 19:37:29,813 [INFO] httpx: HTTP Request: GET https://queue.fal.run/rundiffusion-fal/juggernaut-flux-lora/requests/019f9a90-33b6-76b3-ad76-bd4a2db14f54/status?logs=false "HTTP/1.1 202 Accepted"
2026-07-25 19:37:30,174 [INFO] httpx: HTTP Request: GET https://queue.fal.run/rundiffusion-fal/juggernaut-flux-lora/requests/019f9a90-33b6-76b3-ad76-bd4a2db14f54/status?logs=false "HTTP/1.1 202 Accepted"
2026-07-25 19:37:30,534 [INFO] httpx: HTTP Request: GET https://queue.fal.run/rundiffusion-fal/juggernaut-flux-lora/requests/019f9a90-33b6-76b3-ad76-bd4a2db14f54/status?logs=false "HTTP/1.1 202 Accepted"
2026-07-25 19:37:30,897 [INFO] httpx: HTTP Request: GET https://queue.fal.run/rundiffusion-fal/juggernaut-flux-lora/requests/019f9a90-33b6-76b3-ad76-bd4a2db14f54/status?logs=false "HTTP/1.1 202 Accepted"
2026-07-25 19:37:31,259 [INFO] httpx: HTTP Request: GET https://queue.fal.run/rundiffusion-fal/juggernaut-flux-lora/requests/019f9a90-33b6-76b3-ad76-bd4a2db14f54/status?logs=false "HTTP/1.1 202 Accepted"
2026-07-25 19:37:31,619 [INFO] httpx: HTTP Request: GET https://queue.fal.run/rundiffusion-fal/juggernaut-flux-lora/requests/019f9a90-33b6-76b3-ad76-bd4a2db14f54/status?logs=false "HTTP/1.1 202 Accepted"
2026-07-25 19:37:31,979 [INFO] httpx: HTTP Request: GET https://queue.fal.run/rundiffusion-fal/juggernaut-flux-lora/requests/019f9a90-33b6-76b3-ad76-bd4a2db14f54/status?logs=false "HTTP/1.1 202 Accepted"
2026-07-25 19:37:32,338 [INFO] httpx: HTTP Request: GET https://queue.fal.run/rundiffusion-fal/juggernaut-flux-lora/requests/019f9a90-33b6-76b3-ad76-bd4a2db14f54/status?logs=false "HTTP/1.1 202 Accepted"
2026-07-25 19:37:32,702 [INFO] httpx: HTTP Request: GET https://queue.fal.run/rundiffusion-fal/juggernaut-flux-lora/requests/019f9a90-33b6-76b3-ad76-bd4a2db14f54/status?logs=false "HTTP/1.1 202 Accepted"
2026-07-25 19:37:33,069 [INFO] httpx: HTTP Request: GET https://queue.fal.run/rundiffusion-fal/juggernaut-flux-lora/requests/019f9a90-33b6-76b3-ad76-bd4a2db14f54/status?logs=false "HTTP/1.1 202 Accepted"
2026-07-25 19:37:33,418 [INFO] httpx: HTTP Request: GET https://queue.fal.run/rundiffusion-fal/juggernaut-flux-lora/requests/019f9a90-33b6-76b3-ad76-bd4a2db14f54/status?logs=false "HTTP/1.1 202 Accepted"
2026-07-25 19:37:33,778 [INFO] httpx: HTTP Request: GET https://queue.fal.run/rundiffusion-fal/juggernaut-flux-lora/requests/019f9a90-33b6-76b3-ad76-bd4a2db14f54/status?logs=false "HTTP/1.1 202 Accepted"
2026-07-25 19:37:34,142 [INFO] httpx: HTTP Request: GET https://queue.fal.run/rundiffusion-fal/juggernaut-flux-lora/requests/019f9a90-33b6-76b3-ad76-bd4a2db14f54/status?logs=false "HTTP/1.1 202 Accepted"
2026-07-25 19:37:34,505 [INFO] httpx: HTTP Request: GET https://queue.fal.run/rundiffusion-fal/juggernaut-flux-lora/requests/019f9a90-33b6-76b3-ad76-bd4a2db14f54/status?logs=false "HTTP/1.1 202 Accepted"
2026-07-25 19:37:34,896 [INFO] httpx: HTTP Request: GET https://queue.fal.run/rundiffusion-fal/juggernaut-flux-lora/requests/019f9a90-33b6-76b3-ad76-bd4a2db14f54/status?logs=false "HTTP/1.1 202 Accepted"
2026-07-25 19:37:35,260 [INFO] httpx: HTTP Request: GET https://queue.fal.run/rundiffusion-fal/juggernaut-flux-lora/requests/019f9a90-33b6-76b3-ad76-bd4a2db14f54/status?logs=false "HTTP/1.1 202 Accepted"
2026-07-25 19:37:35,622 [INFO] httpx: HTTP Request: GET https://queue.fal.run/rundiffusion-fal/juggernaut-flux-lora/requests/019f9a90-33b6-76b3-ad76-bd4a2db14f54/status?logs=false "HTTP/1.1 202 Accepted"
2026-07-25 19:37:35,979 [INFO] httpx: HTTP Request: GET https://queue.fal.run/rundiffusion-fal/juggernaut-flux-lora/requests/019f9a90-33b6-76b3-ad76-bd4a2db14f54/status?logs=false "HTTP/1.1 202 Accepted"
2026-07-25 19:37:36,342 [INFO] httpx: HTTP Request: GET https://queue.fal.run/rundiffusion-fal/juggernaut-flux-lora/requests/019f9a90-33b6-76b3-ad76-bd4a2db14f54/status?logs=false "HTTP/1.1 202 Accepted"
2026-07-25 19:37:36,693 [INFO] httpx: HTTP Request: GET https://queue.fal.run/rundiffusion-fal/juggernaut-flux-lora/requests/019f9a90-33b6-76b3-ad76-bd4a2db14f54/status?logs=false "HTTP/1.1 202 Accepted"
2026-07-25 19:37:37,041 [INFO] httpx: HTTP Request: GET https://queue.fal.run/rundiffusion-fal/juggernaut-flux-lora/requests/019f9a90-33b6-76b3-ad76-bd4a2db14f54/status?logs=false "HTTP/1.1 202 Accepted"
2026-07-25 19:37:37,403 [INFO] httpx: HTTP Request: GET https://queue.fal.run/rundiffusion-fal/juggernaut-flux-lora/requests/019f9a90-33b6-76b3-ad76-bd4a2db14f54/status?logs=false "HTTP/1.1 202 Accepted"
2026-07-25 19:37:37,762 [INFO] httpx: HTTP Request: GET https://queue.fal.run/rundiffusion-fal/juggernaut-flux-lora/requests/019f9a90-33b6-76b3-ad76-bd4a2db14f54/status?logs=false "HTTP/1.1 202 Accepted"
2026-07-25 19:37:38,046 [INFO] httpx: HTTP Request: GET https://queue.fal.run/rundiffusion-fal/juggernaut-flux-lora/requests/019f9a90-33b6-76b3-ad76-bd4a2db14f54/status?logs=false "HTTP/1.1 202 Accepted"
2026-07-25 19:37:38,404 [INFO] httpx: HTTP Request: GET https://queue.fal.run/rundiffusion-fal/juggernaut-flux-lora/requests/019f9a90-33b6-76b3-ad76-bd4a2db14f54/status?logs=false "HTTP/1.1 202 Accepted"
2026-07-25 19:37:38,757 [INFO] httpx: HTTP Request: GET https://queue.fal.run/rundiffusion-fal/juggernaut-flux-lora/requests/019f9a90-33b6-76b3-ad76-bd4a2db14f54/status?logs=false "HTTP/1.1 202 Accepted"
2026-07-25 19:37:39,125 [INFO] httpx: HTTP Request: GET https://queue.fal.run/rundiffusion-fal/juggernaut-flux-lora/requests/019f9a90-33b6-76b3-ad76-bd4a2db14f54/status?logs=false "HTTP/1.1 202 Accepted"
2026-07-25 19:37:39,486 [INFO] httpx: HTTP Request: GET https://queue.fal.run/rundiffusion-fal/juggernaut-flux-lora/requests/019f9a90-33b6-76b3-ad76-bd4a2db14f54/status?logs=false "HTTP/1.1 202 Accepted"
2026-07-25 19:37:39,848 [INFO] httpx: HTTP Request: GET https://queue.fal.run/rundiffusion-fal/juggernaut-flux-lora/requests/019f9a90-33b6-76b3-ad76-bd4a2db14f54/status?logs=false "HTTP/1.1 202 Accepted"
2026-07-25 19:37:40,201 [INFO] httpx: HTTP Request: GET https://queue.fal.run/rundiffusion-fal/juggernaut-flux-lora/requests/019f9a90-33b6-76b3-ad76-bd4a2db14f54/status?logs=false "HTTP/1.1 202 Accepted"
2026-07-25 19:37:40,545 [INFO] httpx: HTTP Request: GET https://queue.fal.run/rundiffusion-fal/juggernaut-flux-lora/requests/019f9a90-33b6-76b3-ad76-bd4a2db14f54/status?logs=false "HTTP/1.1 202 Accepted"
2026-07-25 19:37:40,904 [INFO] httpx: HTTP Request: GET https://queue.fal.run/rundiffusion-fal/juggernaut-flux-lora/requests/019f9a90-33b6-76b3-ad76-bd4a2db14f54/status?logs=false "HTTP/1.1 202 Accepted"
2026-07-25 19:37:41,263 [INFO] httpx: HTTP Request: GET https://queue.fal.run/rundiffusion-fal/juggernaut-flux-lora/requests/019f9a90-33b6-76b3-ad76-bd4a2db14f54/status?logs=false "HTTP/1.1 202 Accepted"
2026-07-25 19:37:41,622 [INFO] httpx: HTTP Request: GET https://queue.fal.run/rundiffusion-fal/juggernaut-flux-lora/requests/019f9a90-33b6-76b3-ad76-bd4a2db14f54/status?logs=false "HTTP/1.1 202 Accepted"
2026-07-25 19:37:41,984 [INFO] httpx: HTTP Request: GET https://queue.fal.run/rundiffusion-fal/juggernaut-flux-lora/requests/019f9a90-33b6-76b3-ad76-bd4a2db14f54/status?logs=false "HTTP/1.1 202 Accepted"
2026-07-25 19:37:42,371 [INFO] httpx: HTTP Request: GET https://queue.fal.run/rundiffusion-fal/juggernaut-flux-lora/requests/019f9a90-33b6-76b3-ad76-bd4a2db14f54/status?logs=false "HTTP/1.1 202 Accepted"
2026-07-25 19:37:42,734 [INFO] httpx: HTTP Request: GET https://queue.fal.run/rundiffusion-fal/juggernaut-flux-lora/requests/019f9a90-33b6-76b3-ad76-bd4a2db14f54/status?logs=false "HTTP/1.1 202 Accepted"
2026-07-25 19:37:43,080 [INFO] httpx: HTTP Request: GET https://queue.fal.run/rundiffusion-fal/juggernaut-flux-lora/requests/019f9a90-33b6-76b3-ad76-bd4a2db14f54/status?logs=false "HTTP/1.1 202 Accepted"
2026-07-25 19:37:43,438 [INFO] httpx: HTTP Request: GET https://queue.fal.run/rundiffusion-fal/juggernaut-flux-lora/requests/019f9a90-33b6-76b3-ad76-bd4a2db14f54/status?logs=false "HTTP/1.1 202 Accepted"
2026-07-25 19:37:43,763 [INFO] httpx: HTTP Request: GET https://queue.fal.run/rundiffusion-fal/juggernaut-flux-lora/requests/019f9a90-33b6-76b3-ad76-bd4a2db14f54/status?logs=false "HTTP/1.1 202 Accepted"
2026-07-25 19:37:44,101 [INFO] httpx: HTTP Request: GET https://queue.fal.run/rundiffusion-fal/juggernaut-flux-lora/requests/019f9a90-33b6-76b3-ad76-bd4a2db14f54/status?logs=false "HTTP/1.1 202 Accepted"
2026-07-25 19:37:44,465 [INFO] httpx: HTTP Request: GET https://queue.fal.run/rundiffusion-fal/juggernaut-flux-lora/requests/019f9a90-33b6-76b3-ad76-bd4a2db14f54/status?logs=false "HTTP/1.1 202 Accepted"
2026-07-25 19:37:44,828 [INFO] httpx: HTTP Request: GET https://queue.fal.run/rundiffusion-fal/juggernaut-flux-lora/requests/019f9a90-33b6-76b3-ad76-bd4a2db14f54/status?logs=false "HTTP/1.1 202 Accepted"
2026-07-25 19:37:45,188 [INFO] httpx: HTTP Request: GET https://queue.fal.run/rundiffusion-fal/juggernaut-flux-lora/requests/019f9a90-33b6-76b3-ad76-bd4a2db14f54/status?logs=false "HTTP/1.1 202 Accepted"
2026-07-25 19:37:45,545 [INFO] httpx: HTTP Request: GET https://queue.fal.run/rundiffusion-fal/juggernaut-flux-lora/requests/019f9a90-33b6-76b3-ad76-bd4a2db14f54/status?logs=false "HTTP/1.1 202 Accepted"
2026-07-25 19:37:45,905 [INFO] httpx: HTTP Request: GET https://queue.fal.run/rundiffusion-fal/juggernaut-flux-lora/requests/019f9a90-33b6-76b3-ad76-bd4a2db14f54/status?logs=false "HTTP/1.1 202 Accepted"
2026-07-25 19:37:46,262 [INFO] httpx: HTTP Request: GET https://queue.fal.run/rundiffusion-fal/juggernaut-flux-lora/requests/019f9a90-33b6-76b3-ad76-bd4a2db14f54/status?logs=false "HTTP/1.1 202 Accepted"
2026-07-25 19:37:46,624 [INFO] httpx: HTTP Request: GET https://queue.fal.run/rundiffusion-fal/juggernaut-flux-lora/requests/019f9a90-33b6-76b3-ad76-bd4a2db14f54/status?logs=false "HTTP/1.1 202 Accepted"
2026-07-25 19:37:46,978 [INFO] httpx: HTTP Request: GET https://queue.fal.run/rundiffusion-fal/juggernaut-flux-lora/requests/019f9a90-33b6-76b3-ad76-bd4a2db14f54/status?logs=false "HTTP/1.1 202 Accepted"
2026-07-25 19:37:47,337 [INFO] httpx: HTTP Request: GET https://queue.fal.run/rundiffusion-fal/juggernaut-flux-lora/requests/019f9a90-33b6-76b3-ad76-bd4a2db14f54/status?logs=false "HTTP/1.1 202 Accepted"
2026-07-25 19:37:47,697 [INFO] httpx: HTTP Request: GET https://queue.fal.run/rundiffusion-fal/juggernaut-flux-lora/requests/019f9a90-33b6-76b3-ad76-bd4a2db14f54/status?logs=false "HTTP/1.1 202 Accepted"
2026-07-25 19:37:48,055 [INFO] httpx: HTTP Request: GET https://queue.fal.run/rundiffusion-fal/juggernaut-flux-lora/requests/019f9a90-33b6-76b3-ad76-bd4a2db14f54/status?logs=false "HTTP/1.1 202 Accepted"
2026-07-25 19:37:48,397 [INFO] httpx: HTTP Request: GET https://queue.fal.run/rundiffusion-fal/juggernaut-flux-lora/requests/019f9a90-33b6-76b3-ad76-bd4a2db14f54/status?logs=false "HTTP/1.1 202 Accepted"
2026-07-25 19:37:48,756 [INFO] httpx: HTTP Request: GET https://queue.fal.run/rundiffusion-fal/juggernaut-flux-lora/requests/019f9a90-33b6-76b3-ad76-bd4a2db14f54/status?logs=false "HTTP/1.1 202 Accepted"
2026-07-25 19:37:49,114 [INFO] httpx: HTTP Request: GET https://queue.fal.run/rundiffusion-fal/juggernaut-flux-lora/requests/019f9a90-33b6-76b3-ad76-bd4a2db14f54/status?logs=false "HTTP/1.1 202 Accepted"
2026-07-25 19:37:49,480 [INFO] httpx: HTTP Request: GET https://queue.fal.run/rundiffusion-fal/juggernaut-flux-lora/requests/019f9a90-33b6-76b3-ad76-bd4a2db14f54/status?logs=false "HTTP/1.1 202 Accepted"
2026-07-25 19:37:49,843 [INFO] httpx: HTTP Request: GET https://queue.fal.run/rundiffusion-fal/juggernaut-flux-lora/requests/019f9a90-33b6-76b3-ad76-bd4a2db14f54/status?logs=false "HTTP/1.1 202 Accepted"
2026-07-25 19:37:50,206 [INFO] httpx: HTTP Request: GET https://queue.fal.run/rundiffusion-fal/juggernaut-flux-lora/requests/019f9a90-33b6-76b3-ad76-bd4a2db14f54/status?logs=false "HTTP/1.1 202 Accepted"
2026-07-25 19:37:50,568 [INFO] httpx: HTTP Request: GET https://queue.fal.run/rundiffusion-fal/juggernaut-flux-lora/requests/019f9a90-33b6-76b3-ad76-bd4a2db14f54/status?logs=false "HTTP/1.1 202 Accepted"
2026-07-25 19:37:50,899 [INFO] httpx: HTTP Request: GET https://queue.fal.run/rundiffusion-fal/juggernaut-flux-lora/requests/019f9a90-33b6-76b3-ad76-bd4a2db14f54/status?logs=false "HTTP/1.1 202 Accepted"
2026-07-25 19:37:51,250 [INFO] httpx: HTTP Request: GET https://queue.fal.run/rundiffusion-fal/juggernaut-flux-lora/requests/019f9a90-33b6-76b3-ad76-bd4a2db14f54/status?logs=false "HTTP/1.1 202 Accepted"
2026-07-25 19:37:51,608 [INFO] httpx: HTTP Request: GET https://queue.fal.run/rundiffusion-fal/juggernaut-flux-lora/requests/019f9a90-33b6-76b3-ad76-bd4a2db14f54/status?logs=false "HTTP/1.1 202 Accepted"
2026-07-25 19:37:51,973 [INFO] httpx: HTTP Request: GET https://queue.fal.run/rundiffusion-fal/juggernaut-flux-lora/requests/019f9a90-33b6-76b3-ad76-bd4a2db14f54/status?logs=false "HTTP/1.1 202 Accepted"
2026-07-25 19:37:52,325 [INFO] httpx: HTTP Request: GET https://queue.fal.run/rundiffusion-fal/juggernaut-flux-lora/requests/019f9a90-33b6-76b3-ad76-bd4a2db14f54/status?logs=false "HTTP/1.1 202 Accepted"
2026-07-25 19:37:52,685 [INFO] httpx: HTTP Request: GET https://queue.fal.run/rundiffusion-fal/juggernaut-flux-lora/requests/019f9a90-33b6-76b3-ad76-bd4a2db14f54/status?logs=false "HTTP/1.1 202 Accepted"
2026-07-25 19:37:53,076 [INFO] httpx: HTTP Request: GET https://queue.fal.run/rundiffusion-fal/juggernaut-flux-lora/requests/019f9a90-33b6-76b3-ad76-bd4a2db14f54/status?logs=false "HTTP/1.1 202 Accepted"
2026-07-25 19:37:53,440 [INFO] httpx: HTTP Request: GET https://queue.fal.run/rundiffusion-fal/juggernaut-flux-lora/requests/019f9a90-33b6-76b3-ad76-bd4a2db14f54/status?logs=false "HTTP/1.1 202 Accepted"
2026-07-25 19:37:53,806 [INFO] httpx: HTTP Request: GET https://queue.fal.run/rundiffusion-fal/juggernaut-flux-lora/requests/019f9a90-33b6-76b3-ad76-bd4a2db14f54/status?logs=false "HTTP/1.1 202 Accepted"
2026-07-25 19:37:54,173 [INFO] httpx: HTTP Request: GET https://queue.fal.run/rundiffusion-fal/juggernaut-flux-lora/requests/019f9a90-33b6-76b3-ad76-bd4a2db14f54/status?logs=false "HTTP/1.1 202 Accepted"
2026-07-25 19:37:54,539 [INFO] httpx: HTTP Request: GET https://queue.fal.run/rundiffusion-fal/juggernaut-flux-lora/requests/019f9a90-33b6-76b3-ad76-bd4a2db14f54/status?logs=false "HTTP/1.1 202 Accepted"
2026-07-25 19:37:54,903 [INFO] httpx: HTTP Request: GET https://queue.fal.run/rundiffusion-fal/juggernaut-flux-lora/requests/019f9a90-33b6-76b3-ad76-bd4a2db14f54/status?logs=false "HTTP/1.1 202 Accepted"
2026-07-25 19:37:55,264 [INFO] httpx: HTTP Request: GET https://queue.fal.run/rundiffusion-fal/juggernaut-flux-lora/requests/019f9a90-33b6-76b3-ad76-bd4a2db14f54/status?logs=false "HTTP/1.1 202 Accepted"
2026-07-25 19:37:55,604 [INFO] httpx: HTTP Request: GET https://queue.fal.run/rundiffusion-fal/juggernaut-flux-lora/requests/019f9a90-33b6-76b3-ad76-bd4a2db14f54/status?logs=false "HTTP/1.1 202 Accepted"
2026-07-25 19:37:55,969 [INFO] httpx: HTTP Request: GET https://queue.fal.run/rundiffusion-fal/juggernaut-flux-lora/requests/019f9a90-33b6-76b3-ad76-bd4a2db14f54/status?logs=false "HTTP/1.1 202 Accepted"
2026-07-25 19:37:56,327 [INFO] httpx: HTTP Request: GET https://queue.fal.run/rundiffusion-fal/juggernaut-flux-lora/requests/019f9a90-33b6-76b3-ad76-bd4a2db14f54/status?logs=false "HTTP/1.1 202 Accepted"
2026-07-25 19:37:56,695 [INFO] httpx: HTTP Request: GET https://queue.fal.run/rundiffusion-fal/juggernaut-flux-lora/requests/019f9a90-33b6-76b3-ad76-bd4a2db14f54/status?logs=false "HTTP/1.1 200 OK"
2026-07-25 19:37:56,813 [INFO] httpx: HTTP Request: GET https://queue.fal.run/rundiffusion-fal/juggernaut-flux-lora/requests/019f9a90-33b6-76b3-ad76-bd4a2db14f54 "HTTP/1.1 200 OK"
2026-07-25 19:37:57,314 [INFO] httpx: HTTP Request: GET https://v3b.fal.media/files/b/0aa3b372/_-yVv_J2u2MysUzSvGLL4.jpg "HTTP/1.1 200 OK"
2026-07-25 19:37:57,824 [INFO] pipeline.image_stage: Image generated in 96.7s
2026-07-25 19:37:57,824 [INFO] pipeline: [post_bda446a6] QC check (attempt 1)
2026-07-25 19:37:59,429 [INFO] pipeline.qc_stage: QC PASSED: 5 checks, 0 errors, 1 warnings
2026-07-25 19:37:59,430 [INFO] pipeline: [post_bda446a6] QC passed on attempt 1
2026-07-25 19:37:59,430 [INFO] pipeline: [post_bda446a6] Publishing to queue
2026-07-25 19:37:59,433 [INFO] pipeline.publish_stage: Queue saved: 4 entries
2026-07-25 19:37:59,433 [INFO] pipeline.publish_stage: Queue entry added: post_bda446a6 (status=qc_passed)
2026-07-25 19:37:59,433 [INFO] pipeline: [post_bda446a6] Complete: 99.4s, $0.0500, 3 stages, 0 errors
